id,question_id,question,failure_category,framework,version,control_id,bm25_rank
1,2,What must an organization enforce regarding logical access to its information and systems?,Generic Phrasing,NIST_800-53,rev5,AC-3,4
2,4,How must a system be configured to handle consecutive invalid logon attempts?,Generic Phrasing,NIST_800-53,rev5,AC-7,2
3,12,What information must each audit record contain to support after-the-fact investigation of security incidents?,Generic Phrasing,NIST_800-53,rev5,AU-3,3
4,19,What are the primary responsibilities of an authorizing official regarding system authorization and risk determination?,Terminology Mismatch,NIST_800-53,rev5,CA-6,2
5,21,What are the lifecycle requirements for system baseline configurations?,Terminology Mismatch,NIST_800-53,rev5,CM-2,2
6,22,What must an organization do to manage configuration-controlled changes?,Generic Phrasing,NIST_800-53,rev5,CM-3,2
7,23,What should be analyzed before implementing a system change?,Generic Phrasing,NIST_800-53,rev5,CM-4,5
8,25,"What are the requirements for developing, maintaining, and updating a system component inventory?",Terminology Mismatch,NIST_800-53,rev5,CM-8,9
9,39,What information should organizations maintain and analyze when documenting and reviewing security incidents?,Generic Phrasing,NIST_800-53,rev5,IR-5,5
10,41,What are the key considerations for a controlled system maintenance program?,Terminology Mismatch,NIST_800-53,rev5,MA-2,3
11,44,What process should be established for authorizing maintenance personnel and ensuring appropriate escorting and access control during maintenance?,Generic Phrasing,NIST_800-53,rev5,MA-5,2
12,56,What is the guidance of control PL-2?,Generic Phrasing,NIST_800-53,rev5,PL-2,9
13,59,What should security and privacy architectures describe to ensure protection of information and integration with the enterprise architecture?,Generic Phrasing,NIST_800-53,rev5,PL-8,2
14,60,"How does the concept of tailoring allow organizations to customize control baselines to their mission, environment, and risk profile?",Semantic Gap,NIST_800-53,rev5,PL-10,2
15,64,"What considerations must be incorporated into the enterprise architecture to address security, privacy, and risk?",Generic Phrasing,NIST_800-53,rev5,PM-7,2
16,65,"What are the key components of an organization's risk management strategy, and how should it be implemented and updated?",Terminology Mismatch,NIST_800-53,rev5,PM-9,2
17,68,What steps must be taken when an individual's employment or role is terminated?,Terminology Mismatch,NIST_800-53,rev5,PS-4,2
18,72,"What must organizations identify and document about the purposes and conditions for collecting, using, and sharing PII, and how should they handle changes to those purposes?",Terminology Mismatch,NIST_800-53,rev5,PT-3,2
19,76,"What steps are required to categorize a system and its information, and who must approve the decision?",Terminology Mismatch,NIST_800-53,rev5,RA-2,4
20,77,"How should organizations conduct and document risk assessments, and how often should the results be reviewed?",Generic Phrasing,NIST_800-53,rev5,RA-3,2
21,85,What are developers required to produce and correct under a system's security and privacy assessment plan?,Generic Phrasing,NIST_800-53,rev5,SA-11,2
22,87,What measures should be implemented to protect the confidentiality and integrity of transmitted information across internal and external networks?,Terminology Mismatch,NIST_800-53,rev5,SC-8,2
23,89,"How should cryptographic mechanisms be selected and implemented to comply with applicable laws, policies, and standards?",Terminology Mismatch,NIST_800-53,rev5,SC-13,3
24,6,What audit record contents are the system required to generate?,Generic Phrasing,NIST_800-53,rev4,AU-3,3
25,9,What does CM-2 require regarding the baseline configuration of the information system?,Generic Phrasing,NIST_800-53,rev4,CM-2,4
26,10,What are the requirements for establishing and documenting configuration settings?,Terminology Mismatch,NIST_800-53,rev4,CM-6,6
27,11,What does CP-2 require in developing a contingency plan for the information system?,Generic Phrasing,NIST_800-53,rev4,CP-2,3
28,13,What identification and authentication requirement does IA-2 specify for organizational users?,Terminology Mismatch,NIST_800-53,rev4,IA-2,2
29,15,What incident handling capability does IR-4 require the organization to implement?,Generic Phrasing,NIST_800-53,rev4,IR-4,7
30,19,What does MP-4 require for protecting information system media?,Generic Phrasing,NIST_800-53,rev4,MP-4,2
31,22,What does PE-6 require regarding monitoring physical access to the facility?,Generic Phrasing,NIST_800-53,rev4,PE-6,3
32,25,What does PM-1 require regarding an organization-wide information security program plan?,Generic Phrasing,NIST_800-53,rev4,PM-1,2
33,30,"What does RA-5 require for scanning vulnerabilities, including frequency and trigger conditions?",Terminology Mismatch,NIST_800-53,rev4,RA-5,2
34,35,"What does SI-2 require for identifying, reporting, and correcting system flaws?",Generic Phrasing,NIST_800-53,rev4,SI-2,2