query_id,revision,rule_version,review_id,review_method,contract_checks_pass,contract_errors,exact_provenance,complete_parameter_accounting,provenance_errors,accounting_errors,citation_use,answer_coverage,claim_faithfulness,parameter_semantics,full_retention_certificate,semantic_findings,strict_pass,semantic_uncertain,system,question,runtime_contract_pass,full_gold_clause_coverage,evidence_window_sha256
1,rev4,strict-pass-v1,50ab51c5606b3ac685ae8365ad1b17dd4e743a9b525c223c1ec92aafef5fe609,full_retention_certificate,True,[],True,True,[],[],pass,pass,pass,pass,True,[],True,False,compliancegpt_4bit,What does AC-2 require the organization to do when managing information system accounts?,True,True,32fca30404a517e023068393135eaba2217ff08b03afff4c0848d1b456914e19
2,rev4,strict-pass-v1,8d24dbf540287d669cf70918081cd2839117866302b96d760254130d97c70807,full_retention_certificate,True,[],True,True,[],[],pass,pass,pass,pass,True,[],True,False,compliancegpt_4bit,What principle does AC-6 require the organization to employ for user/system access?,True,True,939310284612f6a95d4bed49910bd92b4b1333af96d5f0d988004084f4c655d1
3,rev4,strict-pass-v1,b08c55b14c2c2d66c874c09838a18df92e6143c21d7bce66ff736ae9508500ae,full_retention_certificate,True,[],True,True,[],[],pass,pass,pass,pass,True,[],True,False,compliancegpt_4bit,What security awareness training must the organization provide and when?,True,True,b4c354981dac3175cfbecd1f8853e7642ebaf73f151ac315d5cdfd0920a82e7b
4,rev4,strict-pass-v1,d7faba3ddb1e09f7ff8f147426102b4cfef72ded5a80b49440f3468a4721c67d,contract_failure_short_circuit,False,"[""MissedDocIds:['at-3_smt']""]",True,True,[],[],not_required,not_required,not_required,not_required,False,[],False,False,compliancegpt_4bit,What are the requirements for role-based security training and timing of delivery?,True,False,963a65749912603c85832a6724f04a4a33cd28169191320c27ffdc4bf2ce49fd
5,rev4,strict-pass-v1,60a6ed930c59bf0a1917bdb9258ad0306e451a578640e8f698327cf83be7cd66,full_retention_certificate,True,[],True,True,[],[],pass,pass,pass,pass,True,[],True,False,compliancegpt_4bit,What must the organization determine about events within the information system?,True,True,297cdd1d6ceb70726ecff03b692973be2afe4c131449f76fc2f48f9801ff0b71
6,rev4,strict-pass-v1,38178838f2dd0df7274fc647c473426451dde2011de0cd84c66fad9388346c79,full_retention_certificate,True,[],True,True,[],[],pass,pass,pass,pass,True,[],True,False,compliancegpt_4bit,What audit record contents are the system required to generate?,True,True,22a36c8bc9bc553633c5825a8bfbc8998eca5b9b3c7e56fd0cc7b705f8e3404b
7,rev4,strict-pass-v1,7ea1bcadea21eedb7ea312b3bff543b3375cdbcd5f0ff135c30d0e636a27bb59,full_retention_certificate,True,[],True,True,[],[],pass,pass,pass,pass,True,[],True,False,compliancegpt_4bit,What are the requirements regarding assessment of security controls and frequency?,True,True,51ca86f012522fe92acbe54d01311b57623c9e66463df0cb3560e660a62a2e40
8,rev4,strict-pass-v1,77dc465473751f64bcc17e37ae9a93071e6d8e1d661c9f7883dc5c91366c12b3,full_retention_certificate,True,[],True,True,[],[],pass,pass,pass,pass,True,[],True,False,compliancegpt_4bit,What elements must be included in the continuous monitoring strategy and program?,True,True,edcc0d58c8c4e3c25a6ccbbe947f29d159616edc75c89b324c512823d279866d
9,rev4,strict-pass-v1,1b14c397ec2515399dd9de7a66d00ad8c8eb1a882da662c207c1feff1fe65a43,full_retention_certificate,True,[],True,True,[],[],pass,pass,pass,pass,True,[],True,False,compliancegpt_4bit,What does CM-2 require regarding the baseline configuration of the information system?,True,True,6ac346c655be136d3b9eb91012c945603ef7938b8b3c4fa10944055ccd30d569
10,rev4,strict-pass-v1,927645a0e964f8158da80a737d56b33d66f2ca134ffbcb1cb22ca6a9293a23d5,full_retention_certificate,True,[],True,True,[],[],pass,pass,pass,pass,True,[],True,False,compliancegpt_4bit,What are the requirements for establishing and documenting configuration settings?,True,True,d14a3144f1aaa33b835e477329af0181312f9f40f058fc211df3c9f4c5e08102
11,rev4,strict-pass-v1,5750b7c0f4a271a71ebd014f3a240d17a9e175d0c1662cd21477ae25afb08bb6,full_retention_certificate,True,[],True,True,[],[],pass,pass,pass,pass,True,[],True,False,compliancegpt_4bit,What does CP-2 require in developing a contingency plan for the information system?,True,True,726189bf1d1dd05a9cce4947581e6088fd6e7b3a325c6bd14f5266030f87be84
12,rev4,strict-pass-v1,11b2345c4a0f1241e9d15581d296b4698470c6f872b501845e461c90f8bd4bc2,full_retention_certificate,True,[],True,True,[],[],pass,pass,pass,pass,True,[],True,False,compliancegpt_4bit,What does CP-9 require for conducting and protecting backups at the storage location?,True,True,617b41fe037db375fc3f3d6d45ddebd1cee3079f7ab106a8f6b35f8f9359ca39
13,rev4,strict-pass-v1,58c1b86415f12f68be2cfcc2370ec3c493a97b5eda8a5f6f8b70fddbd7cb36ac,full_retention_certificate,True,[],True,True,[],[],pass,pass,pass,pass,True,[],True,False,compliancegpt_4bit,What identification and authentication requirement does IA-2 specify for organizational users?,True,True,4014d2de80a732651245b9be603e9d248461938989564086992551d17cfbda32
14,rev4,strict-pass-v1,1fe01e9c3e049788212c8d628833e489c79354e8a0ff28aa44f446dcf01d2972,full_retention_certificate,True,[],True,True,[],[],pass,pass,pass,pass,True,[],True,False,compliancegpt_4bit,"What processes are in place to securely create, distribute, protect, and revoke authenticators such as passwords, tokens, or certificates?",True,True,daf81d472e346d64848c86b8d52db41df95287e062110c09252d63e2ace00d8c
15,rev4,strict-pass-v1,c50f534e8c61dba731d68004e608dfe330f1c44051d4777dff3b10578cd12090,full_retention_certificate,True,[],True,True,[],[],pass,pass,pass,pass,True,[],True,False,compliancegpt_4bit,What incident handling capability does IR-4 require the organization to implement?,True,True,2f72fae07d50391a2d06950c75716511e6b1d67f72695a7e988375833d81d2f8
16,rev4,strict-pass-v1,f25c6860de0e212c2c8380bee99d8820bf15f983b2ce0f52852ca79f0492600d,contract_failure_short_circuit,False,"[""MissedDocIds:['ir-6_smt.b']""]",True,True,[],[],not_required,not_required,not_required,not_required,False,[],False,False,compliancegpt_4bit,What does IR-6 require about reporting suspected security incidents and by when?,True,False,e2331e75f3df88a422e8dd356335c01d5389fd38a72cee92703fab6880df129e
17,rev4,strict-pass-v1,27b9527050533a0a3949e1e364121b9bada3a0ddf97585176c65fd24cd2d7dbe,full_retention_certificate,True,[],True,True,[],[],pass,pass,pass,pass,True,[],True,False,compliancegpt_4bit,What actions does MA-3 require the organization to do with information system maintenance tools?,True,True,c0920407a7335530fa2860524db414e9489102ad693f4a3baf8c4908f0e2f788
18,rev4,strict-pass-v1,0517453b9ec9d691a7036fa540767ab185f3a8e9b7675f60f06552650c805e7d,full_retention_certificate,True,[],True,True,[],[],pass,pass,pass,pass,True,[],True,False,compliancegpt_4bit,Who must approve removing the system or components off-site for maintenance?,True,True,4e843f2d13ac86dbc2255e8da5772e8a27a139bcd130ed84400378833c7e089d
19,rev4,strict-pass-v1,d6ce438fedb7ed208bd04fbe5fd4f069733765eed5eb48663ead993f4c37cbe7,full_retention_certificate,True,[],True,True,[],[],pass,pass,pass,pass,True,[],True,False,compliancegpt_4bit,What does MP-4 require for protecting information system media?,True,True,62e9a3d7ac3e2a78da6c9985c5394bd93f9f4008d5cfc5c7f99c4e20150d05a0
20,rev4,strict-pass-v1,d58defc99f424becd25bea6ee30e2b85a4f1cec0f25ad1fa49641e112f35a6d7,full_retention_certificate,True,[],True,True,[],[],pass,pass,pass,pass,True,[],True,False,compliancegpt_4bit,What does MP-6 require for sanitizing media prior to disposal or release?,True,True,34ab10ee7a5452ebec03222e80737bd9c4d8e715478fbf186da6cc8002ea3a58
21,rev4,strict-pass-v1,317b173291c1a52ce363545f1d4499e3b61aecc119d7878f506a0935307c39be,contract_failure_short_circuit,False,"[""PreserveMissingPlaceholder:pe-03_prm.01"", ""PreserveMissingPlaceholder:pe-03_prm.04"", ""PreserveMissingPlaceholder:pe-03_prm.05"", ""PreserveMissingPlaceholder:pe-03_prm.06"", ""PreserveMissingPlaceholder:pe-03_prm.07"", ""PreserveMissingPlaceholder:pe-03_prm.08"", ""PreserveMissingPlaceholder:pe-03_prm.09"", ""ODPRequiredListNotEqualGold:gold=['pe-03_prm.01', 'pe-03_prm.02', 'pe-03_prm.04', 'pe-03_prm.05', 'pe-03_prm.06', 'pe-03_prm.07', 'pe-03_prm.08', 'pe-03_prm.09'],gen=['pe-03_prm.02']"", ""MissedDocIds:['pe-3_smt.a', 'pe-3_smt.b', 'pe-3_smt.c', 'pe-3_smt.d', 'pe-3_smt.e', 'pe-3_smt.f', 'pe-3_smt.g']""]",True,True,[],[],not_required,not_required,not_required,not_required,False,[],False,False,compliancegpt_4bit,What are the requirements for enforcing physical access authorizations at facility entry/exit points?,True,False,af7c84bf8627b76206aff573033720248e65a361622da0419623899c20b0b323
22,rev4,strict-pass-v1,4abab5c7305284dac041cadc816af3bd5324382f699e38aaff57ddfce7622203,full_retention_certificate,True,[],True,True,[],[],pass,pass,pass,pass,True,[],True,False,compliancegpt_4bit,What does PE-6 require regarding monitoring physical access to the facility?,True,True,4a1c1c39440511f2c2aa4d449c841512526daadb39c4bfd801257edb8cc15cde
23,rev4,strict-pass-v1,8d7a7389d402bc3a9984acddbaa240ee62526622f310953ec9f8e2d712a690ea,contract_failure_short_circuit,False,"[""MissedDocIds:['pl-2_smt.a', 'pl-2_smt.a.1', 'pl-2_smt.a.2', 'pl-2_smt.a.3', 'pl-2_smt.a.4', 'pl-2_smt.a.5']""]",True,True,[],[],not_required,not_required,not_required,not_required,False,[],False,False,compliancegpt_4bit,What does PL-2 require for the security plan describing controls in place or planned?,True,False,468404b6d3c77798a4067e6dba728584c300741cd0c9e282985a315c9ff29cfd
24,rev4,strict-pass-v1,54544faf86aac720f67f0870d094805d2779f257c2138ca86ba22bd4e9b39f3b,full_retention_certificate,True,[],True,True,[],[],pass,pass,pass,pass,True,[],True,False,compliancegpt_4bit,What does PL-4 require about establishing and disseminating rules of behavior to system users?,True,True,3f2dbf0a56562296759421b7fed07f4ea4e625470658b436bfedb5df6774eeda
25,rev4,strict-pass-v1,f1720aca4a6ed1130a55627e5ab520c1cd56ddd205864f08709d3c21051ddde6,full_retention_certificate,True,[],True,True,[],[],pass,pass,pass,pass,True,[],True,False,compliancegpt_4bit,What does PM-1 require regarding an organization-wide information security program plan?,True,True,7f0d691150c54351d6eb32d5e779b5855b89cc37cbd0e59ae0ba1aa1d56f09e3
26,rev4,strict-pass-v1,ada0e16b05196e0d0b6b36d184ce9839b862f42f0eedad53f998931138e86cf6,contract_failure_short_circuit,False,"[""MissedDocIds:['pm-3_smt.c']""]",True,True,[],[],not_required,not_required,not_required,not_required,False,[],False,False,compliancegpt_4bit,"What specific documentation artifacts must the organization employ to record information security resource requirements during capital planning, and how must exceptions to resource inclusion be handled?",True,False,e2d632b87bd1e02a609640f194d8ad2ac67d1a8a00e95da377cc6b6963dc3275
27,rev4,strict-pass-v1,f97733456654f8ea783e65ae048a622fc9245b333d9af3cc94fb1efc5507fa4a,full_retention_certificate,True,[],True,True,[],[],pass,pass,pass,pass,True,[],True,False,compliancegpt_4bit,What does PS-2 require regarding position risk designations and screening criteria?,True,True,749671975b0c2272013c58f3a1c4843f2cadaf3a52333875707196e86e35b11b
28,rev4,strict-pass-v1,54e8d2c2fea6f335b356bae308587cd23357df842417d59dfe84ef43c4ec012f,full_retention_certificate,True,[],True,True,[],[],pass,pass,pass,pass,True,[],True,False,compliancegpt_4bit,What does PS-3 require before authorizing access to the information system?,True,True,4589976eb19f7e9aec1e0a627897c29b21d04b9fc0d07d37a244c2075cf49a01
29,rev4,strict-pass-v1,44ce82953b8d56a59740641e844ad31ea5c29047459b6913484bb61c6baa292f,full_retention_certificate,True,[],True,True,[],[],pass,pass,pass,pass,True,[],True,False,compliancegpt_4bit,What does RA-2 require regarding categorizing the information system and its resident information?,True,True,cd79e17af42a646ab355f534b94f83047f00fad9b69e3c32fc9b2802ec2817d0
30,rev4,strict-pass-v1,80745a9c0eaad22b323fde7aba9e15fe4b9ac2b6205f347e59d8bce009218185,contract_failure_short_circuit,False,"[""MissedDocIds:['ra-5_smt.a']""]",True,True,[],[],not_required,not_required,not_required,not_required,False,[],False,False,compliancegpt_4bit,"What does RA-5 require for scanning vulnerabilities, including frequency and trigger conditions?",True,False,d1a58ab091d213f93c25cfde5cb2763ee50aad6d915c4c92526429e99feeef2e
31,rev4,strict-pass-v1,9c6c1895958dab007922c64f12368c6bf0ad261da2757bf52d8daceb274d8c82,full_retention_certificate,True,[],True,True,[],[],pass,pass,pass,pass,True,[],True,False,compliancegpt_4bit,What does SA-3 require about managing the system?,True,True,ad1802d6320e8cf73183d395025a174b4b9845f4f02f0853a46e2a5a20598180
32,rev4,strict-pass-v1,1a760213c47e7c73b5f35baa981f7ee6892b949c171338789dca86d07116779c,contract_failure_short_circuit,False,"[""MissedDocIds:['sa-4_smt.a', 'sa-4_smt.b']""]",True,True,[],[],not_required,not_required,not_required,not_required,False,[],False,False,compliancegpt_4bit,What does SA-4 require including in acquisition contracts for information systems?,True,False,5d5055ee0e0296ec3f4b4961cef2f9f8e2e2636ad2d999040043575cc9d492a8
33,rev4,strict-pass-v1,24308ecf8f62723b1742ce2bd189d5be05d5a277b3d70e59367bbafeaabfedb1,full_retention_certificate,True,[],True,True,[],[],pass,pass,pass,pass,True,[],True,False,compliancegpt_4bit,What does SC-7 require the system to do at external and key internal boundaries?,True,True,28f8a39271b4d59f5d0578f3fdb5274a1146ec40bd65912a1d6e47d1b11f354b
34,rev4,strict-pass-v1,c8facaf29f2d31061415e1ee38e9e73813a4509a87e58bf9c31a9e8f9907b525,full_retention_certificate,True,[],True,True,[],[],pass,pass,pass,pass,True,[],True,False,compliancegpt_4bit,What protections for transmitted information does SC-8 require?,True,True,c2ba83e052547e89d9b854c5ad5be40e491f85fa2dbcad1490cf8f222f8849e9
35,rev4,strict-pass-v1,8510e4670c449cbe6816eb794430917c0789636a946ea69fb8291a9b17e4ac22,full_retention_certificate,True,[],True,True,[],[],pass,pass,pass,pass,True,[],True,False,compliancegpt_4bit,"What does SI-2 require for identifying, reporting, and correcting system flaws?",True,True,1dc549d84259d7ca85fa3e3a4b0df0afdde3a7a6398660214329d1ded5fdc2d1
36,rev4,strict-pass-v1,c52efd1dbf9b4d5c456c582ea61c77c035f68252e0833cda194a5db8d6f6395e,full_retention_certificate,True,[],True,True,[],[],pass,pass,pass,pass,True,[],True,False,compliancegpt_4bit,"What monitoring does SI-4 require to detect attacks, indicators, and unauthorized connections?",True,True,950d41631c2fad59e5270f8a46491f643d5cd1d5e58c3781e385f685843ff6ea
1,rev4,strict-pass-v1,54a45e6204efbc79b2b1750770c420618226034cf5f57a789208062727b92170,contract_failure_short_circuit,False,"[""OKButUnresolvedODPPlaceholders"", ""GoldPolicyASKButStatusNotParamsRequired""]",True,False,[],"[""RetainedParameterUnionMismatch:expected=['ac-2_prm_1', 'ac-2_prm_2', 'ac-2_prm_3', 'ac-2_prm_4'],declared=[]"", ""StatusNotEqualRetainedParameterState""]",not_required,not_required,not_required,not_required,False,[],False,False,generative_baseline_4bit,What does AC-2 require the organization to do when managing information system accounts?,False,True,32fca30404a517e023068393135eaba2217ff08b03afff4c0848d1b456914e19
2,rev4,strict-pass-v1,b2968ffa5663e3a405b84eac107bda05b21847215af76837e679d4971c69d103,source_inspection,True,[],True,True,[],[],pass,pass,pass,pass,False,[],True,False,generative_baseline_4bit,What principle does AC-6 require the organization to employ for user/system access?,True,True,939310284612f6a95d4bed49910bd92b4b1333af96d5f0d988004084f4c655d1
3,rev4,strict-pass-v1,338e58452cfcaec9c98966f5c843c341043f71590dc588423b752975dae09a4c,contract_failure_short_circuit,False,"[""OKButUnresolvedODPPlaceholders"", ""MissingODPsButStatusNotParamsRequired:['at-02_prm.01']"", ""StatusOKButStillHasODPPlaceholders"", ""MissedDocIds:['at-2_smt.c']""]",True,False,[],"[""StatusNotEqualRetainedParameterState"", ""AskListNotEqualDeclaredParameters""]",not_required,not_required,not_required,not_required,False,[],False,False,generative_baseline_4bit,What security awareness training must the organization provide and when?,False,False,b4c354981dac3175cfbecd1f8853e7642ebaf73f151ac315d5cdfd0920a82e7b
4,rev4,strict-pass-v1,0b3f093cc9f5ccdd6e66e4f21a5eb43fb9f66bdb0af7e764d95e24f7341a831f,contract_failure_short_circuit,False,"[""OKButUnresolvedODPPlaceholders"", ""MissingODPsButStatusNotParamsRequired:['at-03_prm.01']"", ""StatusOKButStillHasODPPlaceholders""]",True,False,[],"[""StatusNotEqualRetainedParameterState"", ""AskListNotEqualDeclaredParameters""]",not_required,not_required,not_required,not_required,False,[],False,False,generative_baseline_4bit,What are the requirements for role-based security training and timing of delivery?,False,True,963a65749912603c85832a6724f04a4a33cd28169191320c27ffdc4bf2ce49fd
5,rev4,strict-pass-v1,8fb83f2ad8c99d45bc3d87dff034d645eda39d63eef5e34d6b157d41bfad5e74,contract_failure_short_circuit,False,"[""OKButUnresolvedODPPlaceholders"", ""GoldPolicyASKButStatusNotParamsRequired"", ""MissedDocIds:['au-2_smt.d']""]",True,False,[],"[""RetainedParameterUnionMismatch:expected=['au-2_prm_1', 'au-2_prm_2'],declared=[]"", ""StatusNotEqualRetainedParameterState""]",not_required,not_required,not_required,not_required,False,[],False,False,generative_baseline_4bit,What must the organization determine about events within the information system?,False,False,297cdd1d6ceb70726ecff03b692973be2afe4c131449f76fc2f48f9801ff0b71
6,rev4,strict-pass-v1,3c70f6dc950885a4f40f92e2adb3e1a820b4ba750aeec3238e7fad2fc9004a1f,source_inspection,True,[],True,True,[],[],pass,pass,pass,pass,False,[],True,False,generative_baseline_4bit,What audit record contents are the system required to generate?,True,True,22a36c8bc9bc553633c5825a8bfbc8998eca5b9b3c7e56fd0cc7b705f8e3404b
7,rev4,strict-pass-v1,696a79db4bf66b1111218b998169d5fd686437609c7461dc560db447e19f1280,contract_failure_short_circuit,False,"[""OKButUnresolvedODPPlaceholders"", ""MissingODPsButStatusNotParamsRequired:['ca-02_prm.01']"", ""MissedDocIds:['ca-2_smt.b']""]",True,False,[],"[""RetainedParameterUnionMismatch:expected=['ca-2_prm_1', 'ca-2_prm_2'],declared=[]"", ""StatusNotEqualRetainedParameterState""]",not_required,not_required,not_required,not_required,False,[],False,False,generative_baseline_4bit,What are the requirements regarding assessment of security controls and frequency?,False,False,51ca86f012522fe92acbe54d01311b57623c9e66463df0cb3560e660a62a2e40
8,rev4,strict-pass-v1,d133bb986b90f900533b0239755b1f6d5b90a0b497f9285d835b65d37b2a6e16,contract_failure_short_circuit,False,"[""OKButUnresolvedODPPlaceholders"", ""MissingODPsButStatusNotParamsRequired:['ca-07_prm.01', 'ca-07_prm.02', 'ca-07_prm.03', 'ca-07_prm.04', 'ca-07_prm.05']""]",True,False,[],"[""RetainedParameterUnionMismatch:expected=['ca-7_prm_1', 'ca-7_prm_2', 'ca-7_prm_3', 'ca-7_prm_4', 'ca-7_prm_5'],declared=[]"", ""StatusNotEqualRetainedParameterState""]",not_required,not_required,not_required,not_required,False,[],False,False,generative_baseline_4bit,What elements must be included in the continuous monitoring strategy and program?,False,True,edcc0d58c8c4e3c25a6ccbbe947f29d159616edc75c89b324c512823d279866d
9,rev4,strict-pass-v1,61560911617b1ab6d81b2ca175dea413260fb46a30c063cfdda5538cbf8c395f,source_inspection,True,[],True,True,[],[],pass,pass,pass,pass,False,[],True,False,generative_baseline_4bit,What does CM-2 require regarding the baseline configuration of the information system?,True,True,6ac346c655be136d3b9eb91012c945603ef7938b8b3c4fa10944055ccd30d569
10,rev4,strict-pass-v1,216fe58d5293737ffee8d6969a69f55fd7d80a9f94576e4173202b84706f539d,contract_failure_short_circuit,False,"[""OKButUnresolvedODPPlaceholders"", ""MissingODPsButStatusNotParamsRequired:['cm-06_prm.01']"", ""StatusOKButStillHasODPPlaceholders""]",True,False,[],"[""StatusNotEqualRetainedParameterState"", ""AskListNotEqualDeclaredParameters""]",not_required,not_required,not_required,not_required,False,[],False,False,generative_baseline_4bit,What are the requirements for establishing and documenting configuration settings?,False,True,d14a3144f1aaa33b835e477329af0181312f9f40f058fc211df3c9f4c5e08102
11,rev4,strict-pass-v1,9f1b4d1960a93b5d23dcbcf5e32daa793e8106dbcc6149fc5f219b1b55641961,contract_failure_short_circuit,False,"[""OKButUnresolvedODPPlaceholders""]",True,False,[],"[""RetainedParameterUnionMismatch:expected=['cp-2_prm_1'],declared=[]"", ""StatusNotEqualRetainedParameterState""]",not_required,not_required,not_required,not_required,False,[],False,False,generative_baseline_4bit,What does CP-2 require in developing a contingency plan for the information system?,False,True,726189bf1d1dd05a9cce4947581e6088fd6e7b3a325c6bd14f5266030f87be84
12,rev4,strict-pass-v1,a49f65f32c13635efbf3809a0f94740d09db4752e409b98d40a8cae23623ae93,contract_failure_short_circuit,False,"[""OKButUnresolvedODPPlaceholders"", ""MissingODPsButStatusNotParamsRequired:['cp-09_prm.01', 'cp-09_prm.02', 'cp-09_prm.03']""]",True,False,[],"[""RetainedParameterUnionMismatch:expected=['cp-9_prm_1', 'cp-9_prm_2', 'cp-9_prm_3'],declared=[]"", ""StatusNotEqualRetainedParameterState""]",not_required,not_required,not_required,not_required,False,[],False,False,generative_baseline_4bit,What does CP-9 require for conducting and protecting backups at the storage location?,False,True,617b41fe037db375fc3f3d6d45ddebd1cee3079f7ab106a8f6b35f8f9359ca39
13,rev4,strict-pass-v1,cfa380a6385a718cd916ebea734f7896e1a882052f5d3ec37dc8e2e1381e7b4d,contract_failure_short_circuit,False,"[""MissedDocIds:['ia-2_smt']""]",True,True,[],[],not_required,not_required,not_required,not_required,False,[],False,False,generative_baseline_4bit,What identification and authentication requirement does IA-2 specify for organizational users?,True,False,4014d2de80a732651245b9be603e9d248461938989564086992551d17cfbda32
14,rev4,strict-pass-v1,f152900519d302a2e010011f469f5b3245388fdc1e6581275b2d698f1c629876,contract_failure_short_circuit,False,"[""OKButUnresolvedODPPlaceholders"", ""MissedDocIds:['ia-5_gdn']""]",True,False,[],"[""RetainedParameterUnionMismatch:expected=['ia-5_prm_1'],declared=[]"", ""StatusNotEqualRetainedParameterState""]",not_required,not_required,not_required,not_required,False,[],False,False,generative_baseline_4bit,"What processes are in place to securely create, distribute, protect, and revoke authenticators such as passwords, tokens, or certificates?",False,False,daf81d472e346d64848c86b8d52db41df95287e062110c09252d63e2ace00d8c
15,rev4,strict-pass-v1,d6f5832ccd86e101d8a96afbdbacdefdb18f6aa3636ae49b62beebe512a8c4ee,source_inspection,True,[],True,True,[],[],fail,pass,pass,pass,False,"[{""answer_excerpt"": ""The organization must implement an incident handling capability that includes preparation, detection and analysis, containment, eradication, and recovery."", ""gate"": ""citation_use"", ""reason"": ""IR-4 child c concerns incorporating lessons learned into procedures/training/testing and implementing changes. The body contains only capability phases, so child c is unused."", ""references"": [{""excerpt"": ""Incorporates lessons learned from ongoing incident handling activities into incident response procedures, training, and testing, and implements the resulting changes accordingly."", ""source_id"": ""ir-4_smt.c""}]}]",False,False,generative_baseline_4bit,What incident handling capability does IR-4 require the organization to implement?,True,True,2f72fae07d50391a2d06950c75716511e6b1d67f72695a7e988375833d81d2f8
16,rev4,strict-pass-v1,4d64f4bd7e9427e823d9f98e06d01085e8baac8b4647819eff2bf64b05e77b66,contract_failure_short_circuit,False,"[""OKButUnresolvedODPPlaceholders"", ""MissingODPsButStatusNotParamsRequired:['ir-06_prm.01']"", ""StatusOKButStillHasODPPlaceholders"", ""MissedDocIds:['ir-6_smt.b']""]",True,False,[],"[""RetainedParameterUnionMismatch:expected=['ir-6_prm_1', 'ir-6_prm_2'],declared=['ir-6_prm_1']"", ""StatusNotEqualRetainedParameterState"", ""AskListNotEqualDeclaredParameters""]",not_required,not_required,not_required,not_required,False,[],False,False,generative_baseline_4bit,What does IR-6 require about reporting suspected security incidents and by when?,False,False,e2331e75f3df88a422e8dd356335c01d5389fd38a72cee92703fab6880df129e
17,rev4,strict-pass-v1,3e78b4e3d0cb7edf583b0bc2410f9c4d83b361d2ccf02742124cd89c83f93d47,source_inspection,True,[],True,True,[],[],pass,pass,pass,pass,False,[],True,False,generative_baseline_4bit,What actions does MA-3 require the organization to do with information system maintenance tools?,True,True,c0920407a7335530fa2860524db414e9489102ad693f4a3baf8c4908f0e2f788
18,rev4,strict-pass-v1,53e7386be194ce8a1d50e91c8589a7f526879c8f788e755ac3acc87fd2e530b0,contract_failure_short_circuit,False,"[""OKButUnresolvedODPPlaceholders"", ""GoldPolicyASKButStatusNotParamsRequired""]",True,False,[],"[""RetainedParameterUnionMismatch:expected=['ma-2_prm_1'],declared=[]"", ""StatusNotEqualRetainedParameterState""]",not_required,not_required,not_required,not_required,False,[],False,False,generative_baseline_4bit,Who must approve removing the system or components off-site for maintenance?,False,True,4e843f2d13ac86dbc2255e8da5772e8a27a139bcd130ed84400378833c7e089d
19,rev4,strict-pass-v1,024a4525b0d5ef7f72465a06760a70e26fdc9b16774774e01223d44f0957c7d3,contract_failure_short_circuit,False,"[""OKButUnresolvedODPPlaceholders"", ""GoldPolicyASKButStatusNotParamsRequired"", ""MissedDocIds:['mp-4_smt.a', 'mp-4_smt.b']""]",True,False,[],"[""RetainedParameterUnionMismatch:expected=['mp-4_prm_1', 'mp-4_prm_2'],declared=[]"", ""StatusNotEqualRetainedParameterState""]",not_required,not_required,not_required,not_required,False,[],False,False,generative_baseline_4bit,What does MP-4 require for protecting information system media?,False,False,62e9a3d7ac3e2a78da6c9985c5394bd93f9f4008d5cfc5c7f99c4e20150d05a0
20,rev4,strict-pass-v1,a472e4698be78ad87b0d1d5878ad2606f15cccdb9bb54f298acc866bbe95d02c,contract_failure_short_circuit,False,"[""OKButUnresolvedODPPlaceholders"", ""MissingODPsButStatusNotParamsRequired:['mp-06_prm.01', 'mp-06_prm.02']"", ""MissedDocIds:['mp-6_smt.a', 'mp-6_smt.b']""]",True,False,[],"[""RetainedParameterUnionMismatch:expected=['mp-6_prm_1', 'mp-6_prm_2'],declared=[]"", ""StatusNotEqualRetainedParameterState""]",not_required,not_required,not_required,not_required,False,[],False,False,generative_baseline_4bit,What does MP-6 require for sanitizing media prior to disposal or release?,False,False,34ab10ee7a5452ebec03222e80737bd9c4d8e715478fbf186da6cc8002ea3a58
21,rev4,strict-pass-v1,13a80c0fa4d55a6905bc9643d4b0cfa67fda9ea865d4370a958bfd60056c19e1,contract_failure_short_circuit,False,"[""OKButUnresolvedODPPlaceholders"", ""GoldPolicyASKButStatusNotParamsRequired"", ""PreserveMissingPlaceholder:pe-03_prm.04"", ""PreserveMissingPlaceholder:pe-03_prm.05"", ""PreserveMissingPlaceholder:pe-03_prm.06"", ""PreserveMissingPlaceholder:pe-03_prm.07"", ""PreserveMissingPlaceholder:pe-03_prm.08"", ""PreserveMissingPlaceholder:pe-03_prm.09"", ""MissedDocIds:['pe-3_smt.a.1', 'pe-3_smt.b', 'pe-3_smt.c', 'pe-3_smt.d', 'pe-3_smt.e', 'pe-3_smt.f', 'pe-3_smt.g']""]",True,False,[],"[""RetainedParameterUnionMismatch:expected=['pe-3_prm_1', 'pe-3_prm_2'],declared=[]"", ""StatusNotEqualRetainedParameterState""]",not_required,not_required,not_required,not_required,False,[],False,False,generative_baseline_4bit,What are the requirements for enforcing physical access authorizations at facility entry/exit points?,False,False,af7c84bf8627b76206aff573033720248e65a361622da0419623899c20b0b323
22,rev4,strict-pass-v1,d9e3a9cfac891936919b814e8091317d8c42d5d152cfd72558fa5f277fa2fd90,source_inspection,True,[],True,True,[],[],pass,pass,pass,pass,False,[],True,False,generative_baseline_4bit,What does PE-6 require regarding monitoring physical access to the facility?,True,True,4a1c1c39440511f2c2aa4d449c841512526daadb39c4bfd801257edb8cc15cde
23,rev4,strict-pass-v1,a8260ef6f43ded084f88f1b6c9760b4c43ca6cec6c64ebec8729dbf24bb948d1,contract_failure_short_circuit,False,"[""MissedDocIds:['pl-2_smt.a', 'pl-2_smt.a.1', 'pl-2_smt.a.2', 'pl-2_smt.a.3', 'pl-2_smt.a.4', 'pl-2_smt.a.5']""]",True,True,[],[],not_required,not_required,not_required,not_required,False,[],False,False,generative_baseline_4bit,What does PL-2 require for the security plan describing controls in place or planned?,True,False,468404b6d3c77798a4067e6dba728584c300741cd0c9e282985a315c9ff29cfd
24,rev4,strict-pass-v1,6be2b84ec5a1347e367e85057a99c2b6787303636ee61e6cdeeb005a9e397268,contract_failure_short_circuit,False,"[""OKButUnresolvedODPPlaceholders"", ""MissedDocIds:['pl-4_smt.a']""]",True,False,[],"[""RetainedParameterUnionMismatch:expected=['pl-4_prm_1'],declared=[]"", ""StatusNotEqualRetainedParameterState""]",not_required,not_required,not_required,not_required,False,[],False,False,generative_baseline_4bit,What does PL-4 require about establishing and disseminating rules of behavior to system users?,False,False,3f2dbf0a56562296759421b7fed07f4ea4e625470658b436bfedb5df6774eeda
25,rev4,strict-pass-v1,c39d2e6bd28725e24d5140ebf678ed7f5afc6122055e1c2c6874a067a2304040,contract_failure_short_circuit,False,"[""OKButUnresolvedODPPlaceholders""]",True,False,[],"[""RetainedParameterUnionMismatch:expected=['pm-1_prm_1'],declared=[]"", ""StatusNotEqualRetainedParameterState""]",not_required,not_required,not_required,not_required,False,[],False,False,generative_baseline_4bit,What does PM-1 require regarding an organization-wide information security program plan?,False,True,7f0d691150c54351d6eb32d5e779b5855b89cc37cbd0e59ae0ba1aa1d56f09e3
26,rev4,strict-pass-v1,14b594939bf1d5665b6c572f0797f15255e177439e20a9c7c93f1d8ae27e11b7,contract_failure_short_circuit,False,"[""MissedDocIds:['pm-3_smt.a', 'pm-3_smt.c']""]",True,True,[],[],not_required,not_required,not_required,not_required,False,[],False,False,generative_baseline_4bit,"What specific documentation artifacts must the organization employ to record information security resource requirements during capital planning, and how must exceptions to resource inclusion be handled?",True,False,e2d632b87bd1e02a609640f194d8ad2ac67d1a8a00e95da377cc6b6963dc3275
27,rev4,strict-pass-v1,d6c0f71d2d17c9107d7ca3ff1c1617dbc44aa5cb8849fc766fef288d4e2199ba,contract_failure_short_circuit,False,"[""OKButUnresolvedODPPlaceholders"", ""MissedDocIds:['ps-2_smt.a']""]",True,False,[],"[""RetainedParameterUnionMismatch:expected=['ps-2_prm_1'],declared=[]"", ""StatusNotEqualRetainedParameterState""]",not_required,not_required,not_required,not_required,False,[],False,False,generative_baseline_4bit,What does PS-2 require regarding position risk designations and screening criteria?,False,False,749671975b0c2272013c58f3a1c4843f2cadaf3a52333875707196e86e35b11b
28,rev4,strict-pass-v1,eebb899f1f88a02c222e166f8666d93376a277d3be141041e5f75da59b30976f,contract_failure_short_circuit,False,"[""OKButUnresolvedODPPlaceholders"", ""MissingODPsButStatusNotParamsRequired:['ps-03_prm.01']""]",True,False,[],"[""RetainedParameterUnionMismatch:expected=['ps-3_prm_1'],declared=[]"", ""StatusNotEqualRetainedParameterState""]",not_required,not_required,not_required,not_required,False,[],False,False,generative_baseline_4bit,What does PS-3 require before authorizing access to the information system?,False,True,4589976eb19f7e9aec1e0a627897c29b21d04b9fc0d07d37a244c2075cf49a01
29,rev4,strict-pass-v1,1714df2d008e7fc58cfdda67f351f07eea15b980d2c8ab37c4f1e2ec7b5277cb,contract_failure_short_circuit,False,"[""MissedDocIds:['ra-2_smt.a']""]",True,True,[],[],not_required,not_required,not_required,not_required,False,[],False,False,generative_baseline_4bit,What does RA-2 require regarding categorizing the information system and its resident information?,True,False,cd79e17af42a646ab355f534b94f83047f00fad9b69e3c32fc9b2802ec2817d0
30,rev4,strict-pass-v1,350ecf323a5b0dcae9cf419e1d69d180b49422f71bbd26406e0c9c6536ed576e,contract_failure_short_circuit,False,"[""OKButUnresolvedODPPlaceholders"", ""GoldPolicyASKButStatusNotParamsRequired"", ""MissedDocIds:['ra-5_smt.a']""]",True,False,[],"[""RetainedParameterUnionMismatch:expected=['ra-5.2_prm_1', 'ra-5_prm_1', 'ra-5_prm_2', 'ra-5_prm_3'],declared=[]"", ""StatusNotEqualRetainedParameterState""]",not_required,not_required,not_required,not_required,False,[],False,False,generative_baseline_4bit,"What does RA-5 require for scanning vulnerabilities, including frequency and trigger conditions?",False,False,d1a58ab091d213f93c25cfde5cb2763ee50aad6d915c4c92526429e99feeef2e
31,rev4,strict-pass-v1,f6c7a4198e1346c688a3e16dce96a16a7160a35080579cc1a952b37bf477cc42,contract_failure_short_circuit,False,"[""OKButUnresolvedODPPlaceholders"", ""MissingODPsButStatusNotParamsRequired:['sa-03_prm.01']"", ""StatusOKButStillHasODPPlaceholders"", ""MissedDocIds:['sa-3_smt.b', 'sa-3_smt.c', 'sa-3_smt.d']""]",True,False,[],"[""StatusNotEqualRetainedParameterState"", ""AskListNotEqualDeclaredParameters""]",not_required,not_required,not_required,not_required,False,[],False,False,generative_baseline_4bit,What does SA-3 require about managing the system?,False,False,ad1802d6320e8cf73183d395025a174b4b9845f4f02f0853a46e2a5a20598180
32,rev4,strict-pass-v1,6291274efbbf4d6a204c52b23de4311a916987f7673a0798d6a0fd1c2f0f0cbb,source_inspection,True,[],True,True,[],[],pass,pass,pass,pass,False,[],True,False,generative_baseline_4bit,What does SA-4 require including in acquisition contracts for information systems?,True,True,5d5055ee0e0296ec3f4b4961cef2f9f8e2e2636ad2d999040043575cc9d492a8
33,rev4,strict-pass-v1,f57573a4b3127c84df4ad213418f3b83e124b7f4000aae63afca646be82efe1c,source_inspection,True,[],True,True,[],[],fail,pass,pass,pass,False,"[{""answer_excerpt"": ""Monitors and controls communications."", ""gate"": ""citation_use"", ""reason"": ""SC-7 child c requires external connections only through managed boundary-protection interfaces arranged under a security architecture. The body merely says monitors and controls communications."", ""references"": [{""excerpt"": ""Connects to external networks or information systems only through managed interfaces consisting of boundary protection devices arranged in accordance with an organizational security architecture."", ""source_id"": ""sc-7_smt.c""}]}]",False,False,generative_baseline_4bit,What does SC-7 require the system to do at external and key internal boundaries?,True,True,28f8a39271b4d59f5d0578f3fdb5274a1146ec40bd65912a1d6e47d1b11f354b
34,rev4,strict-pass-v1,baf0340028890fd03ac4abc12b2907c10cb10e8ebd4c1d0ee93a9572c3cdd489,contract_failure_short_circuit,False,"[""OKButUnresolvedODPPlaceholders"", ""MissingODPsButStatusNotParamsRequired:['sc-08_prm.01']"", ""StatusOKButStillHasODPPlaceholders""]",True,False,[],"[""StatusNotEqualRetainedParameterState"", ""AskListNotEqualDeclaredParameters""]",not_required,not_required,not_required,not_required,False,[],False,False,generative_baseline_4bit,What protections for transmitted information does SC-8 require?,False,True,c2ba83e052547e89d9b854c5ad5be40e491f85fa2dbcad1490cf8f222f8849e9
35,rev4,strict-pass-v1,ade17a44185b9aa832bfb07dca946d71f2bb036c2f5d832f49acd3c33e2a88b8,contract_failure_short_circuit,False,"[""MissingODPsButStatusNotParamsRequired:['si-02_prm.01']"", ""MissedDocIds:['si-2_smt.b', 'si-2_smt.c', 'si-2_smt.d']""]",True,True,[],[],not_required,not_required,not_required,not_required,False,[],False,False,generative_baseline_4bit,"What does SI-2 require for identifying, reporting, and correcting system flaws?",True,False,1dc549d84259d7ca85fa3e3a4b0df0afdde3a7a6398660214329d1ded5fdc2d1
36,rev4,strict-pass-v1,f22341faf343e5c48123eeedadeef8f09111ac48a28454a548c4c5540f001577,contract_failure_short_circuit,False,"[""OKButUnresolvedODPPlaceholders"", ""GoldPolicyASKButStatusNotParamsRequired"", ""StatusOKButStillHasODPPlaceholders"", ""MissedDocIds:['si-4_smt.a']""]",True,False,[],"[""StatusNotEqualRetainedParameterState"", ""AskListNotEqualDeclaredParameters""]",not_required,not_required,not_required,not_required,False,[],False,False,generative_baseline_4bit,"What monitoring does SI-4 require to detect attacks, indicators, and unauthorized connections?",False,False,950d41631c2fad59e5270f8a46491f643d5cd1d5e58c3781e385f685843ff6ea
1,rev4,strict-pass-v1,2c42a117970ed7b09af9bbf7dac4a96eca6484ebfdc55f2e1f97701f42c913b1,contract_failure_short_circuit,False,"[""MissedDocIds:['ac-2_smt.f']""]",True,True,[],[],not_required,not_required,not_required,not_required,False,[],False,False,generative_frontier_api,What does AC-2 require the organization to do when managing information system accounts?,True,False,32fca30404a517e023068393135eaba2217ff08b03afff4c0848d1b456914e19
2,rev4,strict-pass-v1,b1e514e8eac142eb025a46e845a08505716ebcb4c5fc513e136a9e17c4f1c422,source_inspection,True,[],True,True,[],[],pass,pass,pass,pass,False,[],True,False,generative_frontier_api,What principle does AC-6 require the organization to employ for user/system access?,True,True,939310284612f6a95d4bed49910bd92b4b1333af96d5f0d988004084f4c655d1
3,rev4,strict-pass-v1,50ca62b1adb82a2763de930073eaf8092da1b634b7558ec3db37b22a3682a94f,source_inspection,True,[],True,True,[],[],pass,pass,pass,pass,False,[],True,False,generative_frontier_api,What security awareness training must the organization provide and when?,True,True,b4c354981dac3175cfbecd1f8853e7642ebaf73f151ac315d5cdfd0920a82e7b
4,rev4,strict-pass-v1,075be31a712b6e5a41a62376d06260955b1353bd417904c639dcf70c3cfe9c09,source_inspection,True,[],True,True,[],[],pass,pass,pass,pass,False,[],True,False,generative_frontier_api,What are the requirements for role-based security training and timing of delivery?,True,True,963a65749912603c85832a6724f04a4a33cd28169191320c27ffdc4bf2ce49fd
5,rev4,strict-pass-v1,159a633dddffd531f267098320062c5868d7e50632b90fec4860086f06cee98b,source_inspection,True,[],True,True,[],[],pass,pass,pass,pass,False,[],True,False,generative_frontier_api,What must the organization determine about events within the information system?,True,True,297cdd1d6ceb70726ecff03b692973be2afe4c131449f76fc2f48f9801ff0b71
6,rev4,strict-pass-v1,f39e442bcd7ecec3230ef8aa56b823ef8d69df726ac0189a2641ef88a0f5863b,source_inspection,True,[],True,True,[],[],pass,pass,pass,pass,False,[],True,False,generative_frontier_api,What audit record contents are the system required to generate?,True,True,22a36c8bc9bc553633c5825a8bfbc8998eca5b9b3c7e56fd0cc7b705f8e3404b
7,rev4,strict-pass-v1,1c96ddebfbf710b049eef21a784ddec3820ae99a8fca44bd9b8c6055c855eaa9,source_inspection,True,[],True,True,[],[],pass,fail,pass,pass,False,"[{""answer_excerpt"": ""The requirements for assessing security controls are defined in CA-2. However, the specific frequency or schedule for these assessments, as well as the recipients of the assessment results, depend on organization-defined parameters."", ""gate"": ""answer_coverage"", ""reason"": ""A deferral to CA-2 plus unresolved frequency/recipients omits assessing correct implementation, intended operation and security-requirement outcomes."", ""references"": [{""excerpt"": ""Assesses the security controls in the information system and its environment of operation {{ insert: param, ca-2_prm_1 }} to determine the extent to which the controls are implemented correctly, operating as intended, and producing the desired outcome with respect to meeting established security requirements;"", ""source_id"": ""ca-2_smt.b""}]}]",False,False,generative_frontier_api,What are the requirements regarding assessment of security controls and frequency?,True,True,51ca86f012522fe92acbe54d01311b57623c9e66463df0cb3560e660a62a2e40
8,rev4,strict-pass-v1,86b7068def875e23f7e92c61d44ff6196fcc18a093f98008ac82cf5c3c402ab5,contract_failure_short_circuit,False,"[""MissedDocIds:['ca-7_smt.a', 'ca-7_smt.b', 'ca-7_smt.c', 'ca-7_smt.d', 'ca-7_smt.e', 'ca-7_smt.f', 'ca-7_smt.g']""]",True,True,[],[],not_required,not_required,not_required,not_required,False,[],False,False,generative_frontier_api,What elements must be included in the continuous monitoring strategy and program?,True,False,edcc0d58c8c4e3c25a6ccbbe947f29d159616edc75c89b324c512823d279866d
9,rev4,strict-pass-v1,782942b9441ffd5b18ea1f2bdf648a92ebb7331b12b90da0381aabb32f4788c5,source_inspection,True,[],True,True,[],[],pass,pass,pass,pass,False,[],True,False,generative_frontier_api,What does CM-2 require regarding the baseline configuration of the information system?,True,True,6ac346c655be136d3b9eb91012c945603ef7938b8b3c4fa10944055ccd30d569
10,rev4,strict-pass-v1,49242ef1af8789e28c00ce389da6e1e088bca0bfaf577d2cbc7e9f1d3abd72c1,source_inspection,True,[],True,True,[],[],pass,pass,fail,fail,False,"[{""answer_excerpt"": ""organization-defined organizational monitoring and assessment path"", ""gate"": ""parameter_semantics"", ""reason"": ""The deviation basis parameter means operational requirements, not a monitoring/assessment path."", ""references"": [{""excerpt"": ""Identifies, documents, and approves any deviations from established configuration settings for {{ insert: param, cm-6_prm_2 }} based on {{ insert: param, cm-6_prm_3 }}; and"", ""source_id"": ""cm-6_smt.c""}, {""excerpt"": ""cm-6_prm_3 organization-defined operational requirements"", ""source_id"": ""cm-6_prm_3""}]}, {""answer_excerpt"": ""organization-defined organizational monitoring and assessment path"", ""gate"": ""claim_faithfulness"", ""reason"": ""The body substitutes a different basis for approving deviations."", ""references"": [{""excerpt"": ""Identifies, documents, and approves any deviations from established configuration settings for {{ insert: param, cm-6_prm_2 }} based on {{ insert: param, cm-6_prm_3 }}; and"", ""source_id"": ""cm-6_smt.c""}, {""excerpt"": ""cm-6_prm_3 organization-defined operational requirements"", ""source_id"": ""cm-6_prm_3""}]}]",False,False,generative_frontier_api,What are the requirements for establishing and documenting configuration settings?,True,True,d14a3144f1aaa33b835e477329af0181312f9f40f058fc211df3c9f4c5e08102
11,rev4,strict-pass-v1,9274d6345603347ce73c7ddacda7de114fec61a99108365655e905c3a3151ba7,source_inspection,True,[],True,True,[],[],pass,pass,pass,pass,False,[],True,False,generative_frontier_api,What does CP-2 require in developing a contingency plan for the information system?,True,True,726189bf1d1dd05a9cce4947581e6088fd6e7b3a325c6bd14f5266030f87be84
12,rev4,strict-pass-v1,684960ae348a06ef046b0fea851ce6c6de264ced0ffb8e599d668151bfa20e9a,source_inspection,True,[],True,True,[],[],pass,pass,pass,pass,False,[],True,False,generative_frontier_api,What does CP-9 require for conducting and protecting backups at the storage location?,True,True,617b41fe037db375fc3f3d6d45ddebd1cee3079f7ab106a8f6b35f8f9359ca39
13,rev4,strict-pass-v1,a8fb7073c4c629c6613656f79368229bc05285640619cc396991d6daa8fe1ff8,source_inspection,True,[],True,True,[],[],pass,pass,pass,pass,False,[],True,False,generative_frontier_api,What identification and authentication requirement does IA-2 specify for organizational users?,True,True,4014d2de80a732651245b9be603e9d248461938989564086992551d17cfbda32
14,rev4,strict-pass-v1,0112975ce7a8c05f826d22f07ed4e2938f40ae3a8137ea30e9d9fd67fd91738d,source_inspection,True,[],True,True,[],[],pass,pass,pass,pass,False,[],True,False,generative_frontier_api,"What processes are in place to securely create, distribute, protect, and revoke authenticators such as passwords, tokens, or certificates?",True,True,daf81d472e346d64848c86b8d52db41df95287e062110c09252d63e2ace00d8c
15,rev4,strict-pass-v1,2c278ea9249f159fb60d7b71675bd14e3dbe42577bc139bf1d7b2b7db569c07d,source_inspection,True,[],True,True,[],[],pass,pass,pass,pass,False,[],True,False,generative_frontier_api,What incident handling capability does IR-4 require the organization to implement?,True,True,2f72fae07d50391a2d06950c75716511e6b1d67f72695a7e988375833d81d2f8
16,rev4,strict-pass-v1,a17f490d9867d9d3706c7f1e015802169a6b50299b5f49d0e50fbc16f469e69e,source_inspection,True,[],True,True,[],[],pass,pass,pass,pass,False,[],True,False,generative_frontier_api,What does IR-6 require about reporting suspected security incidents and by when?,True,True,e2331e75f3df88a422e8dd356335c01d5389fd38a72cee92703fab6880df129e
17,rev4,strict-pass-v1,0a7137267d1f2e0153cb993c142f42fa9c45c470ae8cc9da8ce533ae01326be8,source_inspection,True,[],True,True,[],[],pass,pass,pass,pass,False,[],True,False,generative_frontier_api,What actions does MA-3 require the organization to do with information system maintenance tools?,True,True,c0920407a7335530fa2860524db414e9489102ad693f4a3baf8c4908f0e2f788
18,rev4,strict-pass-v1,d7a52bc33d0c6af4999f7ca65fd2ec27d2a879ec68f775eaba67445be604518d,contract_failure_short_circuit,False,"[""ODPListMismatch:extracted=['ma-02_prm.01', 'ma-02_prm.02'],gen_list=['ma-02_prm.01']""]",True,False,[],"[""RetainedParameterUnionMismatch:expected=['ma-2_prm_1', 'ma-2_prm_2'],declared=['ma-2_prm_1']""]",not_required,not_required,not_required,not_required,False,[],False,False,generative_frontier_api,Who must approve removing the system or components off-site for maintenance?,True,True,4e843f2d13ac86dbc2255e8da5772e8a27a139bcd130ed84400378833c7e089d
19,rev4,strict-pass-v1,835036cda9dde5f8eb3f7d9c955bb36608209fa95984ed60319c9ee5acaf7f3e,source_inspection,True,[],True,True,[],[],pass,pass,pass,pass,False,[],True,False,generative_frontier_api,What does MP-4 require for protecting information system media?,True,True,62e9a3d7ac3e2a78da6c9985c5394bd93f9f4008d5cfc5c7f99c4e20150d05a0
20,rev4,strict-pass-v1,a75d9f6f0f490beb42929c7e74752a68ca3e546317a7df529a1bd146019bb2dd,source_inspection,True,[],True,True,[],[],pass,pass,pass,pass,False,[],True,False,generative_frontier_api,What does MP-6 require for sanitizing media prior to disposal or release?,True,True,34ab10ee7a5452ebec03222e80737bd9c4d8e715478fbf186da6cc8002ea3a58
21,rev4,strict-pass-v1,315b845d09f75f89fd1f67a2ef159f55240f3905dd971a6d5c105016a78757a8,contract_failure_short_circuit,False,"[""ODPListMismatch:extracted=['pe-03_prm.01', 'pe-03_prm.02', 'pe-03_prm.04', 'pe-03_prm.05', 'pe-03_prm.06', 'pe-03_prm.07', 'pe-03_prm.08', 'pe-03_prm.09'],gen_list=['pe-03_prm.01', 'pe-03_prm.02']"", ""ODPRequiredListNotEqualGold:gold=['pe-03_prm.01', 'pe-03_prm.02', 'pe-03_prm.04', 'pe-03_prm.05', 'pe-03_prm.06', 'pe-03_prm.07', 'pe-03_prm.08', 'pe-03_prm.09'],gen=['pe-03_prm.01', 'pe-03_prm.02']"", ""MissedDocIds:['pe-3_smt.b', 'pe-3_smt.c', 'pe-3_smt.d', 'pe-3_smt.e', 'pe-3_smt.f', 'pe-3_smt.g']""]",True,False,[],"[""RetainedParameterUnionMismatch:expected=['pe-3_prm_1', 'pe-3_prm_2', 'pe-3_prm_4', 'pe-3_prm_5', 'pe-3_prm_6', 'pe-3_prm_7', 'pe-3_prm_8', 'pe-3_prm_9'],declared=['pe-3_prm_1', 'pe-3_prm_2']""]",not_required,not_required,not_required,not_required,False,[],False,False,generative_frontier_api,What are the requirements for enforcing physical access authorizations at facility entry/exit points?,True,False,af7c84bf8627b76206aff573033720248e65a361622da0419623899c20b0b323
22,rev4,strict-pass-v1,ec9eed68495f8831750ac56c9b4ed15cdb4029678d11a24cca83b90d9695be13,source_inspection,True,[],True,True,[],[],pass,pass,pass,pass,False,[],True,False,generative_frontier_api,What does PE-6 require regarding monitoring physical access to the facility?,True,True,4a1c1c39440511f2c2aa4d449c841512526daadb39c4bfd801257edb8cc15cde
23,rev4,strict-pass-v1,f068c1388388b4a4ed439ce9b81f2b8fb746e312283f451eecc28c3705672951,contract_failure_short_circuit,False,"[""MissedDocIds:['pl-2_smt.a', 'pl-2_smt.a.1', 'pl-2_smt.a.2', 'pl-2_smt.a.3', 'pl-2_smt.a.4', 'pl-2_smt.a.5']""]",True,True,[],[],not_required,not_required,not_required,not_required,False,[],False,False,generative_frontier_api,What does PL-2 require for the security plan describing controls in place or planned?,True,False,468404b6d3c77798a4067e6dba728584c300741cd0c9e282985a315c9ff29cfd
24,rev4,strict-pass-v1,c5b9614dc0120cab05770d48484a9f8933137fbf8296071c5a1221899232fa92,contract_failure_short_circuit,False,"[""OKButUnresolvedODPPlaceholders""]",True,False,[],"[""RetainedParameterUnionMismatch:expected=['pl-4_prm_1'],declared=[]"", ""StatusNotEqualRetainedParameterState""]",not_required,not_required,not_required,not_required,False,[],False,False,generative_frontier_api,What does PL-4 require about establishing and disseminating rules of behavior to system users?,False,True,3f2dbf0a56562296759421b7fed07f4ea4e625470658b436bfedb5df6774eeda
25,rev4,strict-pass-v1,d4f983493e90a20bae2c9e3ff1135a451e209af902fd4bf279d7bcab4bb51e5a,source_inspection,True,[],True,True,[],[],pass,pass,pass,pass,False,[],True,False,generative_frontier_api,What does PM-1 require regarding an organization-wide information security program plan?,True,True,7f0d691150c54351d6eb32d5e779b5855b89cc37cbd0e59ae0ba1aa1d56f09e3
26,rev4,strict-pass-v1,37fa41efd2e3892b6c5470fdfcc273380ddd747f917f7a02b4dff2628c79956c,contract_failure_short_circuit,False,"[""MissedDocIds:['pm-3_smt.c']""]",True,True,[],[],not_required,not_required,not_required,not_required,False,[],False,False,generative_frontier_api,"What specific documentation artifacts must the organization employ to record information security resource requirements during capital planning, and how must exceptions to resource inclusion be handled?",True,False,e2d632b87bd1e02a609640f194d8ad2ac67d1a8a00e95da377cc6b6963dc3275
27,rev4,strict-pass-v1,3c8832a9383172dffc40084ecc4d64726c796bdabc7e96bf724abfe54307fea1,source_inspection,True,[],True,True,[],[],pass,pass,pass,pass,False,[],True,False,generative_frontier_api,What does PS-2 require regarding position risk designations and screening criteria?,True,True,749671975b0c2272013c58f3a1c4843f2cadaf3a52333875707196e86e35b11b
28,rev4,strict-pass-v1,2eac2edf8cde90e159904b07eba1f881909473eaafd2d17a259979e21999995f,contract_failure_short_circuit,False,"[""OKButUnresolvedODPPlaceholders"", ""MissingODPsButStatusNotParamsRequired:['ps-03_prm.01']"", ""MissedDocIds:['ps-3_smt.b']""]",True,False,[],"[""RetainedParameterUnionMismatch:expected=['ps-3_prm_1'],declared=[]"", ""StatusNotEqualRetainedParameterState""]",not_required,not_required,not_required,not_required,False,[],False,False,generative_frontier_api,What does PS-3 require before authorizing access to the information system?,False,False,4589976eb19f7e9aec1e0a627897c29b21d04b9fc0d07d37a244c2075cf49a01
29,rev4,strict-pass-v1,f52d3a0101ff854e935296970af03a2da143ff310aa302082093282851aaef33,source_inspection,True,[],True,True,[],[],pass,pass,pass,pass,False,[],True,False,generative_frontier_api,What does RA-2 require regarding categorizing the information system and its resident information?,True,True,cd79e17af42a646ab355f534b94f83047f00fad9b69e3c32fc9b2802ec2817d0
30,rev4,strict-pass-v1,2105091a9cb6b2a4a30f5b8d99fc70b54f1b6da0024136633a066d00ed37de2f,source_inspection,True,[],True,True,[],[],pass,pass,pass,pass,False,[],True,False,generative_frontier_api,"What does RA-5 require for scanning vulnerabilities, including frequency and trigger conditions?",True,True,d1a58ab091d213f93c25cfde5cb2763ee50aad6d915c4c92526429e99feeef2e
31,rev4,strict-pass-v1,bc410008881141eac4642901a70d9450430a930ce7575aca01bd2470952994d5,contract_failure_short_circuit,False,"[""MissedDocIds:['sa-3_smt.b', 'sa-3_smt.c', 'sa-3_smt.d']""]",True,True,[],[],not_required,not_required,not_required,not_required,False,[],False,False,generative_frontier_api,What does SA-3 require about managing the system?,True,False,ad1802d6320e8cf73183d395025a174b4b9845f4f02f0853a46e2a5a20598180
32,rev4,strict-pass-v1,422ef60135aac09064d349fa13f6e9638677fc232cc7567d186f586bec6393fe,contract_failure_short_circuit,False,"[""MissedDocIds:['sa-4_smt.a', 'sa-4_smt.b', 'sa-4_smt.c', 'sa-4_smt.d', 'sa-4_smt.e', 'sa-4_smt.f', 'sa-4_smt.g']""]",True,True,[],[],not_required,not_required,not_required,not_required,False,[],False,False,generative_frontier_api,What does SA-4 require including in acquisition contracts for information systems?,True,False,5d5055ee0e0296ec3f4b4961cef2f9f8e2e2636ad2d999040043575cc9d492a8
33,rev4,strict-pass-v1,1624fb33a87a8631a037e15a5964773d70e84d6ba7d74ba6fa25e881f8911278,contract_failure_short_circuit,False,"[""OKButUnresolvedODPPlaceholders""]",True,False,[],"[""RetainedParameterUnionMismatch:expected=['sc-7_prm_1'],declared=[]"", ""StatusNotEqualRetainedParameterState""]",not_required,not_required,not_required,not_required,False,[],False,False,generative_frontier_api,What does SC-7 require the system to do at external and key internal boundaries?,False,True,28f8a39271b4d59f5d0578f3fdb5274a1146ec40bd65912a1d6e47d1b11f354b
34,rev4,strict-pass-v1,72975652bb2ed384e076c9bdbe4047a70dd280038b35bc242cc369e2599379c0,source_inspection,True,[],True,True,[],[],pass,pass,pass,pass,False,[],True,False,generative_frontier_api,What protections for transmitted information does SC-8 require?,True,True,c2ba83e052547e89d9b854c5ad5be40e491f85fa2dbcad1490cf8f222f8849e9
35,rev4,strict-pass-v1,b2629b46535f04b7521380753aac1c56adb103724117d63eb0dee77e73057e4d,source_inspection,True,[],True,True,[],[],pass,pass,pass,pass,False,[],True,False,generative_frontier_api,"What does SI-2 require for identifying, reporting, and correcting system flaws?",True,True,1dc549d84259d7ca85fa3e3a4b0df0afdde3a7a6398660214329d1ded5fdc2d1
36,rev4,strict-pass-v1,8b0dc1836facca0cf8ae176a5026536e4ea868fb9c20f7c02c6666ef76cf9439,contract_failure_short_circuit,False,"[""ODPListMismatch:extracted=['si-04_prm.01', 'si-04_prm.02', 'si-04_prm.03', 'si-04_prm.04', 'si-04_prm.05'],gen_list=['si-04_prm.01']""]",True,False,[],"[""RetainedParameterUnionMismatch:expected=['si-4_prm_1', 'si-4_prm_2', 'si-4_prm_3', 'si-4_prm_4', 'si-4_prm_5'],declared=['si-4_prm_1']""]",not_required,not_required,not_required,not_required,False,[],False,False,generative_frontier_api,"What monitoring does SI-4 require to detect attacks, indicators, and unauthorized connections?",True,True,950d41631c2fad59e5270f8a46491f643d5cd1d5e58c3781e385f685843ff6ea
