query_id,framework_version,question,gold_has_odp,baseline_status,compliancegpt_status,baseline_verifier_pass,compliancegpt_verifier_pass,baseline_primary_citation,compliancegpt_primary_citation,baseline_answer_preview,compliancegpt_answer_preview
1,rev5,When must account managers and the designated personnel be notified about user account changes?,True,OK,PARAMS_REQUIRED,False,True,ac-2_smt.h.1,ac-2_smt.h,,
100,rev5,"What policies and procedures should be developed to detect, prevent, and report counterfeit components within the system?",True,OK,PARAMS_REQUIRED,False,True,sr-11_smt,sr-11_smt,,
11,rev5,"What are the organizational responsibilities for defining, justifying, and maintaining the types of events to be logged by a system?",True,OK,PARAMS_REQUIRED,False,True,au-2_smt,au-2_smt.d,,
14,rev5,"What is the required process for reviewing system audit records, and what actions should be taken based on the findings?",True,OK,PARAMS_REQUIRED,False,True,au-6_smt,au-6_gdn,,
15,rev5,What are the requirements for generating and recording time stamps in audit records to ensure accuracy?,True,OK,PARAMS_REQUIRED,False,True,au-8_smt,au-8_smt.a,,
16,rev5,"Describe the key steps of the formal control assessment process, from planning to reporting.",True,OK,PARAMS_REQUIRED,False,False,ca-2_smt.a,ca-2_smt.f,,
17,rev5,"What are the requirements for managing and securing information exchanges between systems, including the associated agreements?",True,OK,PARAMS_REQUIRED,False,True,ca-3_smt,ca-3_gdn,,
18,rev5,What is the purpose of a plan of action and milestones in addressing identified control weaknesses?,True,OK,PARAMS_REQUIRED,False,True,ca-5_smt.a,ca-5_smt,,
19,rev5,What are the primary responsibilities of an authorizing official regarding system authorization?,True,OK,PARAMS_REQUIRED,False,False,ca-6_gdn,ca-6_gdn,,
20,rev5,What are the requirements for implementing a system-level continuous monitoring strategy?,True,OK,PARAMS_REQUIRED,False,True,ca-7_smt,ca-7_smt,,
21,rev5,What are the lifecycle requirements for system baseline configurations?,True,OK,PARAMS_REQUIRED,False,True,cm-2_smt,cm-2_gdn,,
22,rev5,What must an organization do to manage configuration-controlled changes?,True,OK,PARAMS_REQUIRED,False,False,cm-3_smt.a,cm-3_smt,,
24,rev5,"How should configuration settings be established, approved, and monitored?",True,OK,PARAMS_REQUIRED,False,False,cm-6_smt,cm-6_smt.c,,
25,rev5,"What are the requirements for developing, maintaining, and updating a system component inventory?",True,OK,PARAMS_REQUIRED,False,True,cm-8_smt,cm-8_gdn,,
26,rev5,"What are the key elements that must be included in a contingency plan, and how should it be reviewed, distributed, and updated?",True,OK,PARAMS_REQUIRED,False,False,cp-2_smt,cp-2_smt,,
27,rev5,When and how should contingency training be provided to system users based on their assigned roles and responsibilities?,True,OK,PARAMS_REQUIRED,False,False,cp-3_smt,cp-3_gdn,,
29,rev5,What are the requirements for establishing and maintaining an alternate processing site to resume essential operations?,True,OK,PARAMS_REQUIRED,False,True,cp-7_smt.a,cp-7_smt.a,,
30,rev5,What actions must be taken to ensure that system and user-level information is backed up and that backup data remains protected?,True,OK,PARAMS_REQUIRED,False,True,cp-9_smt,cp-9_gdn,,
32,rev5,"What are the requirements for assigning, authorizing, and preventing reuse of system identifiers for individuals, groups, or devices?",True,OK,PARAMS_REQUIRED,False,False,ia-4_smt,ia-4_gdn,,
33,rev5,"How should organizations manage authenticators, including their distribution, protection, and periodic updates?",True,OK,PARAMS_REQUIRED,False,False,ia-5_smt,ia-5_smt,,
