id,question_id,question,framework,version,control_id,bm25_rank,failure_category,label_rationale
1,1,What must an organization enforce regarding logical access to its information and systems?,NIST_SP_800-53,rev5,AC-3,2,,
2,2,How must a system be configured to handle consecutive invalid logon attempts?,NIST_SP_800-53,rev5,AC-7,2,,
3,3,What type of activity should be included in literacy training to simulate real-world incidents?,NIST_SP_800-53,rev5,AT-2(1),0,,
4,4,What method does AT-3(3) specify for reinforcing objectives in role-based security training?,NIST_SP_800-53,rev5,AT-3(3),0,,
5,5,What information must each audit record contain to support after-the-fact investigation of security incidents?,NIST_SP_800-53,rev5,AU-3,3,,
6,6,"What is the required process for reviewing system audit records, and what actions should be taken based on the findings?",NIST_SP_800-53,rev5,AU-6,2,,
7,7,What are the requirements for generating and recording time stamps in audit records to ensure accuracy?,NIST_SP_800-53,rev5,AU-8,2,,
8,8,"Describe the key steps of the formal control assessment process, from planning to reporting.",NIST_SP_800-53,rev5,CA-2,0,,
9,9,What are the primary responsibilities of an authorizing official regarding system authorization and risk determination?,NIST_SP_800-53,rev5,CA-6,2,,
10,10,What should be analyzed before implementing a system change?,NIST_SP_800-53,rev5,CM-4,0,,
11,11,"How should configuration settings be established, approved, and monitored?",NIST_SP_800-53,rev5,CM-6,2,,
12,12,"What are the requirements for developing, maintaining, and updating a system component inventory?",NIST_SP_800-53,rev5,CM-8,3,,
13,13,"What are the key elements that must be included in a contingency plan, and how should it be reviewed, distributed, and updated?",NIST_SP_800-53,rev5,CP-2,3,,
14,14,What information should organizations maintain and analyze when documenting and reviewing security incidents?,NIST_SP_800-53,rev5,IR-5,4,,
15,15,What process should be established for authorizing maintenance personnel and ensuring appropriate escorting and access control during maintenance?,NIST_SP_800-53,rev5,MA-5,3,,
16,16,What is the guidance of control PL-2?,NIST_SP_800-53,rev5,PL-2,7,,
17,17,What should security and privacy architectures describe to ensure protection of information and integration with the enterprise architecture?,NIST_SP_800-53,rev5,PL-8,2,,
18,18,"How does the concept of tailoring allow organizations to customize control baselines to their mission, environment, and risk profile?",NIST_SP_800-53,rev5,PL-10,2,,
19,19,"What are the key components of an organization's risk management strategy, and how should it be implemented and updated?",NIST_SP_800-53,rev5,PM-9,2,,
20,20,When and how must individuals be screened before authorizing or maintaining access to organizational systems?,NIST_SP_800-53,rev5,PS-3,8,,
21,21,What steps must be taken when an individual's employment or role is terminated?,NIST_SP_800-53,rev5,PS-4,3,,
22,22,"What must organizations identify and document about the purposes and conditions for collecting, using, and sharing PII, and how should they handle changes to those purposes?",NIST_SP_800-53,rev5,PT-3,2,,
23,23,"What steps are required to categorize a system and its information, and who must approve the decision?",NIST_SP_800-53,rev5,RA-2,2,,
24,24,What measures should be implemented to protect the confidentiality and integrity of transmitted information across internal and external networks?,NIST_SP_800-53,rev5,SC-8,2,,
25,25,"How should cryptographic mechanisms be selected and implemented to comply with applicable laws, policies, and standards?",NIST_SP_800-53,rev5,SC-13,2,,
26,26,"How should systems be monitored to detect attacks, unauthorized connections, and anomalous activities, and how should such events be analyzed and reported?",NIST_SP_800-53,rev5,SI-4,3,,
27,27,"What integrity-verification mechanisms should be employed to detect unauthorized changes to software, firmware, or data?",NIST_SP_800-53,rev5,SI-7,2,,
28,28,What does AC-2 require the organization to do when managing information system accounts?,NIST_SP_800-53,rev4,AC-2,2,,
29,29,What audit record contents are the system required to generate?,NIST_SP_800-53,rev4,AU-3,3,,
30,30,What are the requirements for establishing and documenting configuration settings?,NIST_SP_800-53,rev4,CM-6,2,,
31,31,What does CP-2 require in developing a contingency plan for the information system?,NIST_SP_800-53,rev4,CP-2,4,,
32,32,What identification and authentication requirement does IA-2 specify for organizational users?,NIST_SP_800-53,rev4,IA-2,3,,
33,33,What incident handling capability does IR-4 require the organization to implement?,NIST_SP_800-53,rev4,IR-4,4,,
34,34,What are the requirements for enforcing physical access authorizations at facility entry/exit points?,NIST_SP_800-53,rev4,PE-3,3,,
35,35,What does PE-6 require regarding monitoring physical access to the facility?,NIST_SP_800-53,rev4,PE-6,2,,
36,36,What does RA-2 require regarding categorizing the information system and its resident information?,NIST_SP_800-53,rev4,RA-2,0,,
37,37,What does SA-3 require about managing the system?,NIST_SP_800-53,rev4,SA-3,0,,
38,38,What does SA-4 require including in acquisition contracts for information systems?,NIST_SP_800-53,rev4,SA-4,10,,
39,39,"What does SI-2 require for identifying, reporting, and correcting system flaws?",NIST_SP_800-53,rev4,SI-2,3,,
