question_id,question,gold_control_id,odp_required,bm25_rank,is_hit_at_1,is_hit_at_5,is_hit_at_10,top_1_hit,retrieved_control_ids,system_meta,version,id,framework,failure_category,label_rationale
2,What must an organization enforce regarding logical access to its information and systems?,AC-3,,2,False,True,True,SC-8,"[""SC-8"", ""AC-3"", ""PM-20"", ""CM-5"", ""AC-3.7"", ""AU-6.6"", ""AC-24.2"", ""AC-3.4"", ""AC-3.11"", ""SC-48""]","{""sys"": ""S1""}",rev5,2,NIST_SP_800-53,Generic Phrasing,"The query is broad and uses a generic ""What must an organization enforce"" template; it doesn’t surface the control’s exact phrase ""approved authorizations"" and can match many access-related clauses."
4,How must a system be configured to handle consecutive invalid logon attempts?,AC-7,"ac-7_odp_1, ac-7_odp_2, ac-7_odp_3",2,False,True,True,AC-7.4,"[""AC-7.4"", ""AC-7"", ""AC-7.2"", ""AC-9.1"", ""AC-9.2"", ""SI-11"", ""AC-7.3"", ""SI-10.4"", ""SI-10.3"", ""RA-5.3""]","{""sys"": ""S1""}",rev5,4,NIST_SP_800-53,Generic Phrasing,"The query's main phrase is ""How must a system be configured..."". This is a common, generic phrase. The key terms ""consecutive invalid logon attempts"" are good, but the generic opening phrase can dilute the BM25 score by matching many oth"
9,What type of activity should be included in literacy training to simulate real-world incidents?,AT-2(1),,0,False,False,False,AT-2.1,"[""AT-2.1"", ""CA-8.2"", ""AT-2"", ""IR-9.2"", ""AT-2.6"", ""AT-2.5"", ""IR-2.1"", ""AT-2.2"", ""AT-2.4"", ""AT-2.3""]","{""sys"": ""S1""}",rev5,9,NIST_SP_800-53,Terminology Mismatch,"The query asks for the ""type of activity"" in literacy training, but AT-2(1) uses the specific term ""practical exercises""; missing that term tends to mis-rank results."
10,What method does AT-3(3) specify for reinforcing objectives in role-based security training?,AT-3(3),,0,False,False,False,AT-3,"[""AT-3"", ""AT-3.3"", ""AT-4"", ""AC-3.7"", ""AT-6"", ""AT-3.5"", ""PL-8.1"", ""IR-2"", ""CP-3"", ""AT-3.2""]","{""sys"": ""S1""}",rev5,10,NIST_SP_800-53,Terminology Mismatch,"The query uses generic wording (""what method"") and omits the control’s exact phrase ""practical exercises"" that reinforce training objectives."
12,What information must each audit record contain to support after-the-fact investigation of security incidents?,AU-3,,3,False,True,True,AU-11,"[""AU-11"", ""AU-7"", ""AU-3"", ""AU-6.1"", ""CM-5.1"", ""AU-2"", ""AU-6.7"", ""PT-6.1"", ""AU-6.5"", ""AU-6.9""]","{""sys"": ""S1""}",rev5,12,NIST_SP_800-53,Generic Phrasing,"The query's main phrase is ""What information must... contain..."". This is a classic generic, non-specific query structure. The only strong keywords are ""audit record"" and ""security incidents."""
14,"What is the required process for reviewing system audit records, and what actions should be taken based on the findings?",AU-6,au-6_odp_1,2,False,True,True,AU-3,"[""AU-3"", ""AU-6"", ""AU-5"", ""CM-5.1"", ""CM-13"", ""AU-7.1"", ""SI-18"", ""IR-2.1"", ""SA-17.9"", ""AC-4.26""]","{""sys"": ""S1""}",rev5,14,NIST_SP_800-53,Generic Phrasing,"The question frames AU-6 as a broad ""process"" question; without the control’s concrete terms (review/analyze audit records, report findings, adjust review level), BM25 can match many procedural controls."
15,What are the requirements for generating and recording time stamps in audit records to ensure accuracy?,AU-8,au-8_odp,2,False,True,True,AU-12.1,"[""AU-12.1"", ""AU-8"", ""AU-3"", ""AU-7"", ""AU-11"", ""AU-3.1"", ""AU-9.2"", ""CA-5.1"", ""AC-4.26"", ""PT-6.1""]","{""sys"": ""S1""}",rev5,15,NIST_SP_800-53,Terminology Mismatch,"The query asks for generic ""requirements"" for time stamps; AU-8 is specific about internal system clocks, time granularity, and using UTC or a fixed/local offset, so missing those keywords can reduce lexical match."
16,"Describe the key steps of the formal control assessment process, from planning to reporting.",CA-2,ca-2_odp.2,0,False,False,False,SC-38,"[""SC-38"", ""SA-17.1"", ""AU-6.1"", ""RA-3"", ""SA-17.3"", ""PL-2"", ""SA-2"", ""PM-4"", ""RA-8"", ""SA-17.4""]","{""sys"": ""S1""}",rev5,16,NIST_SP_800-53,Terminology Mismatch,"The query asks for ""key steps"" of the assessment process; CA-2 is written as specific actions (select assessor, develop assessment plan scope/procedures/environment/roles), so the step-oriented phrasing can mismatch."
19,What are the primary responsibilities of an authorizing official regarding system authorization and risk determination?,CA-6,ca-6_odp,2,False,True,True,CA-6.2,"[""CA-6.2"", ""CA-6"", ""PM-10"", ""CA-6.1"", ""CA-2.1"", ""CP-6.1"", ""CP-7.1"", ""PT-7"", ""CA-2"", ""AT-3""]","{""sys"": ""S1""}",rev5,19,NIST_SP_800-53,Terminology Mismatch,"The query asks for ""primary responsibilities"" and ""risk determination."" The gold answer *lists* responsibilities (e.g., ""Assign..."", ""Ensure..."", ""Authorizes..."") but never uses the word ""responsibilities."" More importantly, the"
23,What should be analyzed before implementing a system change?,CM-4,,0,False,False,False,SA-8.17,"[""SA-8.17"", ""SI-19.6"", ""CM-5.1"", ""MA-6.1"", ""PE-3"", ""MA-6.2"", ""AU-12.2"", ""AC-3.4"", ""CM-3"", ""CM-4.1""]","{""sys"": ""S1""}",rev5,23,NIST_SP_800-53,Generic Phrasing,"The query's main phrase is ""What should be..."". This is a classic vague, generic query structure. The keywords are good, but the overall phrasing is weak."
24,"How should configuration settings be established, approved, and monitored?",CM-6,"cm-6_odp_1
cm-6_odp_2
cm-6_odp_3",2,False,True,True,CM-8.6,"[""CM-8.6"", ""CM-6"", ""SI-7.7"", ""CM-9"", ""CM-6.2"", ""SC-7.7"", ""CM-6.1"", ""CM-3"", ""CP-7.4"", ""CM-5.1""]","{""sys"": ""S1""}",rev5,24,NIST_SP_800-53,Semantic Gap,"The query closely matches CM-6 (establish settings, approve deviations, monitor/control changes), yet the gold clause is not top-ranked—suggesting a structural/phrasing gap rather than missing vocabulary."
25,"What are the requirements for developing, maintaining, and updating a system component inventory?",CM-8,"cm-8_odp_1, cm-8_odp_2",3,False,True,True,PM-5,"[""PM-5"", ""SA-17.9"", ""CM-8"", ""PM-5.1"", ""CM-8.2"", ""CM-8.4"", ""CM-8.7"", ""CM-8.1"", ""SR-4.4"", ""PL-8""]","{""sys"": ""S1""}",rev5,25,NIST_SP_800-53,Terminology Mismatch,"The query's key term is ""requirements."" The gold answer *never* uses this word. Instead, it *lists* the requirements (e.g., ""Develop... inventory,"" ""Review and update..."")."
26,"What are the key elements that must be included in a contingency plan, and how should it be reviewed, distributed, and updated?",CP-2,"cp-2_prm_1, cp-2_prm_2, cp-2_odp_5",3,False,True,True,CP-4.1,"[""CP-4.1"", ""CP-3"", ""CP-2"", ""CM-9"", ""SA-8.17"", ""PL-2"", ""SI-18"", ""CP-2.7"", ""PT-5"", ""CP-2.1""]","{""sys"": ""S1""}",rev5,26,NIST_SP_800-53,Terminology Mismatch,"The query asks for ""key elements"" of a contingency plan; CP-2 enumerates specific plan contents (essential missions, recovery objectives, roles/responsibilities, etc.), and the generic ""elements"" wording can weaken match."
39,What information should organizations maintain and analyze when documenting and reviewing security incidents?,IR-5,,4,False,True,True,IR-9.2,"[""IR-9.2"", ""CM-4"", ""SA-8.33"", ""IR-5"", ""IR-5.1"", ""AU-6"", ""PM-15"", ""IR-4.14"", ""IR-4.12"", ""PT-7.1""]","{""sys"": ""S1""}",rev5,39,NIST_SP_800-53,Generic Phrasing,"The query's main phrase is ""What information should..."". This is a very common, generic query structure."
44,What process should be established for authorizing maintenance personnel and ensuring appropriate escorting and access control during maintenance?,MA-5,,3,False,True,True,MA-5.1,"[""MA-5.1"", ""MA-6.2"", ""MA-5"", ""MA-5.3"", ""MA-5.2"", ""MA-4.7"", ""MA-3"", ""MA-2.2"", ""MA-5.5"", ""MA-3.1""]","{""sys"": ""S1""}",rev5,44,NIST_SP_800-53,Generic Phrasing,"The query's main phrase is ""What process should be established..."". This is a common, generic query structure."
56,What is the guidance of control PL-2?,PL-2,,7,False,False,True,SI-12,"[""SI-12"", ""PL-10"", ""PL-11"", ""PL-8.1"", ""PL-8.2"", ""PL-1"", ""PL-2"", ""SC-12.2"", ""PL-9"", ""PL-8""]","{""sys"": ""S1""}",rev5,56,NIST_SP_800-53,Generic Phrasing,"This is a *stronger* pass. The query's entire structure is ""What is the guidance of control [X]?"". This is the *definition* of a generic, templated query. The only unique keyword is ""PL-2,"" which a keyword retriever can't effectively use"
59,What should security and privacy architectures describe to ensure protection of information and integration with the enterprise architecture?,PL-8,pl-8_odp,2,False,True,True,PM-7,"[""PM-7"", ""PL-8"", ""SA-17"", ""SA-3"", ""PL-2"", ""PL-7"", ""SA-8.17"", ""SC-7"", ""CM-2"", ""SA-8.33""]","{""sys"": ""S1""}",rev5,59,NIST_SP_800-53,Generic Phrasing,"The query's main phrase is ""What should... describe..."". This is a generic query structure. Even though the subject is specific, this weak phrasing is the likely cause of the BM25 failure."
60,"How does the concept of tailoring allow organizations to customize control baselines to their mission, environment, and risk profile?",PL-10,,2,False,True,True,PL-11,"[""PL-11"", ""PL-10"", ""RA-2.1"", ""SC-44"", ""PL-2"", ""RA-3"", ""AC-4.3"", ""PT-4"", ""PT-4.1"", ""SA-4.7""]","{""sys"": ""S1""}",rev5,60,NIST_SP_800-53,Semantic Gap,"This is the only remaining option. This query's failure is subtle. It's not a mismatch or generic. This implies that even with all the right keywords, BM25 (TF-IDF) *still* failed to rank it \#1. This could be because the gold text is ve"
65,"What are the key components of an organization's risk management strategy, and how should it be implemented and updated?",PM-9,pm-9_odp,2,False,True,True,PM-30,"[""PM-30"", ""PM-9"", ""PM-4"", ""PM-7"", ""SR-1"", ""CM-9"", ""CM-8.1"", ""CA-7.4"", ""PM-20.1"", ""RA-1""]","{""sys"": ""S1""}",rev5,65,NIST_SP_800-53,Terminology Mismatch,"The query's key phrase is ""key components."" The gold answer *never* uses the word ""components."" It *lists* the components (i.e., ""Security risk"" and ""Privacy risk"") but doesn't use the specific keyword."
67,When and how must individuals be screened before authorizing or maintaining access to organizational systems?,PS-3,ps-3_prm_1,8,False,False,True,CA-6,"[""CA-6"", ""CM-3.2"", ""PL-4"", ""AC-2.13"", ""AT-3"", ""AC-20"", ""AU-16"", ""PS-3"", ""AU-16.3"", ""AC-8""]","{""sys"": ""S1""}",rev5,67,NIST_SP_800-53,Terminology Mismatch,"The question is phrased as ""when and how"" screening occurs; PS-3 uses the precise requirement language ""screen prior to authorizing access"" and ""rescreen under conditions/frequency"", so mismatched wording can mis-rank."
68,What steps must be taken when an individual's employment or role is terminated?,PS-4,"ps-4_odp_1, ps-4_odp_2",3,False,True,True,PT-7.1,"[""PT-7.1"", ""PS-4.1"", ""PS-4"", ""SI-18.3"", ""PS-6.3"", ""SI-19"", ""CM-3.2"", ""IA-4"", ""AC-2"", ""SI-18""]","{""sys"": ""S1""}",rev5,68,NIST_SP_800-53,Terminology Mismatch,"The query is framed as generic ""steps"" for termination; PS-4 is written as concrete actions (e.g., terminating access, retrieving credentials/assets), so step-oriented wording can mismatch."
72,"What must organizations identify and document about the purposes and conditions for collecting, using, and sharing PII, and how should they handle changes to those purposes?",PT-3,"pt-3_odp_1, pt-3_odp_2, pt-3_odp_3, pt-3_odp_4",2,False,True,True,SI-18,"[""SI-18"", ""PT-3"", ""PT-5"", ""PT-2"", ""PT-3.1"", ""PT-5.1"", ""SC-40.4"", ""CM-5"", ""SI-7.7"", ""PT-3.2""]","{""sys"": ""S1""}",rev5,72,NIST_SP_800-53,Terminology Mismatch,"The query asks about ""collecting, using, and sharing PII."" The gold answer uses the much broader, technical term ""processing PII."" A simple keyword search for ""collecting"" or ""sharing"" will fail."
76,"What steps are required to categorize a system and its information, and who must approve the decision?",RA-2,,2,False,True,True,PT-7.1,"[""PT-7.1"", ""RA-2"", ""SA-10.2"", ""MP-6.1"", ""AC-3.4"", ""SC-8"", ""MA-5"", ""PE-2"", ""MA-4"", ""SA-17.9""]","{""sys"": ""S1""}",rev5,76,NIST_SP_800-53,Terminology Mismatch,"The query asks *two* things: ""What steps...?"" and ""who must approve...?"" The gold answer *lists* the steps (""Categorize..."", ""Document..."", ""Verify..."") but never uses the word ""steps."" It also identifies *who* approves (""aut"
87,What measures should be implemented to protect the confidentiality and integrity of transmitted information across internal and external networks?,SC-8,,2,False,True,True,SC-7.4,"[""SC-7.4"", ""SC-8"", ""AC-17.2"", ""SI-18"", ""SC-7"", ""SC-8.3"", ""SC-28"", ""AC-17"", ""IA-2"", ""SA-4.6""]","{""sys"": ""S1""}",rev5,87,NIST_SP_800-53,Terminology Mismatch,"The query's key term is ""measures."" The gold answer *never* uses the word ""measures."" It *lists* the measures (e.g., ""physical or logical means,"" ""protected distribution systems,"" ""encryption"")."
89,"How should cryptographic mechanisms be selected and implemented to comply with applicable laws, policies, and standards?",SC-13,,2,False,True,True,IA-7,"[""IA-7"", ""SC-13"", ""PS-8"", ""SC-12"", ""SC-40.2"", ""PM-17"", ""AU-14"", ""SA-8.33"", ""MA-1"", ""PS-1""]","{""sys"": ""S1""}",rev5,89,NIST_SP_800-53,Terminology Mismatch,"The query asks broadly how to select/implement cryptographic mechanisms for compliance; SC-13 is phrased as employing cryptographic mechanisms for protection, so missing the specific protection language can weaken lexical match."
93,"How should systems be monitored to detect attacks, unauthorized connections, and anomalous activities, and how should such events be analyzed and reported?",SI-4,"si-4_odp_1, si-4_odp_2, si-4_odp_3, si-4_odp_4, si-4_odp_5",3,False,True,True,SA-8.17,"[""SA-8.17"", ""AT-2.4"", ""SI-4"", ""SI-18"", ""SI-19.6"", ""MA-4.1"", ""CM-8.3"", ""CM-9"", ""SA-8.33"", ""PE-6""]","{""sys"": ""S1""}",rev5,93,NIST_SP_800-53,Semantic Gap,"The query contains SI-4’s core terms (monitoring, detecting attacks/unauthorized connections, analyzing/reporting), but the gold clause still isn’t rank-1—consistent with a semantic/structural gap."
94,"What integrity-verification mechanisms should be employed to detect unauthorized changes to software, firmware, or data?",SI-7,"si-7_prm_1, si-7_prm_2",2,False,True,True,SA-10.1,"[""SA-10.1"", ""SI-7"", ""SA-10.3"", ""SI-7.6"", ""SI-7.5"", ""SA-10.5"", ""CM-8.3"", ""SI-7.10"", ""SA-10.4"", ""SI-7.12""]","{""sys"": ""S1""}",rev5,94,NIST_SP_800-53,Terminology Mismatch,"The query’s ""integrity-verification mechanisms"" differs from SI-7’s phrasing around employing integrity verification tools; this vocabulary shift can lead BM25 to prefer other integrity-related controls."
1,What does AC-2 require the organization to do when managing information system accounts?,AC-2,ac-2_prm_3,2,False,True,True,AC-3.2,"[""AC-3.2"", ""AC-2"", ""AC-6.10"", ""AC-10"", ""PE-6.3"", ""AC-6.2"", ""AC-2.12"", ""AC-2.7"", ""AC-2.3"", ""AC-2.1""]","{""sys"": ""S1""}",rev4,1,NIST_SP_800-53,Generic Phrasing,"The query is an underspecified ""What does AC-2 require"" template without concrete sub-actions (e.g., account types, approvals, monitoring), so it can match many account-related clauses."
6,What audit record contents are the system required to generate?,AU-3,,3,False,True,True,AU-7.2,"[""AU-7.2"", ""AU-7"", ""AU-3"", ""AU-3.2"", ""AU-6.5"", ""AU-12"", ""AU-5.1"", ""AU-11"", ""AU-7.1"", ""AU-9.3""]","{""sys"": ""S1""}",rev4,6,NIST_SP_800-53,Generic Phrasing,"The query's main phrase is ""What... are the system required to generate?"". This is a common, generic structure. It's vague and relies heavily on the other keywords (""audit record"") which may be common."
10,What are the requirements for establishing and documenting configuration settings?,CM-6,cm-6_prm_1,2,False,True,True,CP-7.4,"[""CP-7.4"", ""CM-6"", ""CM-8.6"", ""SC-7.7"", ""CM-6.2"", ""CM-9"", ""CM-6.1"", ""CM-2"", ""CM-3"", ""CM-2.6""]","{""sys"": ""S1""}",rev4,10,NIST_SP_800-53,Terminology Mismatch,"The query's key term is ""requirements."" The gold answer *never* uses this word. It *states* the requirement (""establishes and documents... using..."")."
11,What does CP-2 require in developing a contingency plan for the information system?,CP-2,,4,False,True,True,CP-2.7,"[""CP-2.7"", ""CP-4.1"", ""CP-4"", ""CP-2"", ""CP-3"", ""CP-9.2"", ""CP-8.4"", ""CP-2.1"", ""CP-4.2"", ""CP-2.4""]","{""sys"": ""S1""}",rev4,11,NIST_SP_800-53,Generic Phrasing,"The query structure is ""What does [Control ID] require..."". This is the same generic template as query ID 9."
13,What identification and authentication requirement does IA-2 specify for organizational users?,IA-2,,3,False,True,True,IA-8,"[""IA-8"", ""IA-1"", ""IA-2"", ""IA-9.2"", ""IA-3"", ""IA-10"", ""IA-9"", ""AC-14"", ""IA-3.4"", ""IA-6""]","{""sys"": ""S1""}",rev4,13,NIST_SP_800-53,Terminology Mismatch,"This is a subtle but clear mismatch. The query asks for the ""requirement,"" but the gold answer *never* uses this word. It simply states the action (""...uniquely identifies and authenticates...""). *(Note: Your original `error_bank_v1."
15,What incident handling capability does IR-4 require the organization to implement?,IR-4,,4,False,True,True,IR-4.7,"[""IR-4.7"", ""IR-4.6"", ""IR-4.1"", ""IR-4"", ""IR-4.8"", ""IR-8"", ""IR-7"", ""IR-6"", ""IR-10"", ""IR-5""]","{""sys"": ""S1""}",rev4,15,NIST_SP_800-53,Generic Phrasing,"The query structure is ""What... does [Control ID] require..."". This is the same generic template as queries 9 and 11."
21,What are the requirements for enforcing physical access authorizations at facility entry/exit points?,PE-3,"pe-3_prm_1
pe-3_prm_2
pe-3_prm_4
pe-3_prm_5
pe-3_prm_6
pe-3_prm_7
pe-3_prm_8
pe-3_prm_9",3,False,True,True,PE-16,"[""PE-16"", ""SI-8"", ""PE-3"", ""PE-18"", ""PE-3.1"", ""PE-3.6"", ""SI-3"", ""PE-2"", ""PE-8"", ""SC-7.14""]","{""sys"": ""S1""}",rev4,21,NIST_SP_800-53,Terminology Mismatch,"The query asks for generic ""requirements"" for enforcing physical access authorizations; PE-3 is specific about controlling physical access at entry/exit points, so missing the specific verbs/criteria can reduce match."
22,What does PE-6 require regarding monitoring physical access to the facility?,PE-6,,2,False,True,True,PE-6.4,"[""PE-6.4"", ""PE-6"", ""PE-3.6"", ""PE-3"", ""PE-6.3"", ""PE-3.3"", ""AU-6.6"", ""PE-2"", ""PE-2.1"", ""PE-3.1""]","{""sys"": ""S1""}",rev4,22,NIST_SP_800-53,Generic Phrasing,"This query uses the exact same template as the previous one: ""What does [Control ID] require...""."
29,What does RA-2 require regarding categorizing the information system and its resident information?,RA-2,,0,False,False,False,RA-5.4,"[""RA-5.4"", ""RA-5.2"", ""AC-3.3"", ""RA-5.5"", ""RA-1"", ""RA-5"", ""CP-4.1"", ""SC-30.4"", ""AC-3.4"", ""AC-3.9""]","{""sys"": ""S1""}",rev4,29,NIST_SP_800-53,Generic Phrasing,"The query uses a broad ""require regarding"" framing; RA-2’s exact phrasing centers on security categorization, documenting results, and authorizing official approval—details not surfaced in the query."
31,What does SA-3 require about managing the system?,SA-3,sa-3_prm_1,0,False,False,False,RA-5.4,"[""RA-5.4"", ""PE-6.3"", ""CP-4.1"", ""IA-5.14"", ""SC-5.2"", ""SA-12.14"", ""MA-6.3"", ""AC-3.2"", ""SA-9"", ""SA-4.2""]","{""sys"": ""S1""}",rev4,31,NIST_SP_800-53,Generic Phrasing,"The query is very broad (""What does SA-3 require about managing the system?"") and lacks SDLC/security-integration keywords, making it prone to matching unrelated management controls."
32,What does SA-4 require including in acquisition contracts for information systems?,SA-4,,10,False,False,True,SA-12,"[""SA-12"", ""SA-1"", ""CP-4.1"", ""SA-9.1"", ""SA-11.4"", ""SA-4.2"", ""SA-11"", ""SA-12.14"", ""SA-9"", ""SA-4""]","{""sys"": ""S1""}",rev4,32,NIST_SP_800-53,Generic Phrasing,"The question is phrased as a high-level ""what does SA-4 require"" prompt; SA-4 is contract-language and requirement/criteria oriented, and the lack of specific requirement categories can cause mis-ranking."
35,"What does SI-2 require for identifying, reporting, and correcting system flaws?",SI-2,si-2_prm_1,3,False,True,True,SI-10.2,"[""SI-10.2"", ""SI-2.3"", ""SI-2"", ""SI-3.6"", ""SA-12.14"", ""SI-8.3"", ""CP-4.1"", ""IR-2"", ""SI-14"", ""AU-7""]","{""sys"": ""S1""}",rev4,35,NIST_SP_800-53,Generic Phrasing,"This query uses the ""What does [Control ID] require..."" template. The rest of the query (""...for identifying, reporting..."") is also just a restatement of the gold answer's first line."
