question,gold_control_id,odp_required,retrieved_control_ids,rank
What does AC-2 require the organization to do when managing information system accounts?,AC-2,ac-2_prm_3,"['AC-2', 'AC-3(2)', 'AC-6(2)', 'AC-10', 'AC-3(4)', 'AC-2(7)', 'AC-6(10)', 'AC-2(12)', 'AC-2(1)', 'AC-2(2)']",1
What principle does AC-6 require the organization to employ for user/system access?,AC-6,nan,"['AC-6', 'AC-2(6)', 'AC-14', 'AU-6(7)', 'AC-3(2)', 'AC-6(10)', 'AC-6(3)', 'AC-11', 'AC-6(7)', 'AC-6(2)']",1
What security awareness training must the organization provide and when?,AT-2,at-2_prm_1,"['AT-2', 'AT-3(4)', 'AT-3', 'AT-1', 'AT-2(1)', 'AT-4', 'AT-2(2)', 'AT-3(3)', 'AT-3(1)', 'AT-3(2)']",1
What are the requirements for role-based security training and timing of delivery?,AT-3,at-3_prm_1,"['AT-3', 'AT-3(4)', 'AT-4', 'CP-3', 'AT-3(3)', 'AC-3(7)', 'AT-3(1)', 'AT-3(2)', 'IR-2', 'AC-2(7)']",1
What must the organization determine about events within the information system?,AU-2,au-2_prm_2,"['AU-2', 'RA-5(4)', 'AU-3', 'SA-12(14)', 'AU-5(2)', 'AU-7(2)', 'AU-7(1)', 'AC-6(1)', 'RA-6', 'AC-17(6)']",1
What audit record contents are the system required to generate?,AU-3,nan,"['AU-3(2)', 'AU-7(2)', 'AU-3', 'AU-12', 'AU-5(1)', 'AU-7', 'AU-11', 'AU-4', 'AU-7(1)', 'AU-12(1)']",3
What are the requirements regarding assessment of security controls and frequency?,CA-2,ca-2_prm_1,"['CA-2', 'CA-5', 'RA-1', 'CA-1', 'CA-7(3)', 'PM-1', 'RA-3', 'SC-8', 'SA-4', 'PM-7']",1
What elements must be included in the continuous monitoring strategy and program?,CA-7,"ca-7_prm_1
ca-7_prm_2
ca-7_prm_3
ca-7_prm_4
ca-7_prm_5","['CA-7', 'PM-14', 'CA-7(3)', 'SA-12(14)', 'PM-4', 'PM-10', 'SA-4(8)', 'PM-9', 'SI-4', 'CA-6']",1
What does CM-2 require regarding the baseline configuration of the information system?,CM-2,nan,"['CM-2(1)', 'CM-2(3)', 'CM-2(2)', 'CM-2', 'CM-2(6)', 'CM-3(5)', 'CM-3(3)', 'CM-7(2)', 'CM-2(7)', 'CM-8(2)']",4
What are the requirements for establishing and documenting configuration settings?,CM-6,cm-6_prm_1,"['SA-12(14)', 'IA-5', 'CP-7(4)', 'PL-8', 'PM-8', 'CM-6', 'AU-3', 'CM-9', 'IA-3(1)', 'IR-5']",6
What does CP-2 require in developing a contingency plan for the information system?,CP-2,nan,"['CP-4(1)', 'CP-2(7)', 'CP-2', 'CP-3', 'CP-9(2)', 'CP-7(1)', 'CP-6(1)', 'CP-4', 'CP-2(4)', 'CP-2(3)']",3
What does CP-9 require for conducting and protecting backups at the storage location?,CP-9,"cp-9_prm_1
cp-9_prm_2
cp-9_prm_3","['CP-9', 'CP-9(1)', 'CP-9(5)', 'CP-9(2)', 'CP-9(6)', 'SC-28(2)', 'CP-9(3)', 'SA-9(5)', 'CP-6(1)', 'SC-30(3)']",1
What identification and authentication requirement does IA-2 specify for organizational users?,IA-2,nan,"['IA-8', 'IA-2', 'IA-11', 'IA-6', 'IA-10', 'IA-9(2)', 'IA-2(13)', 'IA-5(5)', 'IA-2(10)', 'IA-1']",2
"What processes are in place to securely create, distribute, protect, and revoke authenticators such as passwords, tokens, or certificates?",IA-5,nan,"['IA-5', 'IA-2', 'IA-5(1)', 'IA-5(4)', 'SC-12(3)', 'CM-3(6)', 'SC-12(5)', 'MA-4', 'MP-4', 'CA-7(1)']",1
What incident handling capability does IR-4 require the organization to implement?,IR-4,nan,"['IR-4(7)', 'IR-4(1)', 'IR-4(2)', 'IR-4(6)', 'IR-4(5)', 'IR-4(8)', 'IR-4', 'IR-4(3)', 'IR-4(4)', 'IR-4(9)']",7
What does IR-6 require about reporting suspected security incidents and by when?,IR-6,ir-6_prm_1,"['IR-6', 'IR-6(2)', 'IR-6(1)', 'IR-7', 'IR-2', 'IR-6(3)', 'AU-6(9)', 'IR-5', 'AU-7', 'IR-4(3)']",1
Who must approve removing the system or components off-site for maintenance?,MA-2,ma-2_prm_1,"['MA-2', 'MA-5(1)', 'SC-28(2)', 'MP-6(1)', 'MA-4(5)', 'MA-5', 'CP-7(4)', 'CM-3(2)', 'MA-6(1)', 'MA-6']",1
What actions does MA-3 require the organization to do with information system maintenance tools?,MA-3,nan,"['MA-3', 'MA-3(4)', 'MA-3(1)', 'MA-3(2)', 'MA-5', 'MA-3(3)', 'MA-2(2)', 'MA-6(1)', 'MA-6(2)', 'MA-4(3)']",1
What does MP-4 require for protecting information system media?,MP-4,"mp-4_prm_1, mp-4_prm_2","['MP-5(4)', 'MP-4', 'MP-6(7)', 'MP-3', 'MP-8(4)', 'MP-6(8)', 'MP-4(2)', 'MP-7', 'MP-5', 'MP-2']",2
What does MP-6 require for sanitizing media prior to disposal or release?,MP-6,"mp-6_prm_1
mp-6_prm_2","['MP-6', 'MP-6(1)', 'MP-6(7)', 'MP-8(3)', 'MP-6(3)', 'MP-8(4)', 'MP-6(8)', 'MP-6(2)', 'MP-8', 'MP-6(6)']",1
What are the requirements for enforcing physical access authorizations at facility entry/exit points?,PE-3,"pe-3_prm_1
pe-3_prm_2
pe-3_prm_4
pe-3_prm_5
pe-3_prm_6
pe-3_prm_7
pe-3_prm_8
pe-3_prm_9","['PE-3', 'PE-2(1)', 'PE-3(1)', 'SI-8', 'PE-3(2)', 'PE-3(3)', 'PE-16', 'PE-18', 'SI-3', 'PE-3(6)']",1
What does PE-6 require regarding monitoring physical access to the facility?,PE-6,nan,"['PE-6(4)', 'PE-6(3)', 'PE-6', 'PE-3(6)', 'PE-3', 'PE-3(3)', 'PE-16', 'PE-6(1)', 'PE-6(2)', 'AU-6(6)']",3
What does PL-2 require for the security plan describing controls in place or planned?,PL-2,nan,"['PL-2', 'PM-1', 'PL-2(3)', 'PL-8', 'PL-8(1)', 'PL-9', 'CA-5', 'CA-2', 'CA-3', 'PL-1']",1
What does PL-4 require about establishing and disseminating rules of behavior to system users?,PL-4,nan,"['PL-4', 'PL-4(1)', 'RA-5(4)', 'AT-3(4)', 'AC-3(4)', 'AC-17(6)', 'AC-6(10)', 'CP-4(1)', 'IA-5', 'PL-8']",1
What does PM-1 require regarding an organization-wide information security program plan?,PM-1,nan,"['PM-2', 'PM-1', 'PM-10', 'PM-4', 'PM-9', 'PM-7', 'PM-5', 'PM-6', 'PM-13', 'PM-8']",2
What does the organization ensure when preparing capital planning and investment requests?,PM-3,nan,"['PM-3', 'SA-2', 'CP-2(7)', 'AU-16', 'PM-8', 'AU-3', 'AC-4(17)', 'AC-22', 'CP-8(1)', 'CP-13']",1
What does PS-2 require regarding position risk designations and screening criteria?,PS-2,nan,"['PS-2', 'PS-3', 'PS-3(3)', 'PS-3(2)', 'SA-21(1)', 'SA-21', 'PS-6(2)', 'PS-3(1)', 'PS-8', 'PE-2(1)']",1
What does PS-3 require before authorizing access to the information system?,PS-3,ps-3_prm_1,"['PS-3', 'PS-3(2)', 'CA-3', 'AT-3', 'PS-3(3)', 'PS-3(1)', 'IA-5(3)', 'PE-6(3)', 'CM-3(2)', 'PS-6(3)']",1
What does RA-2 require regarding categorizing the information system and its resident information?,RA-2,nan,"['RA-5(4)', 'SC-30(4)', 'AC-3(3)', 'AC-3(9)', 'AC-3(4)', 'PL-8(1)', 'RA-5(2)', 'CM-5(6)', 'CP-4(1)', 'AT-3(4)']",0
"What does RA-5 require for scanning vulnerabilities, including frequency and trigger conditions?",RA-5,ra-5_prm_1,"['RA-5(2)', 'RA-5', 'RA-5(1)', 'RA-5(3)', 'RA-5(6)', 'RA-5(4)', 'RA-3', 'RA-5(5)', 'RA-5(10)', 'RA-5(8)']",2
What does SA-3 require about managing the system?,SA-3,sa-3_prm_1,"['RA-5(4)', 'CA-3(5)', 'CP-4(1)', 'PE-6(3)', 'CA-3', 'AU-3', 'SA-12(14)', 'AC-17(6)', 'AC-3(4)', 'MA-6(3)']",0
What does SA-4 require including in acquisition contracts for information systems?,SA-4,nan,"['SA-4(2)', 'SA-12', 'SA-11(4)', 'SA-4(10)', 'SA-4(9)', 'SA-4(1)', 'SA-15(8)', 'SA-12(12)', 'SA-16', 'SA-15(4)']",0
What does SC-7 require the system to do at external and key internal boundaries?,SC-7,nan,"['SC-7', 'SC-7(9)', 'SC-7(8)', 'SC-17', 'SC-7(19)', 'SC-12', 'AU-16', 'SC-7(18)', 'SC-40', 'SC-22']",1
What protections for transmitted information does SC-8 require?,SC-8,sc-8_prm_1,"['SC-8', 'SC-8(3)', 'SC-14', 'SC-16(1)', 'SC-28', 'SC-35', 'CP-4(1)', 'SC-3', 'SC-7(4)', 'SC-8(1)']",1
"What does SI-2 require for identifying, reporting, and correcting system flaws?",SI-2,si-2_prm_1,"['SI-2(3)', 'SI-2', 'SI-10(2)', 'SI-14', 'AU-7', 'SA-12(14)', 'SI-6(3)', 'CP-4(1)', 'SI-7(16)', 'SI-3(6)']",2
"What monitoring does SI-4 require to detect attacks, indicators, and unauthorized connections?",SI-4,si-4_prm_1,"['SI-4', 'SC-5(3)', 'SI-4(14)', 'SI-4(24)', 'SI-4(17)', 'SI-4(5)', 'SI-4(18)', 'SI-4(22)', 'SI-4(4)', 'CM-8(3)']",1
