system,query_id,repeat_i,latency_ms,reranker_called,rerank_applied,skip_reason,top1_agree,base_margin_ratio,rerank_margin_ratio,final_margin_ratio,base_top1,rerank_top1,final_top1
S1_bm25,2,0,8.109097999977166,,,,,,,,,,
S1_bm25,2,1,7.40495299999111,,,,,,,,,,
S1_bm25,2,2,7.279057000005196,,,,,,,,,,
S1_bm25,2,3,7.773732000032396,,,,,,,,,,
S1_bm25,2,4,8.020532000045932,,,,,,,,,,
S1_bm25,4,0,6.2888850000035745,,,,,,,,,,
S1_bm25,4,1,5.960734000041157,,,,,,,,,,
S1_bm25,4,2,5.716273000075489,,,,,,,,,,
S1_bm25,4,3,5.507082000008268,,,,,,,,,,
S1_bm25,4,4,5.408735000060005,,,,,,,,,,
S1_bm25,13,0,13.592814000048747,,,,,,,,,,
S1_bm25,13,1,14.547019000019645,,,,,,,,,,
S1_bm25,13,2,12.904819999903339,,,,,,,,,,
S1_bm25,13,3,10.196927000038158,,,,,,,,,,
S1_bm25,13,4,9.23739100005605,,,,,,,,,,
S1_bm25,19,0,7.329323000021759,,,,,,,,,,
S1_bm25,19,1,7.076018000020667,,,,,,,,,,
S1_bm25,19,2,7.055540999999721,,,,,,,,,,
S1_bm25,19,3,6.955053000069711,,,,,,,,,,
S1_bm25,19,4,6.928746999960822,,,,,,,,,,
S1_bm25,29,0,9.179824999932862,,,,,,,,,,
S1_bm25,29,1,8.641302000000906,,,,,,,,,,
S1_bm25,29,2,8.408295999970505,,,,,,,,,,
S1_bm25,29,3,8.737203000009686,,,,,,,,,,
S1_bm25,29,4,8.935060999988309,,,,,,,,,,
S1_bm25,31,0,7.843730999979925,,,,,,,,,,
S1_bm25,31,1,7.457427999952415,,,,,,,,,,
S1_bm25,31,2,7.282596000095509,,,,,,,,,,
S1_bm25,31,3,7.520870000007562,,,,,,,,,,
S1_bm25,31,4,7.779996999943251,,,,,,,,,,
S1_bm25,33,0,4.9212239999860685,,,,,,,,,,
S1_bm25,33,1,4.80524499994317,,,,,,,,,,
S1_bm25,33,2,4.538988000035715,,,,,,,,,,
S1_bm25,33,3,4.299239999909332,,,,,,,,,,
S1_bm25,33,4,4.263014999992265,,,,,,,,,,
S1_bm25,35,0,7.0375750000266635,,,,,,,,,,
S1_bm25,35,1,6.8816680000054475,,,,,,,,,,
S1_bm25,35,2,6.914257000062207,,,,,,,,,,
S1_bm25,35,3,6.924637999986771,,,,,,,,,,
S1_bm25,35,4,6.949631999987105,,,,,,,,,,
S1_bm25,39,0,7.598473000030026,,,,,,,,,,
S1_bm25,39,1,7.22290199996678,,,,,,,,,,
S1_bm25,39,2,7.03512299992326,,,,,,,,,,
S1_bm25,39,3,6.905934999963392,,,,,,,,,,
S1_bm25,39,4,6.972881000024245,,,,,,,,,,
S1_bm25,40,0,8.17344699999012,,,,,,,,,,
S1_bm25,40,1,8.320970999989186,,,,,,,,,,
S1_bm25,40,2,8.351474000050985,,,,,,,,,,
S1_bm25,40,3,8.027094999988549,,,,,,,,,,
S1_bm25,40,4,8.033660999899439,,,,,,,,,,
S1_bm25,45,0,9.398949999990691,,,,,,,,,,
S1_bm25,45,1,8.784532000049694,,,,,,,,,,
S1_bm25,45,2,8.847768999999062,,,,,,,,,,
S1_bm25,45,3,8.863510999958635,,,,,,,,,,
S1_bm25,45,4,8.837060000018937,,,,,,,,,,
S1_bm25,57,0,11.95115200005148,,,,,,,,,,
S1_bm25,57,1,12.069191000023238,,,,,,,,,,
S1_bm25,57,2,11.902762999966399,,,,,,,,,,
S1_bm25,57,3,11.89562100000785,,,,,,,,,,
S1_bm25,57,4,11.96986399997968,,,,,,,,,,
S1_bm25,58,0,12.168314999939867,,,,,,,,,,
S1_bm25,58,1,12.008185000013327,,,,,,,,,,
S1_bm25,58,2,12.326206000011553,,,,,,,,,,
S1_bm25,58,3,12.146895999990193,,,,,,,,,,
S1_bm25,58,4,11.807173999955012,,,,,,,,,,
S1_bm25,71,0,9.434886999997616,,,,,,,,,,
S1_bm25,71,1,9.216093999953046,,,,,,,,,,
S1_bm25,71,2,9.060052999984691,,,,,,,,,,
S1_bm25,71,3,8.988022000039564,,,,,,,,,,
S1_bm25,71,4,9.032928999999967,,,,,,,,,,
S1_bm25,74,0,11.524720000011257,,,,,,,,,,
S1_bm25,74,1,11.247158000060153,,,,,,,,,,
S1_bm25,74,2,10.91873999996551,,,,,,,,,,
S1_bm25,74,3,10.689529000046605,,,,,,,,,,
S1_bm25,74,4,10.709681999969689,,,,,,,,,,
S1_bm25,80,0,9.355246000041006,,,,,,,,,,
S1_bm25,80,1,9.567109000045093,,,,,,,,,,
S1_bm25,80,2,9.588090000079319,,,,,,,,,,
S1_bm25,80,3,9.685788000069806,,,,,,,,,,
S1_bm25,80,4,9.332837999977528,,,,,,,,,,
S1_bm25,82,0,6.160161000025255,,,,,,,,,,
S1_bm25,82,1,5.825336999919273,,,,,,,,,,
S1_bm25,82,2,5.914341999982753,,,,,,,,,,
S1_bm25,82,3,6.006717999980538,,,,,,,,,,
S1_bm25,82,4,5.872759999988375,,,,,,,,,,
S1_bm25,88,0,7.807898000010027,,,,,,,,,,
S1_bm25,88,1,7.783204999896043,,,,,,,,,,
S1_bm25,88,2,7.64355199999045,,,,,,,,,,
S1_bm25,88,3,7.521679000092263,,,,,,,,,,
S1_bm25,88,4,7.603191000043807,,,,,,,,,,
S1_bm25,92,0,9.900699000013446,,,,,,,,,,
S1_bm25,92,1,9.944329999939328,,,,,,,,,,
S1_bm25,92,2,10.02462300004936,,,,,,,,,,
S1_bm25,92,3,9.995513999911054,,,,,,,,,,
S1_bm25,92,4,10.050034000073538,,,,,,,,,,
S1_bm25,96,0,11.537160999978369,,,,,,,,,,
S1_bm25,96,1,11.094283999909749,,,,,,,,,,
S1_bm25,96,2,10.861524000006284,,,,,,,,,,
S1_bm25,96,3,10.924397000053432,,,,,,,,,,
S1_bm25,96,4,10.808251000071323,,,,,,,,,,
S2_dense,2,0,13.074592000066332,,,,,,,,,,
S2_dense,2,1,12.173982999911459,,,,,,,,,,
S2_dense,2,2,12.16090399998393,,,,,,,,,,
S2_dense,2,3,12.22450399995978,,,,,,,,,,
S2_dense,2,4,12.193019999926946,,,,,,,,,,
S2_dense,4,0,12.27631000006113,,,,,,,,,,
S2_dense,4,1,12.85216799999489,,,,,,,,,,
S2_dense,4,2,12.657106999995449,,,,,,,,,,
S2_dense,4,3,12.338867999915237,,,,,,,,,,
S2_dense,4,4,13.10087400008797,,,,,,,,,,
S2_dense,13,0,13.23538900010135,,,,,,,,,,
S2_dense,13,1,12.40670299989688,,,,,,,,,,
S2_dense,13,2,13.015320000022257,,,,,,,,,,
S2_dense,13,3,12.891913999965254,,,,,,,,,,
S2_dense,13,4,12.508779999961916,,,,,,,,,,
S2_dense,19,0,12.160984000047392,,,,,,,,,,
S2_dense,19,1,12.581061999981102,,,,,,,,,,
S2_dense,19,2,12.114506000102665,,,,,,,,,,
S2_dense,19,3,13.914168000042082,,,,,,,,,,
S2_dense,19,4,13.528486000041084,,,,,,,,,,
S2_dense,29,0,12.84481400000459,,,,,,,,,,
S2_dense,29,1,12.914336999983789,,,,,,,,,,
S2_dense,29,2,12.237126999934844,,,,,,,,,,
S2_dense,29,3,12.089380000020356,,,,,,,,,,
S2_dense,29,4,12.156084000025658,,,,,,,,,,
S2_dense,31,0,12.076122999928884,,,,,,,,,,
S2_dense,31,1,12.785466000082124,,,,,,,,,,
S2_dense,31,2,12.237691999985145,,,,,,,,,,
S2_dense,31,3,12.172446000022319,,,,,,,,,,
S2_dense,31,4,12.394843000038236,,,,,,,,,,
S2_dense,33,0,12.10768399994322,,,,,,,,,,
S2_dense,33,1,12.12226199993438,,,,,,,,,,
S2_dense,33,2,11.984364999989339,,,,,,,,,,
S2_dense,33,3,12.06325900000138,,,,,,,,,,
S2_dense,33,4,13.077436999992642,,,,,,,,,,
S2_dense,35,0,12.460673000077804,,,,,,,,,,
S2_dense,35,1,12.256234000005861,,,,,,,,,,
S2_dense,35,2,12.205844000050092,,,,,,,,,,
S2_dense,35,3,12.319842000010794,,,,,,,,,,
S2_dense,35,4,12.221893000059936,,,,,,,,,,
S2_dense,39,0,12.07948200010378,,,,,,,,,,
S2_dense,39,1,11.902810000037789,,,,,,,,,,
S2_dense,39,2,12.305155000035484,,,,,,,,,,
S2_dense,39,3,12.115509000068414,,,,,,,,,,
S2_dense,39,4,12.02789000001303,,,,,,,,,,
S2_dense,40,0,12.22896199999468,,,,,,,,,,
S2_dense,40,1,12.20502299997861,,,,,,,,,,
S2_dense,40,2,11.930059999940568,,,,,,,,,,
S2_dense,40,3,12.068844000054924,,,,,,,,,,
S2_dense,40,4,12.289180999914606,,,,,,,,,,
S2_dense,45,0,12.493118000065806,,,,,,,,,,
S2_dense,45,1,12.135976999957165,,,,,,,,,,
S2_dense,45,2,12.208746999931464,,,,,,,,,,
S2_dense,45,3,11.82677099995999,,,,,,,,,,
S2_dense,45,4,11.7233189999979,,,,,,,,,,
S2_dense,57,0,12.201277000031041,,,,,,,,,,
S2_dense,57,1,11.889066999970055,,,,,,,,,,
S2_dense,57,2,12.241902000027949,,,,,,,,,,
S2_dense,57,3,12.062255000046207,,,,,,,,,,
S2_dense,57,4,12.355619999993905,,,,,,,,,,
S2_dense,58,0,12.47022300003664,,,,,,,,,,
S2_dense,58,1,11.88696000008349,,,,,,,,,,
S2_dense,58,2,12.27086800008692,,,,,,,,,,
S2_dense,58,3,12.171670000043378,,,,,,,,,,
S2_dense,58,4,12.112350000052174,,,,,,,,,,
S2_dense,71,0,12.031560000082209,,,,,,,,,,
S2_dense,71,1,11.862590999953682,,,,,,,,,,
S2_dense,71,2,11.977795999996488,,,,,,,,,,
S2_dense,71,3,12.216710000075182,,,,,,,,,,
S2_dense,71,4,12.131003999911627,,,,,,,,,,
S2_dense,74,0,13.767110999992838,,,,,,,,,,
S2_dense,74,1,19.013556999993853,,,,,,,,,,
S2_dense,74,2,16.987599999993108,,,,,,,,,,
S2_dense,74,3,12.74869199994555,,,,,,,,,,
S2_dense,74,4,14.632325999968998,,,,,,,,,,
S2_dense,80,0,14.331308000009813,,,,,,,,,,
S2_dense,80,1,15.68426799997269,,,,,,,,,,
S2_dense,80,2,18.492112999979327,,,,,,,,,,
S2_dense,80,3,16.840619000049628,,,,,,,,,,
S2_dense,80,4,13.310533000094438,,,,,,,,,,
S2_dense,82,0,12.879149000013967,,,,,,,,,,
S2_dense,82,1,11.783400000012989,,,,,,,,,,
S2_dense,82,2,13.410027000077207,,,,,,,,,,
S2_dense,82,3,17.750435000039033,,,,,,,,,,
S2_dense,82,4,13.459012999987863,,,,,,,,,,
S2_dense,88,0,17.34224299991638,,,,,,,,,,
S2_dense,88,1,14.889023000023371,,,,,,,,,,
S2_dense,88,2,16.377446999968015,,,,,,,,,,
S2_dense,88,3,13.198564000049373,,,,,,,,,,
S2_dense,88,4,17.687940999962848,,,,,,,,,,
S2_dense,92,0,14.930982000009863,,,,,,,,,,
S2_dense,92,1,13.70381400010956,,,,,,,,,,
S2_dense,92,2,16.715693999913128,,,,,,,,,,
S2_dense,92,3,19.078733000014836,,,,,,,,,,
S2_dense,92,4,12.78789399998459,,,,,,,,,,
S2_dense,96,0,12.525733999950717,,,,,,,,,,
S2_dense,96,1,12.499230999992506,,,,,,,,,,
S2_dense,96,2,12.089886000012484,,,,,,,,,,
S2_dense,96,3,12.32787100002497,,,,,,,,,,
S2_dense,96,4,11.657073000037599,,,,,,,,,,
S5_hybrid_rrf,2,0,27.86872600006518,,,,,,,,,,
S5_hybrid_rrf,2,1,27.701958999955423,,,,,,,,,,
S5_hybrid_rrf,2,2,27.546557999926335,,,,,,,,,,
S5_hybrid_rrf,2,3,26.82613699994363,,,,,,,,,,
S5_hybrid_rrf,2,4,27.33631199998854,,,,,,,,,,
S5_hybrid_rrf,4,0,24.491846999922018,,,,,,,,,,
S5_hybrid_rrf,4,1,24.04186100000061,,,,,,,,,,
S5_hybrid_rrf,4,2,24.71226900001966,,,,,,,,,,
S5_hybrid_rrf,4,3,24.047890000019834,,,,,,,,,,
S5_hybrid_rrf,4,4,23.266556000066885,,,,,,,,,,
S5_hybrid_rrf,13,0,29.131549999988238,,,,,,,,,,
S5_hybrid_rrf,13,1,32.250786000076914,,,,,,,,,,
S5_hybrid_rrf,13,2,32.735397999999805,,,,,,,,,,
S5_hybrid_rrf,13,3,29.864678999956595,,,,,,,,,,
S5_hybrid_rrf,13,4,29.515037000010125,,,,,,,,,,
S5_hybrid_rrf,19,0,25.689810000017133,,,,,,,,,,
S5_hybrid_rrf,19,1,25.76533000001291,,,,,,,,,,
S5_hybrid_rrf,19,2,26.636897000003046,,,,,,,,,,
S5_hybrid_rrf,19,3,27.06827500003328,,,,,,,,,,
S5_hybrid_rrf,19,4,26.633676999949785,,,,,,,,,,
S5_hybrid_rrf,29,0,31.112645000007433,,,,,,,,,,
S5_hybrid_rrf,29,1,31.337379999968107,,,,,,,,,,
S5_hybrid_rrf,29,2,30.799987000023066,,,,,,,,,,
S5_hybrid_rrf,29,3,31.43191900005604,,,,,,,,,,
S5_hybrid_rrf,29,4,30.605890000060754,,,,,,,,,,
S5_hybrid_rrf,31,0,28.264270000022407,,,,,,,,,,
S5_hybrid_rrf,31,1,28.459306999934597,,,,,,,,,,
S5_hybrid_rrf,31,2,28.98505899997872,,,,,,,,,,
S5_hybrid_rrf,31,3,30.01319399993463,,,,,,,,,,
S5_hybrid_rrf,31,4,29.15563299995938,,,,,,,,,,
S5_hybrid_rrf,33,0,23.534680000011576,,,,,,,,,,
S5_hybrid_rrf,33,1,22.32173100003365,,,,,,,,,,
S5_hybrid_rrf,33,2,22.69145999991906,,,,,,,,,,
S5_hybrid_rrf,33,3,21.850728000003983,,,,,,,,,,
S5_hybrid_rrf,33,4,22.850424000012026,,,,,,,,,,
S5_hybrid_rrf,35,0,27.17656800007262,,,,,,,,,,
S5_hybrid_rrf,35,1,26.10188999994989,,,,,,,,,,
S5_hybrid_rrf,35,2,26.59945899995364,,,,,,,,,,
S5_hybrid_rrf,35,3,26.394431999960943,,,,,,,,,,
S5_hybrid_rrf,35,4,26.125824000018838,,,,,,,,,,
S5_hybrid_rrf,39,0,27.24040900000091,,,,,,,,,,
S5_hybrid_rrf,39,1,27.794834000019364,,,,,,,,,,
S5_hybrid_rrf,39,2,27.698064999981398,,,,,,,,,,
S5_hybrid_rrf,39,3,26.952316999995674,,,,,,,,,,
S5_hybrid_rrf,39,4,27.392469000005804,,,,,,,,,,
S5_hybrid_rrf,40,0,30.371887999990577,,,,,,,,,,
S5_hybrid_rrf,40,1,28.88703999997233,,,,,,,,,,
S5_hybrid_rrf,40,2,28.679149000026882,,,,,,,,,,
S5_hybrid_rrf,40,3,29.33140300001469,,,,,,,,,,
S5_hybrid_rrf,40,4,29.733861999943656,,,,,,,,,,
S5_hybrid_rrf,45,0,31.209075999981906,,,,,,,,,,
S5_hybrid_rrf,45,1,30.05196200001592,,,,,,,,,,
S5_hybrid_rrf,45,2,31.258831999934955,,,,,,,,,,
S5_hybrid_rrf,45,3,31.74757299996145,,,,,,,,,,
S5_hybrid_rrf,45,4,32.110669999951824,,,,,,,,,,
S5_hybrid_rrf,57,0,37.2288959999878,,,,,,,,,,
S5_hybrid_rrf,57,1,36.75473700002385,,,,,,,,,,
S5_hybrid_rrf,57,2,38.03918000005524,,,,,,,,,,
S5_hybrid_rrf,57,3,37.08965900000294,,,,,,,,,,
S5_hybrid_rrf,57,4,36.21953300000769,,,,,,,,,,
S5_hybrid_rrf,58,0,36.87673900003574,,,,,,,,,,
S5_hybrid_rrf,58,1,36.79373900001792,,,,,,,,,,
S5_hybrid_rrf,58,2,36.53138200002104,,,,,,,,,,
S5_hybrid_rrf,58,3,37.055578000035894,,,,,,,,,,
S5_hybrid_rrf,58,4,37.26091099997575,,,,,,,,,,
S5_hybrid_rrf,71,0,31.88075299999582,,,,,,,,,,
S5_hybrid_rrf,71,1,31.968210000059116,,,,,,,,,,
S5_hybrid_rrf,71,2,32.21400400002494,,,,,,,,,,
S5_hybrid_rrf,71,3,32.43581499998527,,,,,,,,,,
S5_hybrid_rrf,71,4,32.24775400008184,,,,,,,,,,
S5_hybrid_rrf,74,0,34.411590999980035,,,,,,,,,,
S5_hybrid_rrf,74,1,34.589512000025024,,,,,,,,,,
S5_hybrid_rrf,74,2,34.98142899991308,,,,,,,,,,
S5_hybrid_rrf,74,3,35.61067099997217,,,,,,,,,,
S5_hybrid_rrf,74,4,35.897094999995716,,,,,,,,,,
S5_hybrid_rrf,80,0,32.49466800002665,,,,,,,,,,
S5_hybrid_rrf,80,1,32.85186000005069,,,,,,,,,,
S5_hybrid_rrf,80,2,31.783734000100594,,,,,,,,,,
S5_hybrid_rrf,80,3,32.030523000003086,,,,,,,,,,
S5_hybrid_rrf,80,4,31.267403000015292,,,,,,,,,,
S5_hybrid_rrf,82,0,25.25146700008918,,,,,,,,,,
S5_hybrid_rrf,82,1,25.442622000014126,,,,,,,,,,
S5_hybrid_rrf,82,2,25.926377000018874,,,,,,,,,,
S5_hybrid_rrf,82,3,25.874321999936,,,,,,,,,,
S5_hybrid_rrf,82,4,25.455467000028875,,,,,,,,,,
S5_hybrid_rrf,88,0,28.62469499996223,,,,,,,,,,
S5_hybrid_rrf,88,1,28.771913999889875,,,,,,,,,,
S5_hybrid_rrf,88,2,28.583856999944146,,,,,,,,,,
S5_hybrid_rrf,88,3,29.659096000045793,,,,,,,,,,
S5_hybrid_rrf,88,4,29.309285999943313,,,,,,,,,,
S5_hybrid_rrf,92,0,32.132526000054895,,,,,,,,,,
S5_hybrid_rrf,92,1,31.94961700000931,,,,,,,,,,
S5_hybrid_rrf,92,2,32.12247999999818,,,,,,,,,,
S5_hybrid_rrf,92,3,32.297064999966096,,,,,,,,,,
S5_hybrid_rrf,92,4,32.77762499999426,,,,,,,,,,
S5_hybrid_rrf,96,0,35.483867999914764,,,,,,,,,,
S5_hybrid_rrf,96,1,34.92332300004364,,,,,,,,,,
S5_hybrid_rrf,96,2,35.82515800007968,,,,,,,,,,
S5_hybrid_rrf,96,3,36.105130999999346,,,,,,,,,,
S5_hybrid_rrf,96,4,36.513879999915844,,,,,,,,,,
S6_hybrid_rerank,2,0,623.0313799999294,,,,,,,,,,
S6_hybrid_rerank,2,1,628.9811199999349,,,,,,,,,,
S6_hybrid_rerank,2,2,626.4649519999921,,,,,,,,,,
S6_hybrid_rerank,2,3,627.7330149999898,,,,,,,,,,
S6_hybrid_rerank,2,4,625.5162340000879,,,,,,,,,,
S6_hybrid_rerank,4,0,627.8207149999844,,,,,,,,,,
S6_hybrid_rerank,4,1,623.5266200000069,,,,,,,,,,
S6_hybrid_rerank,4,2,627.7822660000538,,,,,,,,,,
S6_hybrid_rerank,4,3,623.6757230000194,,,,,,,,,,
S6_hybrid_rerank,4,4,627.5820859999612,,,,,,,,,,
S6_hybrid_rerank,13,0,560.5272949999289,,,,,,,,,,
S6_hybrid_rerank,13,1,563.8209999999617,,,,,,,,,,
S6_hybrid_rerank,13,2,561.405518000015,,,,,,,,,,
S6_hybrid_rerank,13,3,564.5257039999478,,,,,,,,,,
S6_hybrid_rerank,13,4,563.2487659999015,,,,,,,,,,
S6_hybrid_rerank,19,0,630.2244400000063,,,,,,,,,,
S6_hybrid_rerank,19,1,628.5396709999986,,,,,,,,,,
S6_hybrid_rerank,19,2,630.6114380000736,,,,,,,,,,
S6_hybrid_rerank,19,3,628.026191999993,,,,,,,,,,
S6_hybrid_rerank,19,4,633.3595139999488,,,,,,,,,,
S6_hybrid_rerank,29,0,501.72437300000183,,,,,,,,,,
S6_hybrid_rerank,29,1,503.4053289999747,,,,,,,,,,
S6_hybrid_rerank,29,2,497.72294000001693,,,,,,,,,,
S6_hybrid_rerank,29,3,505.6799139999839,,,,,,,,,,
S6_hybrid_rerank,29,4,500.4119330000094,,,,,,,,,,
S6_hybrid_rerank,31,0,513.0130490000511,,,,,,,,,,
S6_hybrid_rerank,31,1,515.4083979999768,,,,,,,,,,
S6_hybrid_rerank,31,2,513.5858920000373,,,,,,,,,,
S6_hybrid_rerank,31,3,513.2372630000646,,,,,,,,,,
S6_hybrid_rerank,31,4,511.7122990000098,,,,,,,,,,
S6_hybrid_rerank,33,0,627.2453910000877,,,,,,,,,,
S6_hybrid_rerank,33,1,625.9709889999385,,,,,,,,,,
S6_hybrid_rerank,33,2,627.8657950000479,,,,,,,,,,
S6_hybrid_rerank,33,3,624.6581249999963,,,,,,,,,,
S6_hybrid_rerank,33,4,629.5719510000026,,,,,,,,,,
S6_hybrid_rerank,35,0,636.8910790000655,,,,,,,,,,
S6_hybrid_rerank,35,1,638.1737540000358,,,,,,,,,,
S6_hybrid_rerank,35,2,637.42369900001,,,,,,,,,,
S6_hybrid_rerank,35,3,636.5078850000145,,,,,,,,,,
S6_hybrid_rerank,35,4,641.6226219999999,,,,,,,,,,
S6_hybrid_rerank,39,0,561.7967990000352,,,,,,,,,,
S6_hybrid_rerank,39,1,557.8953289999617,,,,,,,,,,
S6_hybrid_rerank,39,2,560.5048470000611,,,,,,,,,,
S6_hybrid_rerank,39,3,565.1098420000835,,,,,,,,,,
S6_hybrid_rerank,39,4,557.4989660000256,,,,,,,,,,
S6_hybrid_rerank,40,0,632.8138760000002,,,,,,,,,,
S6_hybrid_rerank,40,1,633.0409490000193,,,,,,,,,,
S6_hybrid_rerank,40,2,630.772310999987,,,,,,,,,,
S6_hybrid_rerank,40,3,634.1137929999832,,,,,,,,,,
S6_hybrid_rerank,40,4,631.2230070000169,,,,,,,,,,
S6_hybrid_rerank,45,0,626.5466950000018,,,,,,,,,,
S6_hybrid_rerank,45,1,624.4073650000246,,,,,,,,,,
S6_hybrid_rerank,45,2,622.2181209999462,,,,,,,,,,
S6_hybrid_rerank,45,3,625.1497250000284,,,,,,,,,,
S6_hybrid_rerank,45,4,625.4984379999087,,,,,,,,,,
S6_hybrid_rerank,57,0,517.0705240000188,,,,,,,,,,
S6_hybrid_rerank,57,1,516.6371230000095,,,,,,,,,,
S6_hybrid_rerank,57,2,516.8399989998989,,,,,,,,,,
S6_hybrid_rerank,57,3,521.0104340000044,,,,,,,,,,
S6_hybrid_rerank,57,4,521.4525960000174,,,,,,,,,,
S6_hybrid_rerank,58,0,616.0561930000767,,,,,,,,,,
S6_hybrid_rerank,58,1,615.5947900000456,,,,,,,,,,
S6_hybrid_rerank,58,2,616.7520079999349,,,,,,,,,,
S6_hybrid_rerank,58,3,616.5829940000549,,,,,,,,,,
S6_hybrid_rerank,58,4,616.5455160000874,,,,,,,,,,
S6_hybrid_rerank,71,0,521.288530999982,,,,,,,,,,
S6_hybrid_rerank,71,1,522.2426000000269,,,,,,,,,,
S6_hybrid_rerank,71,2,518.2528849999244,,,,,,,,,,
S6_hybrid_rerank,71,3,523.1621340000174,,,,,,,,,,
S6_hybrid_rerank,71,4,523.7812810000833,,,,,,,,,,
S6_hybrid_rerank,74,0,643.8049289999981,,,,,,,,,,
S6_hybrid_rerank,74,1,646.2126049999597,,,,,,,,,,
S6_hybrid_rerank,74,2,641.1586179999631,,,,,,,,,,
S6_hybrid_rerank,74,3,644.1395209999428,,,,,,,,,,
S6_hybrid_rerank,74,4,645.0040329999638,,,,,,,,,,
S6_hybrid_rerank,80,0,636.6243410000152,,,,,,,,,,
S6_hybrid_rerank,80,1,637.0056060000024,,,,,,,,,,
S6_hybrid_rerank,80,2,638.9203869999847,,,,,,,,,,
S6_hybrid_rerank,80,3,640.5858020000323,,,,,,,,,,
S6_hybrid_rerank,80,4,639.9537649999729,,,,,,,,,,
S6_hybrid_rerank,82,0,639.656010000067,,,,,,,,,,
S6_hybrid_rerank,82,1,633.2526050000524,,,,,,,,,,
S6_hybrid_rerank,82,2,632.3923709999235,,,,,,,,,,
S6_hybrid_rerank,82,3,636.6255660000206,,,,,,,,,,
S6_hybrid_rerank,82,4,630.9921679999206,,,,,,,,,,
S6_hybrid_rerank,88,0,591.5222720000202,,,,,,,,,,
S6_hybrid_rerank,88,1,596.71828799992,,,,,,,,,,
S6_hybrid_rerank,88,2,595.9052059999976,,,,,,,,,,
S6_hybrid_rerank,88,3,596.2446229999614,,,,,,,,,,
S6_hybrid_rerank,88,4,591.6253379999716,,,,,,,,,,
S6_hybrid_rerank,92,0,642.828275999932,,,,,,,,,,
S6_hybrid_rerank,92,1,644.2712640000536,,,,,,,,,,
S6_hybrid_rerank,92,2,645.4415949999657,,,,,,,,,,
S6_hybrid_rerank,92,3,646.3003869999966,,,,,,,,,,
S6_hybrid_rerank,92,4,645.5381150000221,,,,,,,,,,
S6_hybrid_rerank,96,0,656.5754590000097,,,,,,,,,,
S6_hybrid_rerank,96,1,659.5706120000386,,,,,,,,,,
S6_hybrid_rerank,96,2,652.9961849998926,,,,,,,,,,
S6_hybrid_rerank,96,3,653.6279619999732,,,,,,,,,,
S6_hybrid_rerank,96,4,653.9330000000518,,,,,,,,,,
S7_gated,2,0,92.50231099997563,False,False,base_confident,0.0,0.11210501194000244,-1.0,0.11210501194000244,AC-3,AC-3,AC-3
S7_gated,2,1,89.84817200007456,False,False,base_confident,0.0,0.11210501194000244,-1.0,0.11210501194000244,AC-3,AC-3,AC-3
S7_gated,2,2,91.71439199997167,False,False,base_confident,0.0,0.11210501194000244,-1.0,0.11210501194000244,AC-3,AC-3,AC-3
S7_gated,2,3,89.53486999996585,False,False,base_confident,0.0,0.11210501194000244,-1.0,0.11210501194000244,AC-3,AC-3,AC-3
S7_gated,2,4,90.60624200003531,False,False,base_confident,0.0,0.11210501194000244,-1.0,0.11210501194000244,AC-3,AC-3,AC-3
S7_gated,4,0,82.05835900002967,False,False,base_confident,0.0,0.12631714344024658,-1.0,0.12631714344024658,AC-7,AC-7,AC-7
S7_gated,4,1,81.30500799995843,False,False,base_confident,0.0,0.12631714344024658,-1.0,0.12631714344024658,AC-7,AC-7,AC-7
S7_gated,4,2,81.5883190000477,False,False,base_confident,0.0,0.12631714344024658,-1.0,0.12631714344024658,AC-7,AC-7,AC-7
S7_gated,4,3,82.29665599992586,False,False,base_confident,0.0,0.12631714344024658,-1.0,0.12631714344024658,AC-7,AC-7,AC-7
S7_gated,4,4,82.33812399998897,False,False,base_confident,0.0,0.12631714344024658,-1.0,0.12631714344024658,AC-7,AC-7,AC-7
S7_gated,13,0,693.9105050000762,True,True,,1.0,0.02692180871963501,0.01883763074874878,0.01883763074874878,AU-4,AU-4,AU-4
S7_gated,13,1,694.1010970000434,True,True,,1.0,0.02692180871963501,0.01883763074874878,0.01883763074874878,AU-4,AU-4,AU-4
S7_gated,13,2,691.9583779999812,True,True,,1.0,0.02692180871963501,0.01883763074874878,0.01883763074874878,AU-4,AU-4,AU-4
S7_gated,13,3,693.6381989999063,True,True,,1.0,0.02692180871963501,0.01883763074874878,0.01883763074874878,AU-4,AU-4,AU-4
S7_gated,13,4,695.5016049998903,True,True,,1.0,0.02692180871963501,0.01883763074874878,0.01883763074874878,AU-4,AU-4,AU-4
S7_gated,19,0,696.9419140000355,True,True,,1.0,0.014913737773895264,0.06917798519134521,0.06917798519134521,CA-6,CA-6,CA-6
S7_gated,19,1,692.04582999987,True,True,,1.0,0.014913737773895264,0.06917798519134521,0.06917798519134521,CA-6,CA-6,CA-6
S7_gated,19,2,693.6605559999407,True,True,,1.0,0.014913737773895264,0.06917798519134521,0.06917798519134521,CA-6,CA-6,CA-6
S7_gated,19,3,696.4805009999964,True,True,,1.0,0.014913737773895264,0.06917798519134521,0.06917798519134521,CA-6,CA-6,CA-6
S7_gated,19,4,693.5976349998327,True,True,,1.0,0.014913737773895264,0.06917798519134521,0.06917798519134521,CA-6,CA-6,CA-6
S7_gated,29,0,538.7618370000382,True,True,,1.0,0.027978062629699707,0.07186949253082275,0.07186949253082275,CP-7,CP-7,CP-7
S7_gated,29,1,538.4614539998438,True,True,,1.0,0.027978062629699707,0.07186949253082275,0.07186949253082275,CP-7,CP-7,CP-7
S7_gated,29,2,538.2637089999207,True,True,,1.0,0.027978062629699707,0.07186949253082275,0.07186949253082275,CP-7,CP-7,CP-7
S7_gated,29,3,538.4432260000267,True,True,,1.0,0.027978062629699707,0.07186949253082275,0.07186949253082275,CP-7,CP-7,CP-7
S7_gated,29,4,540.3152080000382,True,True,,1.0,0.027978062629699707,0.07186949253082275,0.07186949253082275,CP-7,CP-7,CP-7
S7_gated,31,0,630.5523930000163,True,True,,1.0,0.061891794204711914,0.14356732368469238,0.14356732368469238,IA-2,IA-2,IA-2
S7_gated,31,1,630.7455589999336,True,True,,1.0,0.061891794204711914,0.14356732368469238,0.14356732368469238,IA-2,IA-2,IA-2
S7_gated,31,2,630.9197299999596,True,True,,1.0,0.061891794204711914,0.14356732368469238,0.14356732368469238,IA-2,IA-2,IA-2
S7_gated,31,3,631.541777999928,True,True,,1.0,0.061891794204711914,0.14356732368469238,0.14356732368469238,IA-2,IA-2,IA-2
S7_gated,31,4,638.0381940000461,True,True,,1.0,0.061891794204711914,0.14356732368469238,0.14356732368469238,IA-2,IA-2,IA-2
S7_gated,33,0,87.37041400013368,False,False,base_confident,1.0,0.14104312658309937,-1.0,0.14104312658309937,IA-5,IA-5,IA-5
S7_gated,33,1,84.5064260001891,False,False,base_confident,1.0,0.14104312658309937,-1.0,0.14104312658309937,IA-5,IA-5,IA-5
S7_gated,33,2,83.09974500002681,False,False,base_confident,1.0,0.14104312658309937,-1.0,0.14104312658309937,IA-5,IA-5,IA-5
S7_gated,33,3,80.46510700000908,False,False,base_confident,1.0,0.14104312658309937,-1.0,0.14104312658309937,IA-5,IA-5,IA-5
S7_gated,33,4,80.92133699983606,False,False,base_confident,1.0,0.14104312658309937,-1.0,0.14104312658309937,IA-5,IA-5,IA-5
S7_gated,35,0,86.0807440001281,False,False,base_confident,1.0,0.14509719610214233,-1.0,0.14509719610214233,IA-8,IA-8,IA-8
S7_gated,35,1,85.41427500017562,False,False,base_confident,1.0,0.14509719610214233,-1.0,0.14509719610214233,IA-8,IA-8,IA-8
S7_gated,35,2,85.90997999999672,False,False,base_confident,1.0,0.14509719610214233,-1.0,0.14509719610214233,IA-8,IA-8,IA-8
S7_gated,35,3,88.67933800001992,False,False,base_confident,1.0,0.14509719610214233,-1.0,0.14509719610214233,IA-8,IA-8,IA-8
S7_gated,35,4,85.85372699985783,False,False,base_confident,1.0,0.14509719610214233,-1.0,0.14509719610214233,IA-8,IA-8,IA-8
S7_gated,39,0,105.34826399998565,False,False,base_confident,0.0,0.15802377462387085,-1.0,0.15802377462387085,IR-5,IR-5,IR-5
S7_gated,39,1,78.93328599993765,False,False,base_confident,0.0,0.15802377462387085,-1.0,0.15802377462387085,IR-5,IR-5,IR-5
S7_gated,39,2,80.72322299994994,False,False,base_confident,0.0,0.15802377462387085,-1.0,0.15802377462387085,IR-5,IR-5,IR-5
S7_gated,39,3,82.41496300001927,False,False,base_confident,0.0,0.15802377462387085,-1.0,0.15802377462387085,IR-5,IR-5,IR-5
S7_gated,39,4,78.4887989998424,False,False,base_confident,0.0,0.15802377462387085,-1.0,0.15802377462387085,IR-5,IR-5,IR-5
S7_gated,40,0,701.1072960001457,True,True,,0.0,0.0015630125999450684,0.2513951827457597,0.2513951827457597,IR-6.1,IR-6,IR-6
S7_gated,40,1,704.713761999983,True,True,,0.0,0.0015630125999450684,0.2513951827457597,0.2513951827457597,IR-6.1,IR-6,IR-6
S7_gated,40,2,705.3169650000655,True,True,,0.0,0.0015630125999450684,0.2513951827457597,0.2513951827457597,IR-6.1,IR-6,IR-6
S7_gated,40,3,705.5792210001073,True,True,,0.0,0.0015630125999450684,0.2513951827457597,0.2513951827457597,IR-6.1,IR-6,IR-6
S7_gated,40,4,704.4455459999881,True,True,,0.0,0.0015630125999450684,0.2513951827457597,0.2513951827457597,IR-6.1,IR-6,IR-6
S7_gated,45,0,96.2367939998785,False,False,base_confident,1.0,0.11653673648834229,-1.0,0.11653673648834229,MA-6,MA-6,MA-6
S7_gated,45,1,93.98519400019723,False,False,base_confident,1.0,0.11653673648834229,-1.0,0.11653673648834229,MA-6,MA-6,MA-6
S7_gated,45,2,95.2645819997997,False,False,base_confident,1.0,0.11653673648834229,-1.0,0.11653673648834229,MA-6,MA-6,MA-6
S7_gated,45,3,94.45319500014193,False,False,base_confident,1.0,0.11653673648834229,-1.0,0.11653673648834229,MA-6,MA-6,MA-6
S7_gated,45,4,94.71925499997269,False,False,base_confident,1.0,0.11653673648834229,-1.0,0.11653673648834229,MA-6,MA-6,MA-6
S7_gated,57,0,100.67788400010613,False,False,base_confident,1.0,0.39618122577667236,-1.0,0.39618122577667236,PL-4,PL-4,PL-4
S7_gated,57,1,100.05432100001599,False,False,base_confident,1.0,0.39618122577667236,-1.0,0.39618122577667236,PL-4,PL-4,PL-4
S7_gated,57,2,99.96408699998938,False,False,base_confident,1.0,0.39618122577667236,-1.0,0.39618122577667236,PL-4,PL-4,PL-4
S7_gated,57,3,100.2963749999708,False,False,base_confident,1.0,0.39618122577667236,-1.0,0.39618122577667236,PL-4,PL-4,PL-4
S7_gated,57,4,102.01817799998025,False,False,base_confident,1.0,0.39618122577667236,-1.0,0.39618122577667236,PL-4,PL-4,PL-4
S7_gated,58,0,102.59587800010195,False,False,base_confident,1.0,0.562260627746582,-1.0,0.562260627746582,PL-7,PL-7,PL-7
S7_gated,58,1,103.1313290000071,False,False,base_confident,1.0,0.562260627746582,-1.0,0.562260627746582,PL-7,PL-7,PL-7
S7_gated,58,2,103.01814300009937,False,False,base_confident,1.0,0.562260627746582,-1.0,0.562260627746582,PL-7,PL-7,PL-7
S7_gated,58,3,103.88320099991688,False,False,base_confident,1.0,0.562260627746582,-1.0,0.562260627746582,PL-7,PL-7,PL-7
S7_gated,58,4,116.62441099997523,False,False,base_confident,1.0,0.562260627746582,-1.0,0.562260627746582,PL-7,PL-7,PL-7
S7_gated,71,0,652.3897669999315,True,True,,0.0,0.039797961711883545,0.025634837499605025,0.025634837499605025,PT-2,PT-2,PT-2
S7_gated,71,1,634.978885999999,True,True,,0.0,0.039797961711883545,0.025634837499605025,0.025634837499605025,PT-2,PT-2,PT-2
S7_gated,71,2,635.6554999999844,True,True,,0.0,0.039797961711883545,0.025634837499605025,0.025634837499605025,PT-2,PT-2,PT-2
S7_gated,71,3,636.3077920000251,True,True,,0.0,0.039797961711883545,0.025634837499605025,0.025634837499605025,PT-2,PT-2,PT-2
S7_gated,71,4,632.0945720001419,True,True,,0.0,0.039797961711883545,0.025634837499605025,0.025634837499605025,PT-2,PT-2,PT-2
S7_gated,74,0,647.2768739999992,True,True,,1.0,0.03834867477416992,0.033453285694122314,0.033453285694122314,PT-5,PT-5,PT-5
S7_gated,74,1,660.3902969998217,True,True,,1.0,0.03834867477416992,0.033453285694122314,0.033453285694122314,PT-5,PT-5,PT-5
S7_gated,74,2,654.0776029999051,True,True,,1.0,0.03834867477416992,0.033453285694122314,0.033453285694122314,PT-5,PT-5,PT-5
S7_gated,74,3,654.8178650000409,True,True,,1.0,0.03834867477416992,0.033453285694122314,0.033453285694122314,PT-5,PT-5,PT-5
S7_gated,74,4,659.0195599999333,True,True,,1.0,0.03834867477416992,0.033453285694122314,0.033453285694122314,PT-5,PT-5,PT-5
S7_gated,80,0,699.5517919999656,True,False,,0.0,0.0017576813697814941,0.04245595907112809,0.0017576813697814941,SA-15.3,RA-9,SA-15.3
S7_gated,80,1,699.5932190000076,True,False,,0.0,0.0017576813697814941,0.04245595907112809,0.0017576813697814941,SA-15.3,RA-9,SA-15.3
S7_gated,80,2,703.1112719998873,True,False,,0.0,0.0017576813697814941,0.04245595907112809,0.0017576813697814941,SA-15.3,RA-9,SA-15.3
S7_gated,80,3,697.9512549999072,True,False,,0.0,0.0017576813697814941,0.04245595907112809,0.0017576813697814941,SA-15.3,RA-9,SA-15.3
S7_gated,80,4,701.3883209999676,True,False,,0.0,0.0017576813697814941,0.04245595907112809,0.0017576813697814941,SA-15.3,RA-9,SA-15.3
S7_gated,82,0,692.1784390001449,True,True,,1.0,0.05274266004562378,0.06967926025390625,0.06967926025390625,SA-8,SA-8,SA-8
S7_gated,82,1,688.3665850000398,True,True,,1.0,0.05274266004562378,0.06967926025390625,0.06967926025390625,SA-8,SA-8,SA-8
S7_gated,82,2,691.2029799998436,True,True,,1.0,0.05274266004562378,0.06967926025390625,0.06967926025390625,SA-8,SA-8,SA-8
S7_gated,82,3,692.2327570000562,True,True,,1.0,0.05274266004562378,0.06967926025390625,0.06967926025390625,SA-8,SA-8,SA-8
S7_gated,82,4,691.7556890000469,True,True,,1.0,0.05274266004562378,0.06967926025390625,0.06967926025390625,SA-8,SA-8,SA-8
S7_gated,88,0,94.51038400015932,False,False,base_confident,1.0,0.1206100583076477,-1.0,0.1206100583076477,SC-12,SC-12,SC-12
S7_gated,88,1,92.49487600004613,False,False,base_confident,1.0,0.1206100583076477,-1.0,0.1206100583076477,SC-12,SC-12,SC-12
S7_gated,88,2,93.54541199991218,False,False,base_confident,1.0,0.1206100583076477,-1.0,0.1206100583076477,SC-12,SC-12,SC-12
S7_gated,88,3,94.76214100004654,False,False,base_confident,1.0,0.1206100583076477,-1.0,0.1206100583076477,SC-12,SC-12,SC-12
S7_gated,88,4,93.05829300001278,False,False,base_confident,1.0,0.1206100583076477,-1.0,0.1206100583076477,SC-12,SC-12,SC-12
S7_gated,92,0,712.8577140001653,True,True,,1.0,0.03500574827194214,0.1705338954925537,0.1705338954925537,SI-3,SI-3,SI-3
S7_gated,92,1,714.7072230000049,True,True,,1.0,0.03500574827194214,0.1705338954925537,0.1705338954925537,SI-3,SI-3,SI-3
S7_gated,92,2,715.6917049999265,True,True,,1.0,0.03500574827194214,0.1705338954925537,0.1705338954925537,SI-3,SI-3,SI-3
S7_gated,92,3,709.8214009999992,True,True,,1.0,0.03500574827194214,0.1705338954925537,0.1705338954925537,SI-3,SI-3,SI-3
S7_gated,92,4,715.2235539999765,True,True,,1.0,0.03500574827194214,0.1705338954925537,0.1705338954925537,SI-3,SI-3,SI-3
S7_gated,96,0,725.9033780001118,True,True,,1.0,0.045002758502960205,0.07728177309036255,0.07728177309036255,SR-2,SR-2,SR-2
S7_gated,96,1,735.6002779999926,True,True,,1.0,0.045002758502960205,0.07728177309036255,0.07728177309036255,SR-2,SR-2,SR-2
S7_gated,96,2,724.996044000136,True,True,,1.0,0.045002758502960205,0.07728177309036255,0.07728177309036255,SR-2,SR-2,SR-2
S7_gated,96,3,736.2635879999289,True,True,,1.0,0.045002758502960205,0.07728177309036255,0.07728177309036255,SR-2,SR-2,SR-2
S7_gated,96,4,762.2572039999795,True,True,,1.0,0.045002758502960205,0.07728177309036255,0.07728177309036255,SR-2,SR-2,SR-2
S7_worst_always_rerank,2,0,703.5462270000608,True,True,,0.0,0.11210501194000244,0.19651948740941697,0.19651948740941697,AC-3,AC-3,AC-3
S7_worst_always_rerank,2,1,707.0710810000946,True,True,,0.0,0.11210501194000244,0.19651948740941697,0.19651948740941697,AC-3,AC-3,AC-3
S7_worst_always_rerank,2,2,690.4048409999177,True,True,,0.0,0.11210501194000244,0.19651948740941697,0.19651948740941697,AC-3,AC-3,AC-3
S7_worst_always_rerank,2,3,691.9920750001438,True,True,,0.0,0.11210501194000244,0.19651948740941697,0.19651948740941697,AC-3,AC-3,AC-3
S7_worst_always_rerank,2,4,691.3843390000238,True,True,,0.0,0.11210501194000244,0.19651948740941697,0.19651948740941697,AC-3,AC-3,AC-3
S7_worst_always_rerank,4,0,700.9163529999114,True,True,,0.0,0.12631714344024658,0.37746191024780273,0.37746191024780273,AC-7,AC-7,AC-7
S7_worst_always_rerank,4,1,704.8230590000912,True,True,,0.0,0.12631714344024658,0.37746191024780273,0.37746191024780273,AC-7,AC-7,AC-7
S7_worst_always_rerank,4,2,703.6937949999356,True,True,,0.0,0.12631714344024658,0.37746191024780273,0.37746191024780273,AC-7,AC-7,AC-7
S7_worst_always_rerank,4,3,703.7404489999517,True,True,,0.0,0.12631714344024658,0.37746191024780273,0.37746191024780273,AC-7,AC-7,AC-7
S7_worst_always_rerank,4,4,704.0705389999857,True,True,,0.0,0.12631714344024658,0.37746191024780273,0.37746191024780273,AC-7,AC-7,AC-7
S7_worst_always_rerank,13,0,705.1494669999556,True,True,,1.0,0.02692180871963501,0.01883763074874878,0.01883763074874878,AU-4,AU-4,AU-4
S7_worst_always_rerank,13,1,702.7128070001254,True,True,,1.0,0.02692180871963501,0.01883763074874878,0.01883763074874878,AU-4,AU-4,AU-4
S7_worst_always_rerank,13,2,706.3409699999283,True,True,,1.0,0.02692180871963501,0.01883763074874878,0.01883763074874878,AU-4,AU-4,AU-4
S7_worst_always_rerank,13,3,701.7881069998566,True,True,,1.0,0.02692180871963501,0.01883763074874878,0.01883763074874878,AU-4,AU-4,AU-4
S7_worst_always_rerank,13,4,703.1236210000316,True,True,,1.0,0.02692180871963501,0.01883763074874878,0.01883763074874878,AU-4,AU-4,AU-4
S7_worst_always_rerank,19,0,706.7159379998884,True,True,,1.0,0.014913737773895264,0.06917798519134521,0.06917798519134521,CA-6,CA-6,CA-6
S7_worst_always_rerank,19,1,707.0470020000812,True,True,,1.0,0.014913737773895264,0.06917798519134521,0.06917798519134521,CA-6,CA-6,CA-6
S7_worst_always_rerank,19,2,707.6729899999918,True,True,,1.0,0.014913737773895264,0.06917798519134521,0.06917798519134521,CA-6,CA-6,CA-6
S7_worst_always_rerank,19,3,710.1634989999184,True,True,,1.0,0.014913737773895264,0.06917798519134521,0.06917798519134521,CA-6,CA-6,CA-6
S7_worst_always_rerank,19,4,705.5690010001854,True,True,,1.0,0.014913737773895264,0.06917798519134521,0.06917798519134521,CA-6,CA-6,CA-6
S7_worst_always_rerank,29,0,546.1971239999457,True,True,,1.0,0.027978062629699707,0.07186949253082275,0.07186949253082275,CP-7,CP-7,CP-7
S7_worst_always_rerank,29,1,548.362275000045,True,True,,1.0,0.027978062629699707,0.07186949253082275,0.07186949253082275,CP-7,CP-7,CP-7
S7_worst_always_rerank,29,2,545.5855430000156,True,True,,1.0,0.027978062629699707,0.07186949253082275,0.07186949253082275,CP-7,CP-7,CP-7
S7_worst_always_rerank,29,3,549.3632499999421,True,True,,1.0,0.027978062629699707,0.07186949253082275,0.07186949253082275,CP-7,CP-7,CP-7
S7_worst_always_rerank,29,4,549.6363199999905,True,True,,1.0,0.027978062629699707,0.07186949253082275,0.07186949253082275,CP-7,CP-7,CP-7
S7_worst_always_rerank,31,0,642.3555750000105,True,True,,1.0,0.061891794204711914,0.14356732368469238,0.14356732368469238,IA-2,IA-2,IA-2
S7_worst_always_rerank,31,1,639.1482670001096,True,True,,1.0,0.061891794204711914,0.14356732368469238,0.14356732368469238,IA-2,IA-2,IA-2
S7_worst_always_rerank,31,2,642.39479999992,True,True,,1.0,0.061891794204711914,0.14356732368469238,0.14356732368469238,IA-2,IA-2,IA-2
S7_worst_always_rerank,31,3,640.9979219999968,True,True,,1.0,0.061891794204711914,0.14356732368469238,0.14356732368469238,IA-2,IA-2,IA-2
S7_worst_always_rerank,31,4,636.1167800000658,True,True,,1.0,0.061891794204711914,0.14356732368469238,0.14356732368469238,IA-2,IA-2,IA-2
S7_worst_always_rerank,33,0,674.3255439998848,True,True,,1.0,0.14104312658309937,0.420886392798304,0.420886392798304,IA-5,IA-5,IA-5
S7_worst_always_rerank,33,1,681.7917870000656,True,True,,1.0,0.14104312658309937,0.420886392798304,0.420886392798304,IA-5,IA-5,IA-5
S7_worst_always_rerank,33,2,674.2347859999427,True,True,,1.0,0.14104312658309937,0.420886392798304,0.420886392798304,IA-5,IA-5,IA-5
S7_worst_always_rerank,33,3,677.7709250000044,True,True,,1.0,0.14104312658309937,0.420886392798304,0.420886392798304,IA-5,IA-5,IA-5
S7_worst_always_rerank,33,4,677.7037150000069,True,True,,1.0,0.14104312658309937,0.420886392798304,0.420886392798304,IA-5,IA-5,IA-5
S7_worst_always_rerank,35,0,713.0078069999399,True,True,,1.0,0.14509719610214233,0.09910416603088379,0.09910416603088379,IA-8,IA-8,IA-8
S7_worst_always_rerank,35,1,710.5011070000273,True,True,,1.0,0.14509719610214233,0.09910416603088379,0.09910416603088379,IA-8,IA-8,IA-8
S7_worst_always_rerank,35,2,716.2001530000452,True,True,,1.0,0.14509719610214233,0.09910416603088379,0.09910416603088379,IA-8,IA-8,IA-8
S7_worst_always_rerank,35,3,717.1141960000114,True,True,,1.0,0.14509719610214233,0.09910416603088379,0.09910416603088379,IA-8,IA-8,IA-8
S7_worst_always_rerank,35,4,713.9901580001151,True,True,,1.0,0.14509719610214233,0.09910416603088379,0.09910416603088379,IA-8,IA-8,IA-8
S7_worst_always_rerank,39,0,575.0887789999979,True,True,,0.0,0.15802377462387085,0.10291089320427561,0.10291089320427561,IR-5,AU-6,AU-6
S7_worst_always_rerank,39,1,576.5682520000155,True,True,,0.0,0.15802377462387085,0.10291089320427561,0.10291089320427561,IR-5,AU-6,AU-6
S7_worst_always_rerank,39,2,578.0329409999467,True,True,,0.0,0.15802377462387085,0.10291089320427561,0.10291089320427561,IR-5,AU-6,AU-6
S7_worst_always_rerank,39,3,579.1168509999807,True,True,,0.0,0.15802377462387085,0.10291089320427561,0.10291089320427561,IR-5,AU-6,AU-6
S7_worst_always_rerank,39,4,578.4060349999436,True,True,,0.0,0.15802377462387085,0.10291089320427561,0.10291089320427561,IR-5,AU-6,AU-6
S7_worst_always_rerank,40,0,718.4538890001022,True,True,,0.0,0.0015630125999450684,0.2513951827457597,0.2513951827457597,IR-6.1,IR-6,IR-6
S7_worst_always_rerank,40,1,716.8856320001851,True,True,,0.0,0.0015630125999450684,0.2513951827457597,0.2513951827457597,IR-6.1,IR-6,IR-6
S7_worst_always_rerank,40,2,712.1327249999467,True,True,,0.0,0.0015630125999450684,0.2513951827457597,0.2513951827457597,IR-6.1,IR-6,IR-6
S7_worst_always_rerank,40,3,718.7367500000619,True,True,,0.0,0.0015630125999450684,0.2513951827457597,0.2513951827457597,IR-6.1,IR-6,IR-6
S7_worst_always_rerank,40,4,720.4458439998689,True,True,,0.0,0.0015630125999450684,0.2513951827457597,0.2513951827457597,IR-6.1,IR-6,IR-6
S7_worst_always_rerank,45,0,685.9067240000059,True,True,,1.0,0.11653673648834229,0.18066543340682983,0.18066543340682983,MA-6,MA-6,MA-6
S7_worst_always_rerank,45,1,688.4014780000598,True,True,,1.0,0.11653673648834229,0.18066543340682983,0.18066543340682983,MA-6,MA-6,MA-6
S7_worst_always_rerank,45,2,686.9678850000582,True,True,,1.0,0.11653673648834229,0.18066543340682983,0.18066543340682983,MA-6,MA-6,MA-6
S7_worst_always_rerank,45,3,689.3525059999774,True,True,,1.0,0.11653673648834229,0.18066543340682983,0.18066543340682983,MA-6,MA-6,MA-6
S7_worst_always_rerank,45,4,690.2087290000054,True,True,,1.0,0.11653673648834229,0.18066543340682983,0.18066543340682983,MA-6,MA-6,MA-6
S7_worst_always_rerank,57,0,665.6804750000447,True,True,,1.0,0.39618122577667236,0.60599485039711,0.60599485039711,PL-4,PL-4,PL-4
S7_worst_always_rerank,57,1,656.3331039999412,True,True,,1.0,0.39618122577667236,0.60599485039711,0.60599485039711,PL-4,PL-4,PL-4
S7_worst_always_rerank,57,2,660.2433599998676,True,True,,1.0,0.39618122577667236,0.60599485039711,0.60599485039711,PL-4,PL-4,PL-4
S7_worst_always_rerank,57,3,658.1790509999337,True,True,,1.0,0.39618122577667236,0.60599485039711,0.60599485039711,PL-4,PL-4,PL-4
S7_worst_always_rerank,57,4,658.3413420000852,True,True,,1.0,0.39618122577667236,0.60599485039711,0.60599485039711,PL-4,PL-4,PL-4
S7_worst_always_rerank,58,0,665.1643690001947,True,True,,1.0,0.562260627746582,0.6002871990203857,0.6002871990203857,PL-7,PL-7,PL-7
S7_worst_always_rerank,58,1,665.8814760000951,True,True,,1.0,0.562260627746582,0.6002871990203857,0.6002871990203857,PL-7,PL-7,PL-7
S7_worst_always_rerank,58,2,667.8941749999012,True,True,,1.0,0.562260627746582,0.6002871990203857,0.6002871990203857,PL-7,PL-7,PL-7
S7_worst_always_rerank,58,3,664.6252440000353,True,True,,1.0,0.562260627746582,0.6002871990203857,0.6002871990203857,PL-7,PL-7,PL-7
S7_worst_always_rerank,58,4,664.3732780000846,True,True,,1.0,0.562260627746582,0.6002871990203857,0.6002871990203857,PL-7,PL-7,PL-7
S7_worst_always_rerank,71,0,646.989265000002,True,True,,0.0,0.039797961711883545,0.025634837499605025,0.025634837499605025,PT-2,PT-2,PT-2
S7_worst_always_rerank,71,1,646.9058150000819,True,True,,0.0,0.039797961711883545,0.025634837499605025,0.025634837499605025,PT-2,PT-2,PT-2
S7_worst_always_rerank,71,2,650.063105000072,True,True,,0.0,0.039797961711883545,0.025634837499605025,0.025634837499605025,PT-2,PT-2,PT-2
S7_worst_always_rerank,71,3,659.800088999873,True,True,,0.0,0.039797961711883545,0.025634837499605025,0.025634837499605025,PT-2,PT-2,PT-2
S7_worst_always_rerank,71,4,655.435450999903,True,True,,0.0,0.039797961711883545,0.025634837499605025,0.025634837499605025,PT-2,PT-2,PT-2
S7_worst_always_rerank,74,0,668.2459000001018,True,True,,1.0,0.03834867477416992,0.033453285694122314,0.033453285694122314,PT-5,PT-5,PT-5
S7_worst_always_rerank,74,1,660.4737239999849,True,True,,1.0,0.03834867477416992,0.033453285694122314,0.033453285694122314,PT-5,PT-5,PT-5
S7_worst_always_rerank,74,2,663.4197660000609,True,True,,1.0,0.03834867477416992,0.033453285694122314,0.033453285694122314,PT-5,PT-5,PT-5
S7_worst_always_rerank,74,3,664.8029980001411,True,True,,1.0,0.03834867477416992,0.033453285694122314,0.033453285694122314,PT-5,PT-5,PT-5
S7_worst_always_rerank,74,4,666.9805230001202,True,True,,1.0,0.03834867477416992,0.033453285694122314,0.033453285694122314,PT-5,PT-5,PT-5
S7_worst_always_rerank,80,0,711.4588240001467,True,True,,0.0,0.0017576813697814941,0.04245595907112809,0.04245595907112809,SA-15.3,RA-9,RA-9
S7_worst_always_rerank,80,1,710.1085639999383,True,True,,0.0,0.0017576813697814941,0.04245595907112809,0.04245595907112809,SA-15.3,RA-9,RA-9
S7_worst_always_rerank,80,2,715.5317639999339,True,True,,0.0,0.0017576813697814941,0.04245595907112809,0.04245595907112809,SA-15.3,RA-9,RA-9
S7_worst_always_rerank,80,3,714.435739999999,True,True,,0.0,0.0017576813697814941,0.04245595907112809,0.04245595907112809,SA-15.3,RA-9,RA-9
S7_worst_always_rerank,80,4,717.3326439999528,True,True,,0.0,0.0017576813697814941,0.04245595907112809,0.04245595907112809,SA-15.3,RA-9,RA-9
S7_worst_always_rerank,82,0,704.1952299998684,True,True,,1.0,0.05274266004562378,0.06967926025390625,0.06967926025390625,SA-8,SA-8,SA-8
S7_worst_always_rerank,82,1,703.2411779998711,True,True,,1.0,0.05274266004562378,0.06967926025390625,0.06967926025390625,SA-8,SA-8,SA-8
S7_worst_always_rerank,82,2,702.4041550000675,True,True,,1.0,0.05274266004562378,0.06967926025390625,0.06967926025390625,SA-8,SA-8,SA-8
S7_worst_always_rerank,82,3,708.964245000061,True,True,,1.0,0.05274266004562378,0.06967926025390625,0.06967926025390625,SA-8,SA-8,SA-8
S7_worst_always_rerank,82,4,702.9473159998361,True,True,,1.0,0.05274266004562378,0.06967926025390625,0.06967926025390625,SA-8,SA-8,SA-8
S7_worst_always_rerank,88,0,680.6727189998583,True,True,,1.0,0.1206100583076477,0.19076001644134521,0.19076001644134521,SC-12,SC-12,SC-12
S7_worst_always_rerank,88,1,680.505519999997,True,True,,1.0,0.1206100583076477,0.19076001644134521,0.19076001644134521,SC-12,SC-12,SC-12
S7_worst_always_rerank,88,2,684.5672860001741,True,True,,1.0,0.1206100583076477,0.19076001644134521,0.19076001644134521,SC-12,SC-12,SC-12
S7_worst_always_rerank,88,3,678.3678300000702,True,True,,1.0,0.1206100583076477,0.19076001644134521,0.19076001644134521,SC-12,SC-12,SC-12
S7_worst_always_rerank,88,4,680.2618039998833,True,True,,1.0,0.1206100583076477,0.19076001644134521,0.19076001644134521,SC-12,SC-12,SC-12
S7_worst_always_rerank,92,0,729.3142850001004,True,True,,1.0,0.03500574827194214,0.1705338954925537,0.1705338954925537,SI-3,SI-3,SI-3
S7_worst_always_rerank,92,1,726.5929650000089,True,True,,1.0,0.03500574827194214,0.1705338954925537,0.1705338954925537,SI-3,SI-3,SI-3
S7_worst_always_rerank,92,2,724.681948999887,True,True,,1.0,0.03500574827194214,0.1705338954925537,0.1705338954925537,SI-3,SI-3,SI-3
S7_worst_always_rerank,92,3,730.4980260000775,True,True,,1.0,0.03500574827194214,0.1705338954925537,0.1705338954925537,SI-3,SI-3,SI-3
S7_worst_always_rerank,92,4,726.5788659999544,True,True,,1.0,0.03500574827194214,0.1705338954925537,0.1705338954925537,SI-3,SI-3,SI-3
S7_worst_always_rerank,96,0,746.8327560000034,True,True,,1.0,0.045002758502960205,0.07728177309036255,0.07728177309036255,SR-2,SR-2,SR-2
S7_worst_always_rerank,96,1,737.250579999909,True,True,,1.0,0.045002758502960205,0.07728177309036255,0.07728177309036255,SR-2,SR-2,SR-2
S7_worst_always_rerank,96,2,739.2609979999634,True,True,,1.0,0.045002758502960205,0.07728177309036255,0.07728177309036255,SR-2,SR-2,SR-2
S7_worst_always_rerank,96,3,738.4016589999192,True,True,,1.0,0.045002758502960205,0.07728177309036255,0.07728177309036255,SR-2,SR-2,SR-2
S7_worst_always_rerank,96,4,739.8409610000272,True,True,,1.0,0.045002758502960205,0.07728177309036255,0.07728177309036255,SR-2,SR-2,SR-2
