revision,query_id,configuration,requested_width,effective_allowed_width,effective_window_width,window_record_count,window_full_gold_clause_coverage,window_gold_clause_recall,window_gold_clause_precision,gold_has_odp,window_contains_gold_odp_marker,window_sha256
rev5,1,adaptive_v3,adaptive,3,2,24,True,1.0,0.16666666666666666,True,True,0c6f9b7c7f04403eb4f3e03ff1091c53ad8b4f04de2c00ca4125a305b52e2b38
rev5,2,adaptive_v3,adaptive,1,1,21,True,1.0,0.047619047619047616,False,True,9c7ceba5c41327bb96b82abdc36dfeb66efb0494eabda7816aff2378d5d5084a
rev5,3,adaptive_v3,adaptive,1,1,6,True,1.0,0.16666666666666666,False,True,aa1bea2756c6145c70a6f9e8d2d51ac99e3edd321463339512b6d5c523af5973
rev5,4,adaptive_v3,adaptive,1,1,12,True,1.0,0.16666666666666666,True,True,0f7ecfc07dd22d2382f14a09a93ab1e6a82664efcde010c324c4116ddea5cc42
rev5,5,adaptive_v3,adaptive,1,1,4,True,1.0,0.5,True,True,09c3a1f81258effd8dcf80256918f756aaaa5a2d152c6df7701ba653db3172f5
rev5,6,adaptive_v3,adaptive,1,1,13,True,1.0,0.46153846153846156,True,True,82a485f540b18b9c8e4e866e806979b3d61fd93250e6c13405b65d55cec62df3
rev5,7,adaptive_v3,adaptive,3,3,21,True,1.0,0.047619047619047616,False,True,5230da5cac6a0a5cfcd28c694c7cd6af687c4548c8a7cb4b5091b0e3e4fb7875
rev5,8,adaptive_v3,adaptive,3,3,18,True,1.0,0.1111111111111111,True,True,1815f8ec55bbf87326685a84f30350a88379b3482fbb60d0fa56207f28f76269
rev5,9,adaptive_v3,adaptive,1,1,21,True,1.0,0.047619047619047616,False,True,8b035c44573950f657cf2308b98cc0f5b53e8a201faab771f4919bc0a79c71bb
rev5,10,adaptive_v3,adaptive,1,1,13,True,1.0,0.07692307692307693,False,True,cd3427b2c642eb2f6a60dc0c2bd8050ed12d14c5e400d707fb44ee6f5ec643f5
rev5,11,adaptive_v3,adaptive,1,1,7,True,1.0,0.7142857142857143,True,True,d41ee9af53dccd574038b52cb884f3d0c20f0aaf708096dabc12bda9d1936373
rev5,12,adaptive_v3,adaptive,2,2,12,True,1.0,0.5833333333333334,False,True,32d2af4fb8186165318339f77a3bd04309b769a50d13bb473a39dbb91455ff26
rev5,13,adaptive_v3,adaptive,3,2,12,True,1.0,0.08333333333333333,False,True,d507dfee2f98c031791407a26357f2c5cd09a4d36e4733dee3c2bdfb24500217
rev5,14,adaptive_v3,adaptive,1,1,7,True,1.0,0.42857142857142855,True,True,38ba42bbe2f51473a6b45cdb84ffca2ac215a1531aa679d6efc286d638c45164
rev5,15,adaptive_v3,adaptive,1,1,4,True,1.0,0.25,True,True,19017f7ad3d926cc669c05eb5b57d49f79d493df43d122c7491d4cffe26d3bd1
rev5,16,adaptive_v3,adaptive,1,1,13,True,1.0,0.6923076923076923,True,True,32d183df8f520285c4696f0d16b77276c37dac9539225eb2c0118ed1e7ec1052
rev5,17,adaptive_v3,adaptive,1,1,9,True,1.0,0.3333333333333333,True,True,f1194406ac2789160c3b5f32655565dfe8b481a346ccfd3487a141ef7781e195
rev5,18,adaptive_v3,adaptive,3,3,14,True,1.0,0.14285714285714285,True,True,227449074e1815f3c1557d9acc07d30b7877ebe0e674688afe680021fa1f146a
rev5,19,adaptive_v3,adaptive,2,1,13,True,1.0,0.5384615384615384,True,True,ec86ecc984f2a6857eb0baf0873a6d38aa53119e160d0aff8d22dea22fa912c4
rev5,20,adaptive_v3,adaptive,3,3,24,True,1.0,0.3333333333333333,True,True,12bbed802fee9ecd0cba41c12444adcc31559e4fbc14e85d738964a547c5b284
rev5,21,adaptive_v3,adaptive,1,1,13,True,1.0,0.38461538461538464,True,True,118bbb017a1ea5a412c13d86578d35fb94ba303283d05d0fb84faadec237aa44
rev5,22,adaptive_v3,adaptive,3,3,23,True,1.0,0.30434782608695654,True,True,0699349fd1fce5d53f24f7f3e503c89e466c8515227fe08b428b5a70f2d13b77
rev5,23,adaptive_v3,adaptive,2,2,15,False,0.0,0.0,False,True,c0fdd439e97f036e41ba3a8de0bffc5f9a9580426b4130fea541a12b6af92e40
rev5,24,adaptive_v3,adaptive,3,2,11,True,1.0,0.36363636363636365,True,True,44e1f80b745b47a0c29523c9ba224f7ff9e7d42fa9a779ba1958d0884f41fe3c
rev5,25,adaptive_v3,adaptive,2,2,17,True,1.0,0.35294117647058826,True,True,16077561489b075c48288284f056b766781e9e39101e449daad18a8efb7c13c1
rev5,26,adaptive_v3,adaptive,2,2,24,False,0.6666666666666666,0.4166666666666667,True,True,9428b3e3ecea4b90fa85add26f316c2b2da4e6159b156f777be49f6d57d3e30b
rev5,27,adaptive_v3,adaptive,2,2,16,True,1.0,0.3125,True,True,f03d101ddff311dd361866344489204b30b4e689f67ed94d8db63979231612b8
rev5,28,adaptive_v3,adaptive,1,1,13,True,1.0,0.23076923076923078,True,True,c10872c608aea03e5e98a09a0ac4dba893d091793b76257d49ae3ac7a13177a2
rev5,29,adaptive_v3,adaptive,2,2,19,True,1.0,0.15789473684210525,True,True,a29e67c3b61defe01498255490d0941445a0796be5b519bf24f2a719990a82bb
rev5,30,adaptive_v3,adaptive,1,1,14,True,1.0,0.2857142857142857,True,True,f2dcec3b9e88e5de6361a3970e22dc618b27fcbbd323b3e4d9cfd9202b48a4ef
rev5,31,adaptive_v3,adaptive,2,2,6,True,1.0,0.16666666666666666,False,True,66aa2380c3fcd11802a14c819873b9dea479d72eb9dfcf80039de304cfeaa365
rev5,32,adaptive_v3,adaptive,1,1,12,True,1.0,0.4166666666666667,True,True,63e78bdeacabdba60af4f4c34e7af9f7fac51b1e327b4c22660d77434d6c1705
rev5,33,adaptive_v3,adaptive,1,1,21,True,1.0,0.47619047619047616,True,True,9c2a3f1347f12ee0b7860aceda195635a10dd598be80b4e102d83bd03db5b75a
rev5,34,adaptive_v3,adaptive,1,1,10,False,0.0,0.0,False,True,0595ceff06a3c4ca9f14a414d4cbca12d34deb2152245896707e50a367a99d42
rev5,35,adaptive_v3,adaptive,2,2,12,True,1.0,0.08333333333333333,False,True,796f3610e39533a76159e28238c0b2363c843f352c7e1d73612e221a92a51c47
rev5,36,adaptive_v3,adaptive,1,1,13,True,1.0,0.38461538461538464,True,True,b25ad66d4b27879275d271f159d35e732b7453c41940ef356facf01bbb7818c7
rev5,37,adaptive_v3,adaptive,2,1,11,True,1.0,0.09090909090909091,True,True,7bdffbea6e76aad15ec0be5b17880751c954c9588ad4e4c51f1e197af592def4
rev5,38,adaptive_v3,adaptive,1,1,16,True,1.0,0.25,False,True,e1dd8e0be46af409e21e9fb3a19e2d17f2ad743b7eed146f152c3d095d31f209
rev5,39,adaptive_v3,adaptive,1,1,2,True,1.0,0.5,False,True,8ab6119be89b3dd7fb0e52abafb874510c09102ce8299423b9fa04c17b66dad7
rev5,40,adaptive_v3,adaptive,1,1,8,True,1.0,0.25,True,True,be7b32bcc9b10a7510fec39593be38e07205d6454435c7037aaa216c88c7cb66
rev5,41,adaptive_v3,adaptive,1,1,12,True,1.0,0.08333333333333333,False,True,5827aee89b46f3edd42713a70d8a6847f5590b7510c58a9504ead5d600dc79f4
rev5,42,adaptive_v3,adaptive,2,2,24,True,1.0,0.08333333333333333,True,True,1a2f587738f2ab2015e66f792192c5765fd6e80ca093381d0f08a2f1f7529e83
rev5,43,adaptive_v3,adaptive,1,1,24,True,1.0,0.20833333333333334,False,True,7e5acc58a924ab47e822850d39e9188844fa8fd59001cc3f83eb9a0975e94a5b
rev5,44,adaptive_v3,adaptive,3,1,18,True,1.0,0.16666666666666666,False,True,f56bb31ef8b533f9d34745079fa4510f770b47b08e5c803ddc19763031917e3f
rev5,45,adaptive_v3,adaptive,1,1,4,True,1.0,0.25,False,True,a34eef7b0789592810f65ea880c7ef58e0135a6fed59e15aff2af7c3fdfe644e
rev5,46,adaptive_v3,adaptive,3,3,9,True,1.0,0.1111111111111111,False,True,df05ab68619c4bce3dda7f609814aa5ebeae0f16457be69f4d228acb8f7d7da1
rev5,47,adaptive_v3,adaptive,1,1,4,True,1.0,0.5,True,True,b22cc5127319c174c2fb3799f336530f41befd0e487330c584861577db142870
rev5,48,adaptive_v3,adaptive,3,3,13,True,1.0,0.15384615384615385,True,True,b03bf3c0c60997d43d54bccf84679e6b2a2eeddf7ffad01b86b52332692029dd
rev5,49,adaptive_v3,adaptive,1,1,8,True,1.0,0.5,True,True,00ce2ed0fa201ae0ae3de2312b5a4e2ccd26e0911b585d49ad29ec2b6e68932e
rev5,50,adaptive_v3,adaptive,2,1,6,True,1.0,0.3333333333333333,True,True,670154197b8de0e60cdb0f90a88c1eb6719fa99ed2daefb9bfe0fe6cdee0dbeb
rev5,51,adaptive_v3,adaptive,1,1,8,True,1.0,0.5,True,True,678c0266e1cf24544a79f4fe8dae8f1e677b33bc2d8031f72d89098a5f6fbcc3
rev5,52,adaptive_v3,adaptive,2,2,19,True,1.0,0.05263157894736842,False,True,6e96c45222ff65b5c676d87bf474de672f909b9597b5b6b8e460231de18755d1
rev5,53,adaptive_v3,adaptive,3,2,6,True,1.0,0.16666666666666666,False,True,03deac233ee1a2528998f1de01b63bc85e5f773831225c94362c1432a5862bae
rev5,54,adaptive_v3,adaptive,1,1,4,True,1.0,0.25,False,True,7f9f6c91ecc34313a38803ae679adcb0b90114180ca496b017a732106dad676a
rev5,55,adaptive_v3,adaptive,1,1,9,True,1.0,0.3333333333333333,True,True,563c692e077e14d3764b6146748b4606e26e7119893a80686cc06629c84016bb
rev5,56,adaptive_v3,adaptive,1,1,12,False,0.0,0.0,False,True,50f72f2eac332520b5e0c64242349177e2de155b242f543392cd120d4ab5a6cc
rev5,57,adaptive_v3,adaptive,1,1,11,True,1.0,0.09090909090909091,False,True,6648ab0ece8a1f8fa3db50c3d540872f50f417cd822f51e8450672edbe63982d
rev5,58,adaptive_v3,adaptive,1,1,4,True,1.0,0.5,True,True,d78eb6e4b86bb5be154d5af88897566d49d5105c3699d949abd862739817a48e
rev5,59,adaptive_v3,adaptive,3,3,18,True,1.0,0.3888888888888889,True,True,05d074448f52cabcc9eefe56b58b9a561dcf726fb132248b3afa028abce1ef3b
rev5,60,adaptive_v3,adaptive,1,1,2,True,1.0,0.5,False,True,a9d8b9ce65f4b60dfea9cb3bfe80a404289a30e303da374f748379154b50fb53
rev5,61,adaptive_v3,adaptive,1,1,2,True,1.0,0.5,False,True,c0d87ff05480252ab61954370fac49d7c036285912d18245a4740b18d2b1af71
rev5,62,adaptive_v3,adaptive,3,3,13,True,1.0,0.38461538461538464,False,True,ee70435a1163238112240bed6a747993b9fef1952813ec7519d2b9cca921695c
rev5,63,adaptive_v3,adaptive,1,1,2,True,1.0,0.5,False,True,8fad182cfade2ac2e6288a3e68da1e01b1f365e0ba71c2aed494c7d5c42e733c
rev5,64,adaptive_v3,adaptive,3,3,19,True,1.0,0.05263157894736842,False,True,7b8cf97c8329b15eb87d1f626df18f5b396cb540284c143b957360ab3b5bfe65
rev5,65,adaptive_v3,adaptive,3,3,16,True,1.0,0.3125,True,True,a8ba02598af41e8e0e49d97369e1b097e3ca7cb6a1832ac6e251a2baa68ef7c7
rev5,66,adaptive_v3,adaptive,3,3,15,True,1.0,0.2,True,True,88a8b258dfa7c3a00293182278e8d4b2d19553fc5b80359627cb3af354b4e7aa
rev5,67,adaptive_v3,adaptive,1,1,4,True,1.0,0.5,True,True,a57c9776be29239e57f1846c929cd0cc93e598da76a4ddeca890a0839c6c8a27
rev5,68,adaptive_v3,adaptive,3,1,12,True,1.0,0.5,True,True,742ee54685db3e3b9eb8d7e5d296ee07af3439b1257ba5a5d505f1bf409a583d
rev5,69,adaptive_v3,adaptive,1,1,6,True,1.0,0.6666666666666666,True,True,6a589ec5990dd421cd784442298be8a1770e623f97038e840ac9a35883ecdb3f
rev5,70,adaptive_v3,adaptive,1,1,11,True,1.0,0.45454545454545453,True,True,026b3d7cfb222b7fcc88521f7f64c25fb4d612d3986f71c7566863a91d262ad5
rev5,71,adaptive_v3,adaptive,3,3,12,True,1.0,0.16666666666666666,True,True,6dba822c88d952bbca5a24f3c7dbe4ad4fa35941491165dedd102eb1b0b8ac49
rev5,72,adaptive_v3,adaptive,1,1,6,True,1.0,0.6666666666666666,True,True,ee59637db2d526b5c1770122b41da0e3c557548e6e4eedc6b349eb4352319a72
rev5,73,adaptive_v3,adaptive,1,1,8,True,1.0,0.125,False,True,43a482113384bd654534bfe3517bc2621093a6861e5886de0434185a7d6c68f9
rev5,74,adaptive_v3,adaptive,2,1,11,True,1.0,0.5454545454545454,True,True,b37083125ecc5fe8ba58c9591de8b4f8432493c4ad4b30814aa04ec1e20335cd
rev5,75,adaptive_v3,adaptive,1,1,7,True,1.0,0.5714285714285714,False,True,8586525cdff28bfacfc00d5bd1f8cbef7614b42aacced6d5c37457f4d1cd0cba
rev5,76,adaptive_v3,adaptive,1,1,5,True,1.0,0.6,False,True,aa4d52c27844f35547a6a1b088a50be2703749fe29f22e41ebf7c08b8892b189
rev5,77,adaptive_v3,adaptive,1,1,11,True,1.0,0.8181818181818182,True,False,a30c5751c889cfacd6c2c45174e1e46dbfc4cf9a600651234ce97cc8542e0d69
rev5,78,adaptive_v3,adaptive,1,1,22,True,1.0,0.45454545454545453,True,True,41bf9bde3de0967d7e468e7822055b72af4a81171c6d079cd4409dfd75788a5b
rev5,79,adaptive_v3,adaptive,1,1,2,True,1.0,0.5,False,True,51f63b28ac148365c3f67c4e05120a040077565ca05b45dfc1150258eafb4ccf
rev5,80,adaptive_v3,adaptive,3,3,8,True,1.0,0.125,True,True,72ea0d3ecdc3aeae54e26f8198f109c546e6d1c8c26938c3197c9c799f2a5b1e
rev5,81,adaptive_v3,adaptive,1,1,12,True,1.0,0.75,True,True,48e114056c638d5f4c6a35d70be4d0b999002bc16e815a62c814516b23483336
rev5,82,adaptive_v3,adaptive,1,1,16,True,1.0,0.0625,True,True,0ff5a7e1d9bf8beff988d121bc9a45d494da0b976ee67ac9f7667ab00aaab96e
rev5,83,adaptive_v3,adaptive,3,2,18,True,1.0,0.16666666666666666,True,True,0005b19f4f82345f7deeed5a396d1b47f7058aec0fc46bea4629bfd4a2f9cb38
rev5,84,adaptive_v3,adaptive,1,1,11,True,1.0,0.5454545454545454,True,True,1649716a975ef9d3db83bb27f4a95d9fdb3e4664d3395350af9ab071c9a725f4
rev5,85,adaptive_v3,adaptive,2,2,16,True,1.0,0.375,True,True,288049d0dcf39796693c13b15ec7d3ed360c286836c9a03fd9093d86def38840
rev5,86,adaptive_v3,adaptive,1,1,24,True,1.0,0.125,True,True,79a7d9eaf0083d4d96cd843222465a64bae929fa559d1f59047ba42495a0f929
rev5,87,adaptive_v3,adaptive,2,2,23,True,1.0,0.043478260869565216,False,True,027a9195b57cc692511e27ce65bbb799adf64bb3d8fc60620cb736860900c138
rev5,88,adaptive_v3,adaptive,1,1,10,True,1.0,0.1,True,True,1b1a7b4ba6d5984da3a984acf2919c8f225dd6afb212f1f56ca46c65b5859967
rev5,89,adaptive_v3,adaptive,1,1,2,False,0.0,0.0,False,True,24ade47d0d55860d8a03673f395112afe5b3033d35f59428db870008285fae32
rev5,90,adaptive_v3,adaptive,3,3,18,True,1.0,0.05555555555555555,False,True,9dc3b548fad1ff26db2ebd97ca82c6cfade2c08134647fae10949cae3843ec5c
rev5,91,adaptive_v3,adaptive,3,3,18,False,0.75,0.16666666666666666,True,True,aa9f77668d301da05c15901a5f39e7dd0b368f80b96811bfde02885857cbb69d
rev5,92,adaptive_v3,adaptive,1,1,17,True,1.0,0.35294117647058826,True,True,5e67a172fd1d9418c908f1039afc67ace32282d6dc7b9eb005947d019788c4bb
rev5,93,adaptive_v3,adaptive,1,1,12,False,0.9090909090909091,0.8333333333333334,True,True,dba5ca3a6248fff06e323edd98d7859a484e09fb9f76b37060ce4dfcfbda8e3e
rev5,94,adaptive_v3,adaptive,3,2,22,True,1.0,0.09090909090909091,True,True,eac52233b21da6e85ca54c63d6fedda459cfd952a3d384f1b77c00d8f497b4b8
rev5,95,adaptive_v3,adaptive,1,1,8,True,1.0,0.125,False,True,66aa674a64eb2e31c7b562290045c677b49dd5b2900a02c32fa680b48987306a
rev5,96,adaptive_v3,adaptive,2,2,12,True,1.0,0.25,True,True,ca292a2c507de48b428c230e93c576fedebadbfa3149c0f580f9146f071f9e42
rev5,97,adaptive_v3,adaptive,1,1,5,True,1.0,0.6,True,True,69c4241265a761a53c726ceb3e655edb97d018e60bba1b5adbab0d616d019053
rev5,98,adaptive_v3,adaptive,1,1,3,True,1.0,0.3333333333333333,False,True,32c020837ec50e0e4f187195d49936aabed980aefc68db06003fbfa6ae1b2007
rev5,99,adaptive_v3,adaptive,1,1,4,True,1.0,0.25,True,True,f4eb42ce03be1e43694678a5452ba584c5a671d161b74678ad7124ec84a53cde
rev5,100,adaptive_v3,adaptive,1,1,8,True,1.0,0.25,True,True,60037e23e56d4b180cff09c5eda021447adefd2071a882b23df5269db067049d
rev5,1,top1,1,1,1,24,True,1.0,0.16666666666666666,True,True,929eb8cdee9c9cde93cc529d4f397f944c539ebd3bdaf713f5cc6f95f9141f8f
rev5,2,top1,1,1,1,21,True,1.0,0.047619047619047616,False,True,9c7ceba5c41327bb96b82abdc36dfeb66efb0494eabda7816aff2378d5d5084a
rev5,3,top1,1,1,1,6,True,1.0,0.16666666666666666,False,True,aa1bea2756c6145c70a6f9e8d2d51ac99e3edd321463339512b6d5c523af5973
rev5,4,top1,1,1,1,12,True,1.0,0.16666666666666666,True,True,0f7ecfc07dd22d2382f14a09a93ab1e6a82664efcde010c324c4116ddea5cc42
rev5,5,top1,1,1,1,4,True,1.0,0.5,True,True,09c3a1f81258effd8dcf80256918f756aaaa5a2d152c6df7701ba653db3172f5
rev5,6,top1,1,1,1,13,True,1.0,0.46153846153846156,True,True,82a485f540b18b9c8e4e866e806979b3d61fd93250e6c13405b65d55cec62df3
rev5,7,top1,1,1,1,7,True,1.0,0.14285714285714285,False,True,8d1bfe9fbc4c5487292f2c2506a08ad60c5cd32e306585ae5311f168b0ddc8b2
rev5,8,top1,1,1,1,4,True,1.0,0.5,True,True,359591abb36e8fe167c9fe01d460ed95058df7f0d50475a3c4ad7e1b0520bdb7
rev5,9,top1,1,1,1,21,True,1.0,0.047619047619047616,False,True,8b035c44573950f657cf2308b98cc0f5b53e8a201faab771f4919bc0a79c71bb
rev5,10,top1,1,1,1,13,True,1.0,0.07692307692307693,False,True,cd3427b2c642eb2f6a60dc0c2bd8050ed12d14c5e400d707fb44ee6f5ec643f5
rev5,11,top1,1,1,1,7,True,1.0,0.7142857142857143,True,True,d41ee9af53dccd574038b52cb884f3d0c20f0aaf708096dabc12bda9d1936373
rev5,12,top1,1,1,1,2,False,0.0,0.0,False,True,2bc34fd46b9a9fe5bc3d59a9ba8b8a21b8d686ca25a1d5f2ba02f236faec783b
rev5,13,top1,1,1,1,4,True,1.0,0.25,False,True,acdc83b2f0885acd06ba3148089b308e6f1380ee9f68b7e46e9622aa9a243639
rev5,14,top1,1,1,1,7,True,1.0,0.42857142857142855,True,True,38ba42bbe2f51473a6b45cdb84ffca2ac215a1531aa679d6efc286d638c45164
rev5,15,top1,1,1,1,4,True,1.0,0.25,True,True,19017f7ad3d926cc669c05eb5b57d49f79d493df43d122c7491d4cffe26d3bd1
rev5,16,top1,1,1,1,13,True,1.0,0.6923076923076923,True,True,32d183df8f520285c4696f0d16b77276c37dac9539225eb2c0118ed1e7ec1052
rev5,17,top1,1,1,1,9,True,1.0,0.3333333333333333,True,True,f1194406ac2789160c3b5f32655565dfe8b481a346ccfd3487a141ef7781e195
rev5,18,top1,1,1,1,6,True,1.0,0.3333333333333333,True,True,893c77298235828a28312cbf0e47ffbce0a51bbc1bb77a5550f01774c379ad54
rev5,19,top1,1,1,1,13,True,1.0,0.5384615384615384,True,True,ec86ecc984f2a6857eb0baf0873a6d38aa53119e160d0aff8d22dea22fa912c4
rev5,20,top1,1,1,1,20,True,1.0,0.4,True,True,efe7f4897741f3205b09402bf9348615c31cd2538d05b9dae6eda650d45ff01c
rev5,21,top1,1,1,1,13,True,1.0,0.38461538461538464,True,True,118bbb017a1ea5a412c13d86578d35fb94ba303283d05d0fb84faadec237aa44
rev5,22,top1,1,1,1,13,True,1.0,0.5384615384615384,True,True,0e1c0c3cacacf5f18e2f85d2e4b8107cbe160180c37a77ae3587066e987af5fc
rev5,23,top1,1,1,1,13,False,0.0,0.0,False,True,e3e406b6bba96ab4c6aa4452ee1c44d277f0ab7ebd18538807e4d32e177e233b
rev5,24,top1,1,1,1,2,False,0.0,0.0,True,False,ca7717eaedf6bf52a4a13c99e69aa8be4e877782ac87c1bafd99075a336c97f3
rev5,25,top1,1,1,1,15,True,1.0,0.4,True,True,f408ab1ee39b87508d8e6e05e208994927924295cf7a301d30d3c4de5c74962e
rev5,26,top1,1,1,1,18,False,0.6666666666666666,0.5555555555555556,True,True,5cbed2fd156eacfcc8df87bd1a1bfb41889916bba453956ee8b13d1868207ab9
rev5,27,top1,1,1,1,9,True,1.0,0.5555555555555556,True,True,ff2619ae838a6834490707bc038e5021bb2efb9c6ec6f6ff98bcdf99af2995aa
rev5,28,top1,1,1,1,13,True,1.0,0.23076923076923078,True,True,c10872c608aea03e5e98a09a0ac4dba893d091793b76257d49ae3ac7a13177a2
rev5,29,top1,1,1,1,13,True,1.0,0.23076923076923078,True,True,058e1a5e17f133c4d06ceae0694406f8f1338f208f0ec5de63c9411fc850f7a2
rev5,30,top1,1,1,1,14,True,1.0,0.2857142857142857,True,True,f2dcec3b9e88e5de6361a3970e22dc618b27fcbbd323b3e4d9cfd9202b48a4ef
rev5,31,top1,1,1,1,4,True,1.0,0.25,False,True,24e84534acb8bc8f52d8b507fa500c37c2a36f50c6e8d5073c315be54301f842
rev5,32,top1,1,1,1,12,True,1.0,0.4166666666666667,True,True,63e78bdeacabdba60af4f4c34e7af9f7fac51b1e327b4c22660d77434d6c1705
rev5,33,top1,1,1,1,21,True,1.0,0.47619047619047616,True,True,9c2a3f1347f12ee0b7860aceda195635a10dd598be80b4e102d83bd03db5b75a
rev5,34,top1,1,1,1,10,False,0.0,0.0,False,True,0595ceff06a3c4ca9f14a414d4cbca12d34deb2152245896707e50a367a99d42
rev5,35,top1,1,1,1,6,True,1.0,0.16666666666666666,False,True,b79ada28f14d1fca17988238087b6448421a0109ba780bfc89633bf31be4e450
rev5,36,top1,1,1,1,13,True,1.0,0.38461538461538464,True,True,b25ad66d4b27879275d271f159d35e732b7453c41940ef356facf01bbb7818c7
rev5,37,top1,1,1,1,11,True,1.0,0.09090909090909091,True,True,7bdffbea6e76aad15ec0be5b17880751c954c9588ad4e4c51f1e197af592def4
rev5,38,top1,1,1,1,16,True,1.0,0.25,False,True,e1dd8e0be46af409e21e9fb3a19e2d17f2ad743b7eed146f152c3d095d31f209
rev5,39,top1,1,1,1,2,True,1.0,0.5,False,True,8ab6119be89b3dd7fb0e52abafb874510c09102ce8299423b9fa04c17b66dad7
rev5,40,top1,1,1,1,8,True,1.0,0.25,True,True,be7b32bcc9b10a7510fec39593be38e07205d6454435c7037aaa216c88c7cb66
rev5,41,top1,1,1,1,12,True,1.0,0.08333333333333333,False,True,5827aee89b46f3edd42713a70d8a6847f5590b7510c58a9504ead5d600dc79f4
rev5,42,top1,1,1,1,12,True,1.0,0.16666666666666666,True,True,a2974f6a286cb4da4d92dcc98601328727495bb35d5d2fb48699733003e58ff8
rev5,43,top1,1,1,1,24,True,1.0,0.20833333333333334,False,True,7e5acc58a924ab47e822850d39e9188844fa8fd59001cc3f83eb9a0975e94a5b
rev5,44,top1,1,1,1,18,True,1.0,0.16666666666666666,False,True,f56bb31ef8b533f9d34745079fa4510f770b47b08e5c803ddc19763031917e3f
rev5,45,top1,1,1,1,4,True,1.0,0.25,False,True,a34eef7b0789592810f65ea880c7ef58e0135a6fed59e15aff2af7c3fdfe644e
rev5,46,top1,1,1,1,2,True,1.0,0.5,False,True,7daf0a5cc6057ff66f14b5cff907e8cfb952361e1a01ceec7b63cbc92f855754
rev5,47,top1,1,1,1,4,True,1.0,0.5,True,True,b22cc5127319c174c2fb3799f336530f41befd0e487330c584861577db142870
rev5,48,top1,1,1,1,6,False,0.0,0.0,True,False,fb22603c11df935d90df65d8e85944ea21f8a3db0c4ccf58b317d035059cd654
rev5,49,top1,1,1,1,8,True,1.0,0.5,True,True,00ce2ed0fa201ae0ae3de2312b5a4e2ccd26e0911b585d49ad29ec2b6e68932e
rev5,50,top1,1,1,1,6,True,1.0,0.3333333333333333,True,True,670154197b8de0e60cdb0f90a88c1eb6719fa99ed2daefb9bfe0fe6cdee0dbeb
rev5,51,top1,1,1,1,8,True,1.0,0.5,True,True,678c0266e1cf24544a79f4fe8dae8f1e677b33bc2d8031f72d89098a5f6fbcc3
rev5,52,top1,1,1,1,15,True,1.0,0.06666666666666667,False,True,afb95b9432c76f38f0a7a58b2b371fe45db6f645f9cecf462fc0a32b1098220d
rev5,53,top1,1,1,1,2,True,1.0,0.5,False,True,91f002c3559c9456670f1049406cb1a7126f4fdbbc3b2bd4d56bff8c0b7e974e
rev5,54,top1,1,1,1,4,True,1.0,0.25,False,True,7f9f6c91ecc34313a38803ae679adcb0b90114180ca496b017a732106dad676a
rev5,55,top1,1,1,1,9,True,1.0,0.3333333333333333,True,True,563c692e077e14d3764b6146748b4606e26e7119893a80686cc06629c84016bb
rev5,56,top1,1,1,1,12,False,0.0,0.0,False,True,50f72f2eac332520b5e0c64242349177e2de155b242f543392cd120d4ab5a6cc
rev5,57,top1,1,1,1,11,True,1.0,0.09090909090909091,False,True,6648ab0ece8a1f8fa3db50c3d540872f50f417cd822f51e8450672edbe63982d
rev5,58,top1,1,1,1,4,True,1.0,0.5,True,True,d78eb6e4b86bb5be154d5af88897566d49d5105c3699d949abd862739817a48e
rev5,59,top1,1,1,1,2,False,0.0,0.0,True,False,af7434ef30fdd54bb832b86b93904725c23e33450f2420e732df99b408e1f622
rev5,60,top1,1,1,1,2,True,1.0,0.5,False,True,a9d8b9ce65f4b60dfea9cb3bfe80a404289a30e303da374f748379154b50fb53
rev5,61,top1,1,1,1,2,True,1.0,0.5,False,True,c0d87ff05480252ab61954370fac49d7c036285912d18245a4740b18d2b1af71
rev5,62,top1,1,1,1,7,True,1.0,0.7142857142857143,False,True,2ea299422c4bf0be44a3c9bca510fc9145c11614d56aa4a0143d432fe9161239
rev5,63,top1,1,1,1,2,True,1.0,0.5,False,True,8fad182cfade2ac2e6288a3e68da1e01b1f365e0ba71c2aed494c7d5c42e733c
rev5,64,top1,1,1,1,2,True,1.0,0.5,False,True,af7434ef30fdd54bb832b86b93904725c23e33450f2420e732df99b408e1f622
rev5,65,top1,1,1,1,7,True,1.0,0.7142857142857143,True,True,d19dde06278a228b715782a45f9d299522c60eefc74ea28909945432980257e3
rev5,66,top1,1,1,1,5,True,1.0,0.6,True,True,3459cb5534b0d81d1f2029d7bfb6775363c459f567e12f2466c8ab43ba270392
rev5,67,top1,1,1,1,4,True,1.0,0.5,True,True,a57c9776be29239e57f1846c929cd0cc93e598da76a4ddeca890a0839c6c8a27
rev5,68,top1,1,1,1,12,True,1.0,0.5,True,True,742ee54685db3e3b9eb8d7e5d296ee07af3439b1257ba5a5d505f1bf409a583d
rev5,69,top1,1,1,1,6,True,1.0,0.6666666666666666,True,True,6a589ec5990dd421cd784442298be8a1770e623f97038e840ac9a35883ecdb3f
rev5,70,top1,1,1,1,11,True,1.0,0.45454545454545453,True,True,026b3d7cfb222b7fcc88521f7f64c25fb4d612d3986f71c7566863a91d262ad5
rev5,71,top1,1,1,1,4,True,1.0,0.5,True,True,8a0a604b5c2551701655905170283d6c1ec2e9477311b22360da42f04c7e2487
rev5,72,top1,1,1,1,6,True,1.0,0.6666666666666666,True,True,ee59637db2d526b5c1770122b41da0e3c557548e6e4eedc6b349eb4352319a72
rev5,73,top1,1,1,1,8,True,1.0,0.125,False,True,43a482113384bd654534bfe3517bc2621093a6861e5886de0434185a7d6c68f9
rev5,74,top1,1,1,1,11,True,1.0,0.5454545454545454,True,True,b37083125ecc5fe8ba58c9591de8b4f8432493c4ad4b30814aa04ec1e20335cd
rev5,75,top1,1,1,1,7,True,1.0,0.5714285714285714,False,True,8586525cdff28bfacfc00d5bd1f8cbef7614b42aacced6d5c37457f4d1cd0cba
rev5,76,top1,1,1,1,5,True,1.0,0.6,False,True,aa4d52c27844f35547a6a1b088a50be2703749fe29f22e41ebf7c08b8892b189
rev5,77,top1,1,1,1,11,True,1.0,0.8181818181818182,True,False,a30c5751c889cfacd6c2c45174e1e46dbfc4cf9a600651234ce97cc8542e0d69
rev5,78,top1,1,1,1,22,True,1.0,0.45454545454545453,True,True,41bf9bde3de0967d7e468e7822055b72af4a81171c6d079cd4409dfd75788a5b
rev5,79,top1,1,1,1,2,True,1.0,0.5,False,True,51f63b28ac148365c3f67c4e05120a040077565ca05b45dfc1150258eafb4ccf
rev5,80,top1,1,1,1,2,True,1.0,0.5,True,True,515dfdba4d206e64c38816f7477aef685a9d6eb6e3fad232cace64dc6b941dd7
rev5,81,top1,1,1,1,12,True,1.0,0.75,True,True,48e114056c638d5f4c6a35d70be4d0b999002bc16e815a62c814516b23483336
rev5,82,top1,1,1,1,16,True,1.0,0.0625,True,True,0ff5a7e1d9bf8beff988d121bc9a45d494da0b976ee67ac9f7667ab00aaab96e
rev5,83,top1,1,1,1,11,True,1.0,0.2727272727272727,True,True,bb79c58febd8821fb11da1c1de39d9fb99ad670b99a839d943a01d20393d1f72
rev5,84,top1,1,1,1,11,True,1.0,0.5454545454545454,True,True,1649716a975ef9d3db83bb27f4a95d9fdb3e4664d3395350af9ab071c9a725f4
rev5,85,top1,1,1,1,11,True,1.0,0.5454545454545454,True,True,5e26ca16574b32a56d5e412b7e8fc59570843b87f984c2eff3c90969fd86ac92
rev5,86,top1,1,1,1,24,True,1.0,0.125,True,True,79a7d9eaf0083d4d96cd843222465a64bae929fa559d1f59047ba42495a0f929
rev5,87,top1,1,1,1,8,True,1.0,0.125,False,True,96648c8ea495ac10487a26d3c0d94ad261fe033e6f6eb55952919dd708ae7efb
rev5,88,top1,1,1,1,10,True,1.0,0.1,True,True,1b1a7b4ba6d5984da3a984acf2919c8f225dd6afb212f1f56ca46c65b5859967
rev5,89,top1,1,1,1,2,False,0.0,0.0,False,True,24ade47d0d55860d8a03673f395112afe5b3033d35f59428db870008285fae32
rev5,90,top1,1,1,1,4,False,0.0,0.0,False,True,7f6e4736658203d0a57fbb05801a85f76c17abe3216fc72d42582adb76836f7a
rev5,91,top1,1,1,1,9,False,0.75,0.3333333333333333,True,True,7bbbe055eb6f2ef7599fd7fc1fcecade088b25d647995e657d7764e9b13b26c1
rev5,92,top1,1,1,1,17,True,1.0,0.35294117647058826,True,True,5e67a172fd1d9418c908f1039afc67ace32282d6dc7b9eb005947d019788c4bb
rev5,93,top1,1,1,1,12,False,0.9090909090909091,0.8333333333333334,True,True,dba5ca3a6248fff06e323edd98d7859a484e09fb9f76b37060ce4dfcfbda8e3e
rev5,94,top1,1,1,1,8,False,0.0,0.0,True,False,33708aa5ce74f9548f35f501484c8b63f5eecc2451269539ac3ab2be1fbca058
rev5,95,top1,1,1,1,8,True,1.0,0.125,False,True,66aa674a64eb2e31c7b562290045c677b49dd5b2900a02c32fa680b48987306a
rev5,96,top1,1,1,1,7,True,1.0,0.42857142857142855,True,True,71243dab81ba119d5662c6f447db3086ade096f73ad9ef96ae4d3912ecec8d40
rev5,97,top1,1,1,1,5,True,1.0,0.6,True,True,69c4241265a761a53c726ceb3e655edb97d018e60bba1b5adbab0d616d019053
rev5,98,top1,1,1,1,3,True,1.0,0.3333333333333333,False,True,32c020837ec50e0e4f187195d49936aabed980aefc68db06003fbfa6ae1b2007
rev5,99,top1,1,1,1,4,True,1.0,0.25,True,True,f4eb42ce03be1e43694678a5452ba584c5a671d161b74678ad7124ec84a53cde
rev5,100,top1,1,1,1,8,True,1.0,0.25,True,True,60037e23e56d4b180cff09c5eda021447adefd2071a882b23df5269db067049d
rev5,1,top2,2,2,2,24,True,1.0,0.16666666666666666,True,True,0c6f9b7c7f04403eb4f3e03ff1091c53ad8b4f04de2c00ca4125a305b52e2b38
rev5,2,top2,2,2,2,23,True,1.0,0.043478260869565216,False,True,19f8dfa658200216d83821cc9f4703f19ea558d60523ab1860d9835c4a1dec1b
rev5,3,top2,2,2,2,20,True,1.0,0.05,False,True,7819230f05245adbda0a3485dc6279d6b7ae9c7054b77cd0d0d10f964cb4b41c
rev5,4,top2,2,2,1,12,True,1.0,0.16666666666666666,True,True,0f7ecfc07dd22d2382f14a09a93ab1e6a82664efcde010c324c4116ddea5cc42
rev5,5,top2,2,2,2,6,True,1.0,0.3333333333333333,True,True,f886b74fff36037862100bd9fee59fdab93b67d0cb0a41379f481a72d1e29b3d
rev5,6,top2,2,2,2,20,True,1.0,0.3,True,True,9d9733a54c338f91bc78b559436a82e784371f1a38f211951ea771d5a6956827
rev5,7,top2,2,2,2,19,True,1.0,0.05263157894736842,False,True,bd8920f746163a04ee1b2758b193dd9b480d216b43550c37cef146c78d187be8
rev5,8,top2,2,2,2,9,True,1.0,0.2222222222222222,True,True,d788d577c9db109311b8a638f3362636c034531cf406e94059ab474da63d5b5d
rev5,9,top2,2,2,1,21,True,1.0,0.047619047619047616,False,True,8b035c44573950f657cf2308b98cc0f5b53e8a201faab771f4919bc0a79c71bb
rev5,10,top2,2,2,1,13,True,1.0,0.07692307692307693,False,True,cd3427b2c642eb2f6a60dc0c2bd8050ed12d14c5e400d707fb44ee6f5ec643f5
rev5,11,top2,2,2,2,9,True,1.0,0.5555555555555556,True,True,c906c624e58a8fd2bc9af77711605928372698adf739f09d9af2b6849f685e60
rev5,12,top2,2,2,2,12,True,1.0,0.5833333333333334,False,True,32d2af4fb8186165318339f77a3bd04309b769a50d13bb473a39dbb91455ff26
rev5,13,top2,2,2,2,12,True,1.0,0.08333333333333333,False,True,d507dfee2f98c031791407a26357f2c5cd09a4d36e4733dee3c2bdfb24500217
rev5,14,top2,2,2,1,7,True,1.0,0.42857142857142855,True,True,38ba42bbe2f51473a6b45cdb84ffca2ac215a1531aa679d6efc286d638c45164
rev5,15,top2,2,2,2,13,True,1.0,0.07692307692307693,True,True,059f05d92e17dcc8a583acba7810b45f1d5178deab5cd13e84627427b8169fef
rev5,16,top2,2,2,2,20,True,1.0,0.45,True,True,b9b10cbb8294c26b86e4e3a324003b0fd718cf6db61ebc2af2f060fe9009fd20
rev5,17,top2,2,2,1,9,True,1.0,0.3333333333333333,True,True,f1194406ac2789160c3b5f32655565dfe8b481a346ccfd3487a141ef7781e195
rev5,18,top2,2,2,2,13,True,1.0,0.15384615384615385,True,True,24926fa6aebc6b001fb3b1e50d317920433e0d90bf8fa5c8328ac4dae3eb5c9c
rev5,19,top2,2,2,1,13,True,1.0,0.5384615384615384,True,True,ec86ecc984f2a6857eb0baf0873a6d38aa53119e160d0aff8d22dea22fa912c4
rev5,20,top2,2,2,2,22,True,1.0,0.36363636363636365,True,True,6489b5572d17e68a0f79c34b2510bea86b0b99b1a7eb41abe408602ba9865d3d
rev5,21,top2,2,2,1,13,True,1.0,0.38461538461538464,True,True,118bbb017a1ea5a412c13d86578d35fb94ba303283d05d0fb84faadec237aa44
rev5,22,top2,2,2,2,22,True,1.0,0.3181818181818182,True,True,b54e873d047352abc02b7faa28a37e833e8ac44a63e6f6dbe2b32764972d9b4d
rev5,23,top2,2,2,2,15,False,0.0,0.0,False,True,c0fdd439e97f036e41ba3a8de0bffc5f9a9580426b4130fea541a12b6af92e40
rev5,24,top2,2,2,2,11,True,1.0,0.36363636363636365,True,True,44e1f80b745b47a0c29523c9ba224f7ff9e7d42fa9a779ba1958d0884f41fe3c
rev5,25,top2,2,2,2,17,True,1.0,0.35294117647058826,True,True,16077561489b075c48288284f056b766781e9e39101e449daad18a8efb7c13c1
rev5,26,top2,2,2,2,24,False,0.6666666666666666,0.4166666666666667,True,True,9428b3e3ecea4b90fa85add26f316c2b2da4e6159b156f777be49f6d57d3e30b
rev5,27,top2,2,2,2,16,True,1.0,0.3125,True,True,f03d101ddff311dd361866344489204b30b4e689f67ed94d8db63979231612b8
rev5,28,top2,2,2,1,13,True,1.0,0.23076923076923078,True,True,c10872c608aea03e5e98a09a0ac4dba893d091793b76257d49ae3ac7a13177a2
rev5,29,top2,2,2,2,19,True,1.0,0.15789473684210525,True,True,a29e67c3b61defe01498255490d0941445a0796be5b519bf24f2a719990a82bb
rev5,30,top2,2,2,1,14,True,1.0,0.2857142857142857,True,True,f2dcec3b9e88e5de6361a3970e22dc618b27fcbbd323b3e4d9cfd9202b48a4ef
rev5,31,top2,2,2,2,6,True,1.0,0.16666666666666666,False,True,66aa2380c3fcd11802a14c819873b9dea479d72eb9dfcf80039de304cfeaa365
rev5,32,top2,2,2,1,12,True,1.0,0.4166666666666667,True,True,63e78bdeacabdba60af4f4c34e7af9f7fac51b1e327b4c22660d77434d6c1705
rev5,33,top2,2,2,1,21,True,1.0,0.47619047619047616,True,True,9c2a3f1347f12ee0b7860aceda195635a10dd598be80b4e102d83bd03db5b75a
rev5,34,top2,2,2,2,12,True,1.0,0.08333333333333333,False,True,59aac6b5a8af6921e390da7cd865b13f95235c5fbbc945fed5217af7af7c36a2
rev5,35,top2,2,2,2,12,True,1.0,0.08333333333333333,False,True,796f3610e39533a76159e28238c0b2363c843f352c7e1d73612e221a92a51c47
rev5,36,top2,2,2,2,15,True,1.0,0.3333333333333333,True,True,9b8ff5bfec07bab0b29088295902aa5cb23be63fd6df7b1a963779ecece84fa9
rev5,37,top2,2,2,1,11,True,1.0,0.09090909090909091,True,True,7bdffbea6e76aad15ec0be5b17880751c954c9588ad4e4c51f1e197af592def4
rev5,38,top2,2,2,1,16,True,1.0,0.25,False,True,e1dd8e0be46af409e21e9fb3a19e2d17f2ad743b7eed146f152c3d095d31f209
rev5,39,top2,2,2,2,8,True,1.0,0.125,False,True,17e0d8e347fca49e02d95f8022dcb98d04044fbfc7049693464ec35c0a8af4d6
rev5,40,top2,2,2,1,8,True,1.0,0.25,True,True,be7b32bcc9b10a7510fec39593be38e07205d6454435c7037aaa216c88c7cb66
rev5,41,top2,2,2,2,18,True,1.0,0.05555555555555555,False,True,4108dfa07c81b65639e1e65455baeac61f25224b9409214f45d92488bac928a9
rev5,42,top2,2,2,2,24,True,1.0,0.08333333333333333,True,True,1a2f587738f2ab2015e66f792192c5765fd6e80ca093381d0f08a2f1f7529e83
rev5,43,top2,2,2,1,24,True,1.0,0.20833333333333334,False,True,7e5acc58a924ab47e822850d39e9188844fa8fd59001cc3f83eb9a0975e94a5b
rev5,44,top2,2,2,1,18,True,1.0,0.16666666666666666,False,True,f56bb31ef8b533f9d34745079fa4510f770b47b08e5c803ddc19763031917e3f
rev5,45,top2,2,2,2,8,True,1.0,0.125,False,True,95cd5cac81a06d458d5897dbbce1f74cfc7abf0688daaf60dc2bbfe9a1fa93c4
rev5,46,top2,2,2,2,5,True,1.0,0.2,False,True,233f3e34752889357d9b9adb79ee8370b140701e49980027603ddf66a8c37380
rev5,47,top2,2,2,2,6,True,1.0,0.3333333333333333,True,True,1f80f02075fabc37a20f9f181b5a8867d5bc20e0418c4eeed43e5803ae42d59f
rev5,48,top2,2,2,2,10,True,1.0,0.2,True,True,b55b27f7353161ba44ac012fbd89aee5fcbfcbed7084087ad4078fbae7d5e0ca
rev5,49,top2,2,2,2,12,True,1.0,0.3333333333333333,True,True,ac5df342166fb4ca9c789de37651b93894bdfe3c3a8b1fc1ed4a5d4e98d11913
rev5,50,top2,2,2,1,6,True,1.0,0.3333333333333333,True,True,670154197b8de0e60cdb0f90a88c1eb6719fa99ed2daefb9bfe0fe6cdee0dbeb
rev5,51,top2,2,2,2,21,True,1.0,0.19047619047619047,True,True,6e2e66e30487c6312fe9a8f381504033d3bafd4284899adb72e272c9c757cf98
rev5,52,top2,2,2,2,19,True,1.0,0.05263157894736842,False,True,6e96c45222ff65b5c676d87bf474de672f909b9597b5b6b8e460231de18755d1
rev5,53,top2,2,2,2,6,True,1.0,0.16666666666666666,False,True,03deac233ee1a2528998f1de01b63bc85e5f773831225c94362c1432a5862bae
rev5,54,top2,2,2,2,5,True,1.0,0.2,False,True,4ac45ff01d55d3a0af3772cc560b16fea4746fed8adf71d00bc5f95c0dda42a5
rev5,55,top2,2,2,2,22,True,1.0,0.13636363636363635,True,True,5cb5828868f177a63c00babee70c45f6bea4b963d7d064b4ed85df792eefdd9d
rev5,56,top2,2,2,2,23,False,0.0,0.0,False,True,8a6fcc409bbe1b4bac30bedc17dd7c5a2623e633d731bb4fd7607723428bdd87
rev5,57,top2,2,2,2,24,False,0.0,0.0,False,True,5f223e1b3f7bbde84109a9fb9248c105da54eb64c9fe7e786cd03b24172df007
rev5,58,top2,2,2,2,16,True,1.0,0.125,True,True,b151e35b109bc69a912741ff99fde94c546ed2bc728b69c191780eba4ad7db92
rev5,59,top2,2,2,2,13,True,1.0,0.5384615384615384,True,True,859bdf316821ac18e1e3997235b5308b08698359595886f563f52626daf5c5fb
rev5,60,top2,2,2,2,4,True,1.0,0.25,False,True,6e22f4b5fe30af844aefbbd13fb5ba3e06c2d15896306162665fbcf3baf349c7
rev5,61,top2,2,2,2,4,True,1.0,0.25,False,True,ad07f6404d00ece5fc0a2480a73a5158e52a467189b79a798a712a93e1634b32
rev5,62,top2,2,2,2,11,True,1.0,0.45454545454545453,False,True,dfc906751623b1c1c4f644b8b460294f6f3715ec07929dd499e5f38fc3bf3462
rev5,63,top2,2,2,2,8,True,1.0,0.125,False,True,7578e3c6b29275071ea3f7402560f6d4cc32583136ced2dc0ba732fc87397fd7
rev5,64,top2,2,2,2,13,True,1.0,0.07692307692307693,False,True,83b3c09830bb9fa86138f1de674032295b2c003052096447c9dc849157ab6a39
rev5,65,top2,2,2,2,12,True,1.0,0.4166666666666667,True,True,870b388932c94c8f8ecbc27fdfc93ec9afebb273dbade7f348249921edfc9afc
rev5,66,top2,2,2,2,11,True,1.0,0.2727272727272727,True,True,4a0c1a14763846e8b58523f1baf88fe405a47fd465726c5dc48df0bd4d1406b9
rev5,67,top2,2,2,2,8,True,1.0,0.25,True,True,a480d71cc817099b254e2af123f35a6526dcf94370bfc284ce5a7509c1093958
rev5,68,top2,2,2,1,12,True,1.0,0.5,True,True,742ee54685db3e3b9eb8d7e5d296ee07af3439b1257ba5a5d505f1bf409a583d
rev5,69,top2,2,2,2,19,True,1.0,0.21052631578947367,True,True,27dd5a67fcb96d34e781f11fbdb81c9372ba7507db7cd7618e82bfc8c9a189d0
rev5,70,top2,2,2,2,16,True,1.0,0.3125,True,True,7a4c106f5ad5c189aeabfee5a957d9234bbb0a5a30b55ace560ae3e1b6694c2e
rev5,71,top2,2,2,2,10,True,1.0,0.2,True,True,5e8bd33477df223303ddb4bbcaba1cab03e5a732947308459fafa91fd4bfea18
rev5,72,top2,2,2,2,12,True,1.0,0.3333333333333333,True,True,1b3f23ffcc9582a8879dc18f96f065ef8cf5bd72acb7d38b215c4282031f7df9
rev5,73,top2,2,2,1,8,True,1.0,0.125,False,True,43a482113384bd654534bfe3517bc2621093a6861e5886de0434185a7d6c68f9
rev5,74,top2,2,2,1,11,True,1.0,0.5454545454545454,True,True,b37083125ecc5fe8ba58c9591de8b4f8432493c4ad4b30814aa04ec1e20335cd
rev5,75,top2,2,2,2,11,True,1.0,0.36363636363636365,False,True,943538304f23ec1a8d3a5e63f812094a852587a13b7a94b2746958cbbc2a5f5d
rev5,76,top2,2,2,2,7,True,1.0,0.42857142857142855,False,True,43dc36413e32665dd1608c29555a406be62e3d6fcc21a5be33aeca751ac20a21
rev5,77,top2,2,2,2,24,True,1.0,0.375,True,False,c1a9515aac8efd254e467657d2078155dc4a5e74fcc88f30a2671d21e3834e22
rev5,78,top2,2,2,1,22,True,1.0,0.45454545454545453,True,True,41bf9bde3de0967d7e468e7822055b72af4a81171c6d079cd4409dfd75788a5b
rev5,79,top2,2,2,2,11,True,1.0,0.09090909090909091,False,True,41166f6e49d29fcb27e9c3b499e81adca6550c4a2897e8729c21bc8383612d06
rev5,80,top2,2,2,2,6,True,1.0,0.16666666666666666,True,True,9f3edb4c53ad49cd3650eba1d5b1ce5820bad0ed425477b9bd01343f98363d09
rev5,81,top2,2,2,2,24,True,1.0,0.375,True,True,e004568359146bece223d68f7e5c732e2e827857e04bf9792ffdb84cd50320b4
rev5,82,top2,2,2,1,16,True,1.0,0.0625,True,True,0ff5a7e1d9bf8beff988d121bc9a45d494da0b976ee67ac9f7667ab00aaab96e
rev5,83,top2,2,2,2,18,True,1.0,0.16666666666666666,True,True,0005b19f4f82345f7deeed5a396d1b47f7058aec0fc46bea4629bfd4a2f9cb38
rev5,84,top2,2,2,1,11,True,1.0,0.5454545454545454,True,True,1649716a975ef9d3db83bb27f4a95d9fdb3e4664d3395350af9ab071c9a725f4
rev5,85,top2,2,2,2,16,True,1.0,0.375,True,True,288049d0dcf39796693c13b15ec7d3ed360c286836c9a03fd9093d86def38840
rev5,86,top2,2,2,2,24,True,1.0,0.125,True,True,8c733e4bff98ef2bb413e4645172582b59f404d0896be66341b085aa7e6d0dbb
rev5,87,top2,2,2,2,23,True,1.0,0.043478260869565216,False,True,027a9195b57cc692511e27ce65bbb799adf64bb3d8fc60620cb736860900c138
rev5,88,top2,2,2,2,12,True,1.0,0.08333333333333333,True,True,b7b7413a56600216cf99a27b2182c28b7688432ca0389e4312d8dd5c18e217aa
rev5,89,top2,2,2,2,6,True,1.0,0.16666666666666666,False,True,6bc6ef55528cf3c087259fc19a6d8bcacc3bc3f2d33f2d38a2ea972ac6334a4c
rev5,90,top2,2,2,2,8,True,1.0,0.125,False,True,12c2fbc201f6ca639b20ffbae7562a574da9980baaf12a65d53c6fa05caf8565
rev5,91,top2,2,2,2,10,False,0.75,0.3,True,True,a1dddb790d2b2f68fae4de1294dbb336e0a0ba555fc8dc314c6b9468e7953fe4
rev5,92,top2,2,2,1,17,True,1.0,0.35294117647058826,True,True,5e67a172fd1d9418c908f1039afc67ace32282d6dc7b9eb005947d019788c4bb
rev5,93,top2,2,2,2,16,False,0.9090909090909091,0.625,True,True,a38380406bc7197716b4ec8e157741666444bab837425c97c48d9abc1644edb6
rev5,94,top2,2,2,2,22,True,1.0,0.09090909090909091,True,True,eac52233b21da6e85ca54c63d6fedda459cfd952a3d384f1b77c00d8f497b4b8
rev5,95,top2,2,2,1,8,True,1.0,0.125,False,True,66aa674a64eb2e31c7b562290045c677b49dd5b2900a02c32fa680b48987306a
rev5,96,top2,2,2,2,12,True,1.0,0.25,True,True,ca292a2c507de48b428c230e93c576fedebadbfa3149c0f580f9146f071f9e42
rev5,97,top2,2,2,2,7,True,1.0,0.42857142857142855,True,True,1739c1d4916a027f0422d27ea86a878ea78c425bfdda0168db430a472e340a13
rev5,98,top2,2,2,2,7,True,1.0,0.14285714285714285,False,True,b5069f03d63eb51885a9d11936f986e9ff67aada424fba1714704bbe96cd6504
rev5,99,top2,2,2,2,8,True,1.0,0.125,True,True,fbd614aa83681645f8a8f1393bef9020dce1e2cb53fbee60a474dc82e011cb19
rev5,100,top2,2,2,1,8,True,1.0,0.25,True,True,60037e23e56d4b180cff09c5eda021447adefd2071a882b23df5269db067049d
rev5,1,top3,3,3,2,24,True,1.0,0.16666666666666666,True,True,0c6f9b7c7f04403eb4f3e03ff1091c53ad8b4f04de2c00ca4125a305b52e2b38
rev5,2,top3,3,3,3,24,True,1.0,0.041666666666666664,False,True,9d1c4034919eefa747a58e8713743eb103125db4acd9ddd712d5829d70ae2313
rev5,3,top3,3,3,2,20,True,1.0,0.05,False,True,7819230f05245adbda0a3485dc6279d6b7ae9c7054b77cd0d0d10f964cb4b41c
rev5,4,top3,3,3,2,18,True,1.0,0.1111111111111111,True,True,48fac6530abed8811ead7ce1938893f044db1abdbb4617386d36349972684e3a
rev5,5,top3,3,3,3,12,True,1.0,0.16666666666666666,True,True,42439efdb8550cca35f9b88d5bf51eefc5705fc3744ac034b49ab0070273e040
rev5,6,top3,3,3,3,24,True,1.0,0.25,True,True,1465cf45c868d3c64e75362188fe163b23ebfff52fe847a1c6eb377f9930b22d
rev5,7,top3,3,3,3,21,True,1.0,0.047619047619047616,False,True,5230da5cac6a0a5cfcd28c694c7cd6af687c4548c8a7cb4b5091b0e3e4fb7875
rev5,8,top3,3,3,3,18,True,1.0,0.1111111111111111,True,True,1815f8ec55bbf87326685a84f30350a88379b3482fbb60d0fa56207f28f76269
rev5,9,top3,3,3,2,24,True,1.0,0.041666666666666664,False,True,582b962ddc38eef498e01b9b0a38be8da2440c13f845881a8962e66cbaab511f
rev5,10,top3,3,3,2,17,True,1.0,0.058823529411764705,False,True,41b4e0e6d4ff991d768b81391ce1775288b1c6a1faa5306d25e63bdade083d8c
rev5,11,top3,3,3,3,12,True,1.0,0.4166666666666667,True,True,ccbcbff9e1d6a87ce3372da5468cda317400c0b60f8d08b4adffda7dcd96cd7f
rev5,12,top3,3,3,3,16,True,1.0,0.4375,False,True,e96c735c4c14adfd72015e351b5c9bec07bf7341587b112c0ab125d1c0c7ae3d
rev5,13,top3,3,3,2,12,True,1.0,0.08333333333333333,False,True,d507dfee2f98c031791407a26357f2c5cd09a4d36e4733dee3c2bdfb24500217
rev5,14,top3,3,3,2,11,True,1.0,0.2727272727272727,True,True,a91b510ec0034cb84d52e19249ecc4dd96534a485ae8311d20be8177d3bb7049
rev5,15,top3,3,3,3,17,True,1.0,0.058823529411764705,True,True,dfeb5ca00cf6201a52b35bf95850dee7c681e373656be45f2f502f2b47ddb4cb
rev5,16,top3,3,3,3,24,True,1.0,0.375,True,True,9bb811f36c25fa3cdcff291b6c1a931624891871275edf3bd9274c9672248064
rev5,17,top3,3,3,2,15,True,1.0,0.2,True,True,e5eff73334854b787d7bef8a22b804c86f81d6a74df7ca662c63646e572707c9
rev5,18,top3,3,3,3,14,True,1.0,0.14285714285714285,True,True,227449074e1815f3c1557d9acc07d30b7877ebe0e674688afe680021fa1f146a
rev5,19,top3,3,3,2,18,True,1.0,0.3888888888888889,True,True,b253e8d2a5e7c3a11d7671a92752777716f64d3ea4d55435c643e4e8e506df9b
rev5,20,top3,3,3,3,24,True,1.0,0.3333333333333333,True,True,12bbed802fee9ecd0cba41c12444adcc31559e4fbc14e85d738964a547c5b284
rev5,21,top3,3,3,2,17,True,1.0,0.29411764705882354,True,True,dbb2e7d7a2cc0e8a23bcb14cdc0662eabc72af9ac395695a7bf840fcb717e926
rev5,22,top3,3,3,3,23,True,1.0,0.30434782608695654,True,True,0699349fd1fce5d53f24f7f3e503c89e466c8515227fe08b428b5a70f2d13b77
rev5,23,top3,3,3,3,17,False,0.0,0.0,False,True,76d6ff0fdbdbe88fb18c2bbaf8d185b238848ce4678b84d75ac809a7ca628bbb
rev5,24,top3,3,3,2,11,True,1.0,0.36363636363636365,True,True,44e1f80b745b47a0c29523c9ba224f7ff9e7d42fa9a779ba1958d0884f41fe3c
rev5,25,top3,3,3,2,17,True,1.0,0.35294117647058826,True,True,16077561489b075c48288284f056b766781e9e39101e449daad18a8efb7c13c1
rev5,26,top3,3,3,3,24,False,0.6666666666666666,0.4166666666666667,True,True,53a88471e126dd9d77f84b3479b9d9f479fb35c68091885748b3d6063d5b7dbb
rev5,27,top3,3,3,3,23,True,1.0,0.21739130434782608,True,True,49a0da7d9873925a2b613173c827595b8592a09c5d904a73db3d8d7198df36e7
rev5,28,top3,3,3,2,18,True,1.0,0.16666666666666666,True,True,952eb47eadd4277ce11c28b8ae022663315121120ff5188463eacf313718f676
rev5,29,top3,3,3,2,19,True,1.0,0.15789473684210525,True,True,a29e67c3b61defe01498255490d0941445a0796be5b519bf24f2a719990a82bb
rev5,30,top3,3,3,1,14,True,1.0,0.2857142857142857,True,True,f2dcec3b9e88e5de6361a3970e22dc618b27fcbbd323b3e4d9cfd9202b48a4ef
rev5,31,top3,3,3,3,8,True,1.0,0.125,False,True,143a1e4cbd86005910f51cc78c5bc73bdebde207809ed306432b5fbb3092ac7f
rev5,32,top3,3,3,2,14,True,1.0,0.35714285714285715,True,True,e5aebaeab29ca2edd91fc0f8c0de52337c5c3c19401cce6e0ab3301c8c07b765
rev5,33,top3,3,3,1,21,True,1.0,0.47619047619047616,True,True,9c2a3f1347f12ee0b7860aceda195635a10dd598be80b4e102d83bd03db5b75a
rev5,34,top3,3,3,3,14,True,1.0,0.07142857142857142,False,True,7f7622cf3b1ebed15f92d5ef0bd35604bd660c3fad18e12f757b8e236227a07a
rev5,35,top3,3,3,3,16,True,1.0,0.0625,False,True,fbf53a675a7e96dfcfaad88eda631ac78b7470d1bf6cd1bd15ca55f62d7e6b15
rev5,36,top3,3,3,2,15,True,1.0,0.3333333333333333,True,True,9b8ff5bfec07bab0b29088295902aa5cb23be63fd6df7b1a963779ecece84fa9
rev5,37,top3,3,3,1,11,True,1.0,0.09090909090909091,True,True,7bdffbea6e76aad15ec0be5b17880751c954c9588ad4e4c51f1e197af592def4
rev5,38,top3,3,3,1,16,True,1.0,0.25,False,True,e1dd8e0be46af409e21e9fb3a19e2d17f2ad743b7eed146f152c3d095d31f209
rev5,39,top3,3,3,3,13,True,1.0,0.07692307692307693,False,True,a983a663c9fbc17c0a00838fbcaadb3d006a1349dd8b205e409601d4a89ee498
rev5,40,top3,3,3,2,10,True,1.0,0.2,True,True,cb16870a32747c0b76549fe9fb266434d30cddaad4d083e6ba4aff5d3975626a
rev5,41,top3,3,3,2,18,True,1.0,0.05555555555555555,False,True,4108dfa07c81b65639e1e65455baeac61f25224b9409214f45d92488bac928a9
rev5,42,top3,3,3,2,24,True,1.0,0.08333333333333333,True,True,1a2f587738f2ab2015e66f792192c5765fd6e80ca093381d0f08a2f1f7529e83
rev5,43,top3,3,3,1,24,True,1.0,0.20833333333333334,False,True,7e5acc58a924ab47e822850d39e9188844fa8fd59001cc3f83eb9a0975e94a5b
rev5,44,top3,3,3,1,18,True,1.0,0.16666666666666666,False,True,f56bb31ef8b533f9d34745079fa4510f770b47b08e5c803ddc19763031917e3f
rev5,45,top3,3,3,3,10,True,1.0,0.1,False,True,9f5edfe552d15ff8310794eecde95acee1bdd77379465104bbba2852c11f0b8f
rev5,46,top3,3,3,3,9,True,1.0,0.1111111111111111,False,True,df05ab68619c4bce3dda7f609814aa5ebeae0f16457be69f4d228acb8f7d7da1
rev5,47,top3,3,3,3,12,True,1.0,0.16666666666666666,True,True,2e772fb41a0492dd75b3100659ba1af1d4502f293bb3d9458de3ab799b945e46
rev5,48,top3,3,3,3,13,True,1.0,0.15384615384615385,True,True,b03bf3c0c60997d43d54bccf84679e6b2a2eeddf7ffad01b86b52332692029dd
rev5,49,top3,3,3,2,12,True,1.0,0.3333333333333333,True,True,ac5df342166fb4ca9c789de37651b93894bdfe3c3a8b1fc1ed4a5d4e98d11913
rev5,50,top3,3,3,2,12,True,1.0,0.16666666666666666,True,True,5f022e5dee2efc780a3af106c8b6e11ffe2fe3f9c7b9d4847803cbdf98aab37f
rev5,51,top3,3,3,3,24,True,1.0,0.16666666666666666,True,True,ea2f8134c19032e82ae3bea9e050bc678004af56e7e9eb914d4b1f620020a932
rev5,52,top3,3,3,3,21,True,1.0,0.047619047619047616,False,True,4db59826193d9425dfa4627f933241f798a7ab6b167ee45d37627803cd0b053f
rev5,53,top3,3,3,2,6,True,1.0,0.16666666666666666,False,True,03deac233ee1a2528998f1de01b63bc85e5f773831225c94362c1432a5862bae
rev5,54,top3,3,3,3,9,True,1.0,0.1111111111111111,False,True,be7820a43e4894e6b6c9d4a1661441c848fc9c61d7a3ebec657368feb1e5ae45
rev5,55,top3,3,3,2,22,True,1.0,0.13636363636363635,True,True,5cb5828868f177a63c00babee70c45f6bea4b963d7d064b4ed85df792eefdd9d
rev5,56,top3,3,3,3,24,False,0.0,0.0,False,True,5b003f17da3f99c53e051e6fec981fff7554258d8237b1ba5f2aee305df6b339
rev5,57,top3,3,3,2,24,False,0.0,0.0,False,True,5f223e1b3f7bbde84109a9fb9248c105da54eb64c9fe7e786cd03b24172df007
rev5,58,top3,3,3,3,18,True,1.0,0.1111111111111111,True,True,ef5e8cc41853b963e9a0ef57465c4fba174728292070ea9549d035868ef04436
rev5,59,top3,3,3,3,18,True,1.0,0.3888888888888889,True,True,05d074448f52cabcc9eefe56b58b9a561dcf726fb132248b3afa028abce1ef3b
rev5,60,top3,3,3,3,6,True,1.0,0.16666666666666666,False,True,b7d21f710028fb74ea662454dee85ebfa977e8d03113cde7356c871eda9467f1
rev5,61,top3,3,3,3,6,True,1.0,0.16666666666666666,False,True,ccff203b243955ce15a75a0f5af78868f565000e886072e577bfd521dc12d214
rev5,62,top3,3,3,3,13,True,1.0,0.38461538461538464,False,True,ee70435a1163238112240bed6a747993b9fef1952813ec7519d2b9cca921695c
rev5,63,top3,3,3,3,10,True,1.0,0.1,False,True,881bdf32e6bfd0927ec3391b7b72506c902ce98b03c2fb55314818f11cc6d45f
rev5,64,top3,3,3,3,19,True,1.0,0.05263157894736842,False,True,7b8cf97c8329b15eb87d1f626df18f5b396cb540284c143b957360ab3b5bfe65
rev5,65,top3,3,3,3,16,True,1.0,0.3125,True,True,a8ba02598af41e8e0e49d97369e1b097e3ca7cb6a1832ac6e251a2baa68ef7c7
rev5,66,top3,3,3,3,15,True,1.0,0.2,True,True,88a8b258dfa7c3a00293182278e8d4b2d19553fc5b80359627cb3af354b4e7aa
rev5,67,top3,3,3,3,14,True,1.0,0.14285714285714285,True,True,2c82340301aea4d01dcaf8067fe13f93e0ca91d3649008b8e6328e3b3f04d58c
rev5,68,top3,3,3,1,12,True,1.0,0.5,True,True,742ee54685db3e3b9eb8d7e5d296ee07af3439b1257ba5a5d505f1bf409a583d
rev5,69,top3,3,3,3,24,True,1.0,0.16666666666666666,True,True,dec3eaa1f499405847fe56f7ec16997b7edabea8017c9bbe7c5a716897c26106
rev5,70,top3,3,3,3,21,True,1.0,0.23809523809523808,True,True,e2610e303b91ff515e9ccdfa5f150aa869e50a6a3725a2efad94bc4a92e899dc
rev5,71,top3,3,3,3,12,True,1.0,0.16666666666666666,True,True,6dba822c88d952bbca5a24f3c7dbe4ad4fa35941491165dedd102eb1b0b8ac49
rev5,72,top3,3,3,3,16,True,1.0,0.25,True,True,4d2368def02e328c8d86fe3290aa6000df69d75bfa12f204cb4ccae88bc03d81
rev5,73,top3,3,3,1,8,True,1.0,0.125,False,True,43a482113384bd654534bfe3517bc2621093a6861e5886de0434185a7d6c68f9
rev5,74,top3,3,3,1,11,True,1.0,0.5454545454545454,True,True,b37083125ecc5fe8ba58c9591de8b4f8432493c4ad4b30814aa04ec1e20335cd
rev5,75,top3,3,3,2,11,True,1.0,0.36363636363636365,False,True,943538304f23ec1a8d3a5e63f812094a852587a13b7a94b2746958cbbc2a5f5d
rev5,76,top3,3,3,3,10,True,1.0,0.3,False,True,f0b76432b189eefdbc50e95566812fe462ed444aa145592b6ccd44dab4f2a70f
rev5,77,top3,3,3,3,24,True,1.0,0.375,True,False,85ae7ca9f238fd9e33acd2145f37e5c5ab71b4e5e982545fe68cc719d7a81cd4
rev5,78,top3,3,3,1,22,True,1.0,0.45454545454545453,True,True,41bf9bde3de0967d7e468e7822055b72af4a81171c6d079cd4409dfd75788a5b
rev5,79,top3,3,3,3,16,True,1.0,0.0625,False,True,7a17e8343d73f93692d7e54996c8b4bc87d846e14c74a7fbcb3b7aeeb5ffadf0
rev5,80,top3,3,3,3,8,True,1.0,0.125,True,True,72ea0d3ecdc3aeae54e26f8198f109c546e6d1c8c26938c3197c9c799f2a5b1e
rev5,81,top3,3,3,3,24,True,1.0,0.375,True,True,83aeedbe62869d0c6b384235a25c543ae36980f18cf19c0369b59a48abed8df8
rev5,82,top3,3,3,2,22,True,1.0,0.045454545454545456,True,True,5ec247ca95672532962b2b7c14fef7ff59cb6a21910b7f0bf77b9e24c32711db
rev5,83,top3,3,3,2,18,True,1.0,0.16666666666666666,True,True,0005b19f4f82345f7deeed5a396d1b47f7058aec0fc46bea4629bfd4a2f9cb38
rev5,84,top3,3,3,2,18,True,1.0,0.3333333333333333,True,True,3665d54bf502ca3e08caf03ab52eb1d1b16a73ee1b2128f5dd226effffd98eca
rev5,85,top3,3,3,2,16,True,1.0,0.375,True,True,288049d0dcf39796693c13b15ec7d3ed360c286836c9a03fd9093d86def38840
rev5,86,top3,3,3,2,24,True,1.0,0.125,True,True,8c733e4bff98ef2bb413e4645172582b59f404d0896be66341b085aa7e6d0dbb
rev5,87,top3,3,3,3,24,True,1.0,0.041666666666666664,False,True,1309b38a0812ad4e4b1bcd92bdd88ce08f6bc6f817a5612982882b1ef78ffdde
rev5,88,top3,3,3,2,12,True,1.0,0.08333333333333333,True,True,b7b7413a56600216cf99a27b2182c28b7688432ca0389e4312d8dd5c18e217aa
rev5,89,top3,3,3,3,9,True,1.0,0.1111111111111111,False,True,694b94375ffc9cd35a8f557c0c5446e10b778e10e42103475d02504b5a2c0f39
rev5,90,top3,3,3,3,18,True,1.0,0.05555555555555555,False,True,9dc3b548fad1ff26db2ebd97ca82c6cfade2c08134647fae10949cae3843ec5c
rev5,91,top3,3,3,3,18,False,0.75,0.16666666666666666,True,True,aa9f77668d301da05c15901a5f39e7dd0b368f80b96811bfde02885857cbb69d
rev5,92,top3,3,3,1,17,True,1.0,0.35294117647058826,True,True,5e67a172fd1d9418c908f1039afc67ace32282d6dc7b9eb005947d019788c4bb
rev5,93,top3,3,3,3,18,False,0.9090909090909091,0.5555555555555556,True,True,5ad11bc65d2634fed3168d78322fb1f9953915cf25ec81de5935460270a3eaea
rev5,94,top3,3,3,2,22,True,1.0,0.09090909090909091,True,True,eac52233b21da6e85ca54c63d6fedda459cfd952a3d384f1b77c00d8f497b4b8
rev5,95,top3,3,3,1,8,True,1.0,0.125,False,True,66aa674a64eb2e31c7b562290045c677b49dd5b2900a02c32fa680b48987306a
rev5,96,top3,3,3,3,16,True,1.0,0.1875,True,True,8cdae0cef75c893180cdc9e343e12a4a88edb4eb8c8796f27b9dfdb71cfa16b6
rev5,97,top3,3,3,3,10,True,1.0,0.3,True,True,7481e0a80c3524f0708dc451efa79e0dfc5af600c9ea7b51caaaea3be4fd8361
rev5,98,top3,3,3,3,14,True,1.0,0.07142857142857142,False,True,c9cd9642a4e29e8cab8f1d26a7ea9b16c11e279e610e78c88a324fa54ac3723f
rev5,99,top3,3,3,3,15,True,1.0,0.06666666666666667,True,True,59937a42840864711444f855e35057b85107e075338f86eda5f148eafbed5760
rev5,100,top3,3,3,2,10,True,1.0,0.2,True,True,051dbce9f3c05bdb7eaa759c2301cc48a8b830253b29ac41ddf09bd2a890bdaf
rev5,1,top5,5,5,2,24,True,1.0,0.16666666666666666,True,True,0c6f9b7c7f04403eb4f3e03ff1091c53ad8b4f04de2c00ca4125a305b52e2b38
rev5,2,top5,5,5,4,24,True,1.0,0.041666666666666664,False,True,9e738668eb22a1ff3473a76a5cf405b0736eabc81f9346ec0df4ce0c08801596
rev5,3,top5,5,5,2,20,True,1.0,0.05,False,True,7819230f05245adbda0a3485dc6279d6b7ae9c7054b77cd0d0d10f964cb4b41c
rev5,4,top5,5,5,3,20,True,1.0,0.1,True,True,25d67c6e8a2bf547932e390c47cbd85627fee984ec0c904488285f0952ea0ab9
rev5,5,top5,5,5,5,17,True,1.0,0.11764705882352941,True,True,5324f9d54eacd9e55ebd67f47d82286824777dd8a74efcfb4635295740c963e1
rev5,6,top5,5,5,5,24,True,1.0,0.25,True,True,4504ac2f3eaf39bc4186c309f85d84ef978192d2ed5d31e222b7ce9ad3454548
rev5,7,top5,5,5,5,24,True,1.0,0.041666666666666664,False,True,72e30c0d44d222538f39e3cfcbe0b5535d37e7b8216a6367bb17aed3a8090395
rev5,8,top5,5,5,5,24,True,1.0,0.08333333333333333,True,True,468f12ef2a6b9a6726e8f9700825ddc10bab78d2759dbdfa0c5b679e25e3a92c
rev5,9,top5,5,5,2,24,True,1.0,0.041666666666666664,False,True,582b962ddc38eef498e01b9b0a38be8da2440c13f845881a8962e66cbaab511f
rev5,10,top5,5,5,4,24,True,1.0,0.041666666666666664,False,True,22e0d9c062f4e7545dea041e6296e02fe0d97718b537d59cb51f7c8d91979e6b
rev5,11,top5,5,5,5,17,True,1.0,0.29411764705882354,True,True,a215d75817f850c3b7fd4bf9c8f623ea9150514f88d1c0bbe572c2651fc69d09
rev5,12,top5,5,5,5,24,True,1.0,0.2916666666666667,False,True,9680cd27a71919d58301c6180bf8c228ff9dc6d678e7f76fbe19981c65ea8ab0
rev5,13,top5,5,5,2,12,True,1.0,0.08333333333333333,False,True,d507dfee2f98c031791407a26357f2c5cd09a4d36e4733dee3c2bdfb24500217
rev5,14,top5,5,5,4,15,True,1.0,0.2,True,True,70d4bff524959c976504fe4b243a8172449af428d9a1087e65f563ea412d9b4d
rev5,15,top5,5,5,4,24,True,1.0,0.041666666666666664,True,True,f0831cdc3561349e1c4543af9eaaf282f53d5cf04c1030749942a93ec60d4e46
rev5,16,top5,5,5,5,24,True,1.0,0.375,True,True,f82eb6960f2920580311911cf2d3908d551a4f4d31d7e523d0146962f8408af6
rev5,17,top5,5,5,4,24,True,1.0,0.125,True,True,a9f33e45bf68a57f6584395d404a1a5749c31aa0f9fd281d6d59728e1f634af9
rev5,18,top5,5,5,4,19,True,1.0,0.10526315789473684,True,True,b01cd9a02f620e1b2278d9d20e8cce07ddae618f572fd871504c47b9876899ed
rev5,19,top5,5,5,3,20,True,1.0,0.35,True,True,6e5aea04552a99a6566f451fa6b546b64f75fba2b0e7d12dd2bf10cd0e6de4a6
rev5,20,top5,5,5,4,24,True,1.0,0.3333333333333333,True,True,e638e46d7e8563dccda55ea820b340d161fbf8ec2bd315b9f34ba8aa5cbd7e49
rev5,21,top5,5,5,3,19,True,1.0,0.2631578947368421,True,True,63b15919bcf50a412b7d78774f803a7eea314282081f5052bc5c7185485fd222
rev5,22,top5,5,5,3,24,True,1.0,0.2916666666666667,True,True,f053f8094cac763ffd51e71f9741e2e7c9730426bf213aef8791b576344843cf
rev5,23,top5,5,5,5,23,False,0.0,0.0,False,True,7031ba0a1025e975b0f744befff1cad17f9c416fcd5deeabf3e93f8f3623d238
rev5,24,top5,5,5,4,20,True,1.0,0.2,True,True,d59bc01db9bcd1a03ee9d84c3ca2c2f29559ef0020d81fbdfe4dc103bec64e34
rev5,25,top5,5,5,3,24,True,1.0,0.25,True,True,ad55987d93f7d8936dbd7f6e6822aeba5c3245669d511a1d0e7183a21ed24e5d
rev5,26,top5,5,5,4,24,False,0.6666666666666666,0.4166666666666667,True,True,b2534e116f6bd8f5e2be10c05a3195570f1d1e2ac659c07dde6fc5c83bdc708f
rev5,27,top5,5,5,4,24,True,1.0,0.20833333333333334,True,True,80f2477e14c24e08108664b3b51fb03523653b9d549a175e0887e2fc38240707
rev5,28,top5,5,5,3,24,True,1.0,0.125,True,True,ca9e3b1b709ffa6c19c9f41729f2b16dc5bf66e1ed6cf8309514cb5720c6875b
rev5,29,top5,5,5,4,24,True,1.0,0.125,True,True,622f178615d0f82cf19309098d7cf23dc086b34f3a814b8a0a8d68b47f4cc5a4
rev5,30,top5,5,5,2,18,True,1.0,0.2222222222222222,True,True,0324aca04510573a3ec54ea4fd294b463525fb0008fdf5cf3fcfda80b42c9614
rev5,31,top5,5,5,5,12,True,1.0,0.08333333333333333,False,True,6142fba5d2cf878fabb8e1985d722d077806c93290e9a9a465832eb2a1c91ec9
rev5,32,top5,5,5,4,24,True,1.0,0.20833333333333334,True,True,befd47aeea41e28ba21dad1312abf16aa00897834b5663f74239d9aca5d3d0a0
rev5,33,top5,5,5,2,23,True,1.0,0.43478260869565216,True,True,2a90f0fe2f7878b4bd9f2713cd186615a1cd8f87c7a2bd0c7ae88af5d92ad57c
rev5,34,top5,5,5,5,20,True,1.0,0.05,False,True,d9f0aa511e92ba4604e38c657e5ddac98e9f405f0b343a6f8f6f4ba1a3e578c7
rev5,35,top5,5,5,3,16,True,1.0,0.0625,False,True,fbf53a675a7e96dfcfaad88eda631ac78b7470d1bf6cd1bd15ca55f62d7e6b15
rev5,36,top5,5,5,3,24,True,1.0,0.20833333333333334,True,True,2ee06dcbf3977ed8e86f6ceb626ca1de4cade558f6f8f77ce35b899c7d45aab1
rev5,37,top5,5,5,3,24,True,1.0,0.041666666666666664,True,True,3b31b5497a2205e8aa17c9502039621e7607c8ca80ccae13b7e7a055d28f86f9
rev5,38,top5,5,5,2,24,True,1.0,0.16666666666666666,False,True,34f91480dfe00b099f6fdaf347a741dab6d0ebdc6ef9660cff154ed801652c9b
rev5,39,top5,5,5,5,24,True,1.0,0.041666666666666664,False,True,ab2c643be65a2d6ee3889c9af013dd9ada9ff0969534d677ddfac19352117ecd
rev5,40,top5,5,5,4,16,True,1.0,0.125,True,True,7d22299fd3d9fd6caafc933d61ad5c53d84bea4aac10cbdaabfe8cc923331dd1
rev5,41,top5,5,5,3,22,True,1.0,0.045454545454545456,False,True,a7d9e67807902b00edf83218d86aa1e2d00f6d2b28f948ee5465a1c91cdab5a1
rev5,42,top5,5,5,3,24,True,1.0,0.08333333333333333,True,True,c4d2e8af49801a0a12f5bb9a58d0b85bf4210e44d3579d994817346b9c58ca1e
rev5,43,top5,5,5,2,24,True,1.0,0.20833333333333334,False,True,db0f9faf80d22c5fc78737812f4c2414b7617c43de4af0440bc0d1f547fe34bb
rev5,44,top5,5,5,3,24,True,1.0,0.125,False,True,26d8459f53a0ba4c2eb848b084d2a873230961d78ea524377c67120b1ba0873e
rev5,45,top5,5,5,4,12,True,1.0,0.08333333333333333,False,True,f8615d659fa197b729c0a6d1851c2a98d7f7a940a45e6f7d7e73ae2dc7e3f3e4
rev5,46,top5,5,5,5,14,True,1.0,0.07142857142857142,False,True,5bedba21e018d6924f4ccd2c029926f696bd8f9dcf2015fdb69f34a85c75ce8d
rev5,47,top5,5,5,5,19,True,1.0,0.10526315789473684,True,True,c03f453805cc0a59d227e36c3d6970a4bba38b39ae3572594dfe76ff131d6d2a
rev5,48,top5,5,5,5,22,True,1.0,0.09090909090909091,True,True,a20e150bbf109d16222e45d9061769c6eda3c54279f742d32eadadff1e4fd432
rev5,49,top5,5,5,4,21,True,1.0,0.19047619047619047,True,True,f81c743895a42a0366dae3447210cb150f14d61e82f6c77fec30c1af15086bba
rev5,50,top5,5,5,4,21,True,1.0,0.09523809523809523,True,True,0a105ff90ddb6adafbcfeab1e84e6614541755c1f3bcf99b8f4c6da66d8676e8
rev5,51,top5,5,5,5,24,True,1.0,0.16666666666666666,True,True,7f03ba92214f2a1af221ca6777ad55e5ed84bfc6d0507ceb39ab0aff9add7566
rev5,52,top5,5,5,4,23,True,1.0,0.043478260869565216,False,True,ac4c52283d54d75c3fe39d9b052e584bbffd709dc5392ff4fbbbf8742cc2c593
rev5,53,top5,5,5,4,10,True,1.0,0.1,False,True,a6b445a54af317b7aa0dfb49c3c4c6c6ccdf1a3ded168707a9b01c7ed5ec46b2
rev5,54,top5,5,5,4,11,True,1.0,0.09090909090909091,False,True,bb6674045d63bccce8b165e262d724dcbed4b0cea26d4a05b19cc84edaed1d41
rev5,55,top5,5,5,2,22,True,1.0,0.13636363636363635,True,True,5cb5828868f177a63c00babee70c45f6bea4b963d7d064b4ed85df792eefdd9d
rev5,56,top5,5,5,3,24,False,0.0,0.0,False,True,5b003f17da3f99c53e051e6fec981fff7554258d8237b1ba5f2aee305df6b339
rev5,57,top5,5,5,3,24,False,0.0,0.0,False,True,3de604226631e44a941a3b6b2b160bc8e3c15c6705c2eb3d6da183256e8e4c38
rev5,58,top5,5,5,5,24,True,1.0,0.08333333333333333,True,True,e5ca16680beef002cfc0ddb97bcb41fcd0411171ecc1572e4dbe3c8c86454b6b
rev5,59,top5,5,5,4,24,True,1.0,0.2916666666666667,True,True,4ff087b29023d39bde70d2937c7b92a704d8aeda2b9b574b1986e0c1d6dde161
rev5,60,top5,5,5,5,11,True,1.0,0.09090909090909091,False,True,986ca53f2c6cad9461c6aa300780be9cef41eb90c9b339d7162d0373f1792b4d
rev5,61,top5,5,5,5,12,True,1.0,0.08333333333333333,False,True,62e0c43b1d9051cd2d017ea3afa2bc483e3c39191088b1223a100b943cc9b5bc
rev5,62,top5,5,5,5,24,True,1.0,0.20833333333333334,False,True,689166b1de437e874072c24deed66cc9fe004eaf4c168032f9ba9945a8c13ea8
rev5,63,top5,5,5,4,22,True,1.0,0.045454545454545456,False,True,53d9b257e5a07cae832da29411fc4f6af4ef139ea4d04a3b71813fe63a8e4bc7
rev5,64,top5,5,5,4,24,True,1.0,0.041666666666666664,False,True,3a1bc8c7e93f7e63a020f339d466da870f59341560dd88b981a25bfb8786d589
rev5,65,top5,5,5,5,24,True,1.0,0.20833333333333334,True,True,b9e51f348cf9b53c08bd3b9ba04df4fa3c5a73051f78944117b6404fc39b8e83
rev5,66,top5,5,5,4,22,True,1.0,0.13636363636363635,True,True,6a211e5b19ae8b7a39501a116cb734135daeb7a6224a5f9c21a8688c06200741
rev5,67,top5,5,5,5,24,True,1.0,0.08333333333333333,True,True,7dfbeb75fccca5c2bf74994dff72731421573afcd9063eed7410bfa0c8a8d095
rev5,68,top5,5,5,3,20,True,1.0,0.3,True,True,eb470e483439e572331f483ca25100846591d0d3aec5b299b3a86d7e3f14976b
rev5,69,top5,5,5,4,24,True,1.0,0.16666666666666666,True,True,7eafe737baacd58b50ddb50552159e4fbe729d410cc0da6fbe9d63278bce83e7
rev5,70,top5,5,5,5,24,True,1.0,0.20833333333333334,True,True,fbda8ca957052159fa6299bd5aaed9aeef6e4431808fa015b1fa2dba8d843f99
rev5,71,top5,5,5,5,20,True,1.0,0.1,True,True,e69a110fcd1c0e9d29204ae0307a868d0d0c1e78e545b01eecf83e4782d17a6c
rev5,72,top5,5,5,5,19,True,1.0,0.21052631578947367,True,True,c0997a1f63585fa28ac0ce3328aca634168074d3f34f4155fc26ef93bf21d475
rev5,73,top5,5,5,2,14,True,1.0,0.07142857142857142,False,True,6316816291f6e3a3fa4fff61b086bb36f3c8aaed35c34962d3e4314ab529bd00
rev5,74,top5,5,5,3,23,True,1.0,0.2608695652173913,True,True,8cb490ff54ad0bb41ca1d8dc31c55d0c0cd90692f80d4526642df1701435f0e2
rev5,75,top5,5,5,4,17,True,1.0,0.23529411764705882,False,True,383f06535c955a1b0f079aba4e68b20757ffb4a9a1eac90c516594652a913674
rev5,76,top5,5,5,5,24,True,1.0,0.125,False,True,23a65a0224eddc9646ac0757ada72e5509e7922d3e3f200c8db982bbc4941542
rev5,77,top5,5,5,5,24,True,1.0,0.375,True,False,9973bb0cbd87d28a1dff261f6e73b98a9054ec0e92565f4b2278389a8bed346f
rev5,78,top5,5,5,2,23,True,1.0,0.43478260869565216,True,True,d67304888c65f64b9f0a1bc8490b6ed660a6b9d18c1da4eb7066d5fcb6c2404a
rev5,79,top5,5,5,5,20,True,1.0,0.05,False,True,ef5644b41d6123c4d8c482c54582006b4a73e4fed9b0b4a560ce58a473d63dd3
rev5,80,top5,5,5,5,14,True,1.0,0.07142857142857142,True,True,3c7fd1fbab15fbcdd7d5b23fa042ae61bc98afec3cd84500f550b8454fc75549
rev5,81,top5,5,5,4,24,True,1.0,0.375,True,True,e57facd175204c2738aa257329efa4f3d48a2156d8315ae26c4d5a024bd5db63
rev5,82,top5,5,5,3,24,True,1.0,0.041666666666666664,True,True,04f2b68c24fbadef598da0955f1a7afde5df2bb82f1dc963b1f394d097eeb1f9
rev5,83,top5,5,5,3,20,True,1.0,0.15,True,True,bd171974f827cc41d26d45fcb9b66377569622b40eb73b4af8bb8200e8978584
rev5,84,top5,5,5,2,18,True,1.0,0.3333333333333333,True,True,3665d54bf502ca3e08caf03ab52eb1d1b16a73ee1b2128f5dd226effffd98eca
rev5,85,top5,5,5,3,24,True,1.0,0.25,True,True,71990557f55c41339e72eaa8cf0f2fce518af720f2f7a1a7518e8968e46fb5e6
rev5,86,top5,5,5,2,24,True,1.0,0.125,True,True,8c733e4bff98ef2bb413e4645172582b59f404d0896be66341b085aa7e6d0dbb
rev5,87,top5,5,5,4,24,True,1.0,0.041666666666666664,False,True,1066e9485662455f4449f5eb68515f754bb19cf1c1087896ca1714ce88f948ad
rev5,88,top5,5,5,2,12,True,1.0,0.08333333333333333,True,True,b7b7413a56600216cf99a27b2182c28b7688432ca0389e4312d8dd5c18e217aa
rev5,89,top5,5,5,5,13,True,1.0,0.07692307692307693,False,True,e98abe021f198a0f916be110481d7d780d3c12547b7865d76554a4c57ae24ac8
rev5,90,top5,5,5,4,20,True,1.0,0.05,False,True,f4c718437ee5e4a36bc5f0baad21c96b22a71b69d56923032fbecfe4b73db7f4
rev5,91,top5,5,5,4,22,False,0.75,0.13636363636363635,True,True,13220c0161df3cab46191cb205b45216af8f1dd2f318c73e142b55a08bd04ef9
rev5,92,top5,5,5,2,19,True,1.0,0.3157894736842105,True,True,494a77ef2d8ce83bc64b9e68f3358bf4d8626499295617ecf15569f17e83efde
rev5,93,top5,5,5,5,24,False,0.9090909090909091,0.4166666666666667,True,True,37dfee294fbf10d84045e785eab8cea30015a6d10c732c9072fcabced3f643f1
rev5,94,top5,5,5,2,22,True,1.0,0.09090909090909091,True,True,eac52233b21da6e85ca54c63d6fedda459cfd952a3d384f1b77c00d8f497b4b8
rev5,95,top5,5,5,2,10,True,1.0,0.1,False,True,0ac5ccdc40d7da817e0b07693c88a5cb0b257596a6a0fa80a5e29307540c91e1
rev5,96,top5,5,5,5,24,True,1.0,0.125,True,True,23f22de4bfef6081b3d1bc32b81fc99daff1c683577d1dd34b457b03fc1b96d6
rev5,97,top5,5,5,5,14,True,1.0,0.21428571428571427,True,True,bd54fe7d87fe519344c7695cc51dcfcb90eb1eba78d01f6b8c9461c3cfef7c1c
rev5,98,top5,5,5,5,23,True,1.0,0.043478260869565216,False,True,d48c1735ce9d650b74c48a700cc1b6260edf00d1bc823e1f9ef2901c654c24c9
rev5,99,top5,5,5,5,24,True,1.0,0.041666666666666664,True,True,4715fdf8fc9ebc6d1c2afa8b61361be6b23d5e275bbe8533ef3c6f961ca65e50
rev5,100,top5,5,5,4,24,True,1.0,0.08333333333333333,True,True,7ef29b24311411c5976409c890e7c6babc0ee322acc607222677068bc6ba7574
rev4,1,adaptive_v3,adaptive,1,1,24,True,1.0,0.041666666666666664,True,True,32fca30404a517e023068393135eaba2217ff08b03afff4c0848d1b456914e19
rev4,2,adaptive_v3,adaptive,1,1,17,True,1.0,0.058823529411764705,False,True,939310284612f6a95d4bed49910bd92b4b1333af96d5f0d988004084f4c655d1
rev4,3,adaptive_v3,adaptive,3,2,17,True,1.0,0.23529411764705882,True,True,b4c354981dac3175cfbecd1f8853e7642ebaf73f151ac315d5cdfd0920a82e7b
rev4,4,adaptive_v3,adaptive,1,1,5,True,1.0,0.8,True,True,963a65749912603c85832a6724f04a4a33cd28169191320c27ffdc4bf2ce49fd
rev4,5,adaptive_v3,adaptive,1,1,6,True,1.0,0.16666666666666666,True,True,297cdd1d6ceb70726ecff03b692973be2afe4c131449f76fc2f48f9801ff0b71
rev4,6,adaptive_v3,adaptive,3,3,19,True,1.0,0.05263157894736842,False,True,22a36c8bc9bc553633c5825a8bfbc8998eca5b9b3c7e56fd0cc7b705f8e3404b
rev4,7,adaptive_v3,adaptive,1,1,9,True,1.0,0.1111111111111111,True,True,51ca86f012522fe92acbe54d01311b57623c9e66463df0cb3560e660a62a2e40
rev4,8,adaptive_v3,adaptive,3,3,21,True,1.0,0.38095238095238093,True,True,edcc0d58c8c4e3c25a6ccbbe947f29d159616edc75c89b324c512823d279866d
rev4,9,adaptive_v3,adaptive,2,2,18,True,1.0,0.05555555555555555,False,True,6ac346c655be136d3b9eb91012c945603ef7938b8b3c4fa10944055ccd30d569
rev4,10,adaptive_v3,adaptive,1,1,8,True,1.0,0.125,True,True,d14a3144f1aaa33b835e477329af0181312f9f40f058fc211df3c9f4c5e08102
rev4,11,adaptive_v3,adaptive,1,1,24,True,1.0,0.08333333333333333,False,True,726189bf1d1dd05a9cce4947581e6088fd6e7b3a325c6bd14f5266030f87be84
rev4,12,adaptive_v3,adaptive,1,1,15,True,1.0,0.26666666666666666,True,True,617b41fe037db375fc3f3d6d45ddebd1cee3079f7ab106a8f6b35f8f9359ca39
rev4,13,adaptive_v3,adaptive,3,3,18,True,1.0,0.05555555555555555,False,True,4014d2de80a732651245b9be603e9d248461938989564086992551d17cfbda32
rev4,14,adaptive_v3,adaptive,1,1,24,True,1.0,0.041666666666666664,False,True,daf81d472e346d64848c86b8d52db41df95287e062110c09252d63e2ace00d8c
rev4,15,adaptive_v3,adaptive,3,1,21,True,1.0,0.047619047619047616,False,True,2f72fae07d50391a2d06950c75716511e6b1d67f72695a7e988375833d81d2f8
rev4,16,adaptive_v3,adaptive,1,1,8,True,1.0,0.25,True,True,e2331e75f3df88a422e8dd356335c01d5389fd38a72cee92703fab6880df129e
rev4,18,adaptive_v3,adaptive,1,1,8,True,1.0,0.125,True,True,4e843f2d13ac86dbc2255e8da5772e8a27a139bcd130ed84400378833c7e089d
rev4,17,adaptive_v3,adaptive,1,1,6,True,1.0,0.16666666666666666,False,True,c0920407a7335530fa2860524db414e9489102ad693f4a3baf8c4908f0e2f788
rev4,19,adaptive_v3,adaptive,2,2,14,True,1.0,0.14285714285714285,True,True,62e9a3d7ac3e2a78da6c9985c5394bd93f9f4008d5cfc5c7f99c4e20150d05a0
rev4,20,adaptive_v3,adaptive,1,1,14,True,1.0,0.14285714285714285,True,True,34ab10ee7a5452ebec03222e80737bd9c4d8e715478fbf186da6cc8002ea3a58
rev4,21,adaptive_v3,adaptive,1,1,13,True,1.0,0.6923076923076923,True,True,af7c84bf8627b76206aff573033720248e65a361622da0419623899c20b0b323
rev4,22,adaptive_v3,adaptive,3,2,24,True,1.0,0.041666666666666664,False,True,4a1c1c39440511f2c2aa4d449c841512526daadb39c4bfd801257edb8cc15cde
rev4,23,adaptive_v3,adaptive,1,1,14,False,0.5,0.21428571428571427,False,True,468404b6d3c77798a4067e6dba728584c300741cd0c9e282985a315c9ff29cfd
rev4,24,adaptive_v3,adaptive,1,1,8,True,1.0,0.125,False,True,3f2dbf0a56562296759421b7fed07f4ea4e625470658b436bfedb5df6774eeda
rev4,25,adaptive_v3,adaptive,1,1,10,True,1.0,0.2,False,True,7f0d691150c54351d6eb32d5e779b5855b89cc37cbd0e59ae0ba1aa1d56f09e3
rev4,26,adaptive_v3,adaptive,1,1,5,True,1.0,0.6,False,True,e2d632b87bd1e02a609640f194d8ad2ac67d1a8a00e95da377cc6b6963dc3275
rev4,27,adaptive_v3,adaptive,1,1,5,True,1.0,0.4,False,True,749671975b0c2272013c58f3a1c4843f2cadaf3a52333875707196e86e35b11b
rev4,28,adaptive_v3,adaptive,3,2,16,True,1.0,0.125,True,True,4589976eb19f7e9aec1e0a627897c29b21d04b9fc0d07d37a244c2075cf49a01
rev4,29,adaptive_v3,adaptive,1,1,5,True,1.0,0.2,False,True,cd79e17af42a646ab355f534b94f83047f00fad9b69e3c32fc9b2802ec2817d0
rev4,30,adaptive_v3,adaptive,1,1,21,True,1.0,0.047619047619047616,True,True,d1a58ab091d213f93c25cfde5cb2763ee50aad6d915c4c92526429e99feeef2e
rev4,31,adaptive_v3,adaptive,1,1,6,True,1.0,0.6666666666666666,True,True,ad1802d6320e8cf73183d395025a174b4b9845f4f02f0853a46e2a5a20598180
rev4,32,adaptive_v3,adaptive,1,1,16,True,1.0,0.5,False,True,5d5055ee0e0296ec3f4b4961cef2f9f8e2e2636ad2d999040043575cc9d492a8
rev4,33,adaptive_v3,adaptive,1,1,24,True,1.0,0.041666666666666664,False,True,28f8a39271b4d59f5d0578f3fdb5274a1146ec40bd65912a1d6e47d1b11f354b
rev4,34,adaptive_v3,adaptive,1,1,10,True,1.0,0.1,True,True,c2ba83e052547e89d9b854c5ad5be40e491f85fa2dbcad1490cf8f222f8849e9
rev4,35,adaptive_v3,adaptive,1,1,13,True,1.0,0.3076923076923077,True,True,1dc549d84259d7ca85fa3e3a4b0df0afdde3a7a6398660214329d1ded5fdc2d1
rev4,36,adaptive_v3,adaptive,1,1,24,True,1.0,0.125,True,True,950d41631c2fad59e5270f8a46491f643d5cd1d5e58c3781e385f685843ff6ea
rev4,1,top1,1,1,1,24,True,1.0,0.041666666666666664,True,True,32fca30404a517e023068393135eaba2217ff08b03afff4c0848d1b456914e19
rev4,2,top1,1,1,1,17,True,1.0,0.058823529411764705,False,True,939310284612f6a95d4bed49910bd92b4b1333af96d5f0d988004084f4c655d1
rev4,3,top1,1,1,1,9,True,1.0,0.4444444444444444,True,True,87c82898a837809d50b7f5552b8a7c67a6d04577f672680137066e4065ed5085
rev4,4,top1,1,1,1,5,True,1.0,0.8,True,True,963a65749912603c85832a6724f04a4a33cd28169191320c27ffdc4bf2ce49fd
rev4,5,top1,1,1,1,6,True,1.0,0.16666666666666666,True,True,297cdd1d6ceb70726ecff03b692973be2afe4c131449f76fc2f48f9801ff0b71
rev4,6,top1,1,1,1,7,False,0.0,0.0,False,True,42e7985b119c235203be7fc754da7c252d151b79fd8ee2c26e911c826fad8f15
rev4,7,top1,1,1,1,9,True,1.0,0.1111111111111111,True,True,51ca86f012522fe92acbe54d01311b57623c9e66463df0cb3560e660a62a2e40
rev4,8,top1,1,1,1,13,True,1.0,0.6153846153846154,True,True,03cf565a41a1b7b904b9a8414c64c50faa6e1f8c8e55d6b1861295d491a7f3e2
rev4,9,top1,1,1,1,16,True,1.0,0.0625,False,True,39cdd0a41803e43062c0d3fbae411e9c189d388ee1c03f1a703dbd7b6ecf8f37
rev4,10,top1,1,1,1,8,True,1.0,0.125,True,True,d14a3144f1aaa33b835e477329af0181312f9f40f058fc211df3c9f4c5e08102
rev4,11,top1,1,1,1,24,True,1.0,0.08333333333333333,False,True,726189bf1d1dd05a9cce4947581e6088fd6e7b3a325c6bd14f5266030f87be84
rev4,12,top1,1,1,1,15,True,1.0,0.26666666666666666,True,True,617b41fe037db375fc3f3d6d45ddebd1cee3079f7ab106a8f6b35f8f9359ca39
rev4,13,top1,1,1,1,2,False,0.0,0.0,False,True,c91e492be5192ab82f13ff31c1d508baef335aa144e6782a72db780fd390d1ba
rev4,14,top1,1,1,1,24,True,1.0,0.041666666666666664,False,True,daf81d472e346d64848c86b8d52db41df95287e062110c09252d63e2ace00d8c
rev4,15,top1,1,1,1,21,True,1.0,0.047619047619047616,False,True,2f72fae07d50391a2d06950c75716511e6b1d67f72695a7e988375833d81d2f8
rev4,16,top1,1,1,1,8,True,1.0,0.25,True,True,e2331e75f3df88a422e8dd356335c01d5389fd38a72cee92703fab6880df129e
rev4,18,top1,1,1,1,8,True,1.0,0.125,True,True,4e843f2d13ac86dbc2255e8da5772e8a27a139bcd130ed84400378833c7e089d
rev4,17,top1,1,1,1,6,True,1.0,0.16666666666666666,False,True,c0920407a7335530fa2860524db414e9489102ad693f4a3baf8c4908f0e2f788
rev4,19,top1,1,1,1,6,True,1.0,0.3333333333333333,True,True,6dd5f091ba897dcb215a764df4119db9d6270d9f8fd88b7e75e21a2422b64b90
rev4,20,top1,1,1,1,14,True,1.0,0.14285714285714285,True,True,34ab10ee7a5452ebec03222e80737bd9c4d8e715478fbf186da6cc8002ea3a58
rev4,21,top1,1,1,1,13,True,1.0,0.6923076923076923,True,True,af7c84bf8627b76206aff573033720248e65a361622da0419623899c20b0b323
rev4,22,top1,1,1,1,10,True,1.0,0.1,False,True,14648c5f98602d892b7870109ab3909e2d2870bca187be34f55a4dd1e6098976
rev4,23,top1,1,1,1,14,False,0.5,0.21428571428571427,False,True,468404b6d3c77798a4067e6dba728584c300741cd0c9e282985a315c9ff29cfd
rev4,24,top1,1,1,1,8,True,1.0,0.125,False,True,3f2dbf0a56562296759421b7fed07f4ea4e625470658b436bfedb5df6774eeda
rev4,25,top1,1,1,1,10,True,1.0,0.2,False,True,7f0d691150c54351d6eb32d5e779b5855b89cc37cbd0e59ae0ba1aa1d56f09e3
rev4,26,top1,1,1,1,5,True,1.0,0.6,False,True,e2d632b87bd1e02a609640f194d8ad2ac67d1a8a00e95da377cc6b6963dc3275
rev4,27,top1,1,1,1,5,True,1.0,0.4,False,True,749671975b0c2272013c58f3a1c4843f2cadaf3a52333875707196e86e35b11b
rev4,28,top1,1,1,1,11,True,1.0,0.18181818181818182,True,True,1511059c6e1e5d4660856a4013cabc866e6b71f1a8bc25d4d5a1b84075445e5e
rev4,29,top1,1,1,1,5,True,1.0,0.2,False,True,cd79e17af42a646ab355f534b94f83047f00fad9b69e3c32fc9b2802ec2817d0
rev4,30,top1,1,1,1,21,True,1.0,0.047619047619047616,True,True,d1a58ab091d213f93c25cfde5cb2763ee50aad6d915c4c92526429e99feeef2e
rev4,31,top1,1,1,1,6,True,1.0,0.6666666666666666,True,True,ad1802d6320e8cf73183d395025a174b4b9845f4f02f0853a46e2a5a20598180
rev4,32,top1,1,1,1,16,True,1.0,0.5,False,True,5d5055ee0e0296ec3f4b4961cef2f9f8e2e2636ad2d999040043575cc9d492a8
rev4,33,top1,1,1,1,24,True,1.0,0.041666666666666664,False,True,28f8a39271b4d59f5d0578f3fdb5274a1146ec40bd65912a1d6e47d1b11f354b
rev4,34,top1,1,1,1,10,True,1.0,0.1,True,True,c2ba83e052547e89d9b854c5ad5be40e491f85fa2dbcad1490cf8f222f8849e9
rev4,35,top1,1,1,1,13,True,1.0,0.3076923076923077,True,True,1dc549d84259d7ca85fa3e3a4b0df0afdde3a7a6398660214329d1ded5fdc2d1
rev4,36,top1,1,1,1,24,True,1.0,0.125,True,True,950d41631c2fad59e5270f8a46491f643d5cd1d5e58c3781e385f685843ff6ea
rev4,1,top2,2,2,1,24,True,1.0,0.041666666666666664,True,True,32fca30404a517e023068393135eaba2217ff08b03afff4c0848d1b456914e19
rev4,2,top2,2,2,1,17,True,1.0,0.058823529411764705,False,True,939310284612f6a95d4bed49910bd92b4b1333af96d5f0d988004084f4c655d1
rev4,3,top2,2,2,2,17,True,1.0,0.23529411764705882,True,True,b4c354981dac3175cfbecd1f8853e7642ebaf73f151ac315d5cdfd0920a82e7b
rev4,4,top2,2,2,2,7,True,1.0,0.5714285714285714,True,True,5518decc16424646d690f3a0297457a37e1d040d3d993be10e1b6f7f98db9f93
rev4,5,top2,2,2,2,8,True,1.0,0.125,True,True,d1e7ea46f9377662cdc713595307661f52a0c5df7f9f39152c971deccde34f41
rev4,6,top2,2,2,2,13,True,1.0,0.07692307692307693,False,True,6eb37470e90ef702ef548d94accc4b08fb6e8416b4bec9f832d4c4189fe154c0
rev4,7,top2,2,2,2,19,True,1.0,0.05263157894736842,True,True,d5c69057cfcab07c8960164f870bb11a3b27234e38bb47357f549518c790f5d8
rev4,8,top2,2,2,2,15,True,1.0,0.5333333333333333,True,True,9c276998ab9f317e536533899a9f06bbc524f357dfe14b35849340ec3001cf01
rev4,9,top2,2,2,2,18,True,1.0,0.05555555555555555,False,True,6ac346c655be136d3b9eb91012c945603ef7938b8b3c4fa10944055ccd30d569
rev4,10,top2,2,2,2,10,True,1.0,0.1,True,True,37cfa03cba08689090b4a64b17af5c6b19ec9a1159f1b5dd6d7bc14d6161476f
rev4,11,top2,2,2,2,24,True,1.0,0.08333333333333333,False,True,0d889f08a67339643ca0f63d08c8ea65e67aa0a1f784355cc2a1fc143d6e7c9a
rev4,12,top2,2,2,1,15,True,1.0,0.26666666666666666,True,True,617b41fe037db375fc3f3d6d45ddebd1cee3079f7ab106a8f6b35f8f9359ca39
rev4,13,top2,2,2,2,10,True,1.0,0.1,False,True,a01c2107e3d7998b6305625d07c8e56c1945f1203768f4a500d057138b9dd0cf
rev4,14,top2,2,2,2,24,True,1.0,0.041666666666666664,False,True,ad176c9a141e562bb4c0866de6df911076a301cd863c3cc5c70c9eb6e46aca8c
rev4,15,top2,2,2,1,21,True,1.0,0.047619047619047616,False,True,2f72fae07d50391a2d06950c75716511e6b1d67f72695a7e988375833d81d2f8
rev4,16,top2,2,2,1,8,True,1.0,0.25,True,True,e2331e75f3df88a422e8dd356335c01d5389fd38a72cee92703fab6880df129e
rev4,18,top2,2,2,2,19,True,1.0,0.05263157894736842,True,True,9993935ab09324d173e531eabcec61bcf76e616834766b955270bcbe2ee64d57
rev4,17,top2,2,2,2,14,True,1.0,0.07142857142857142,False,True,4af994738ecfcb271c44c1e9c65e546914ec9874e1b0976c2a043b645d2f0512
rev4,19,top2,2,2,2,14,True,1.0,0.14285714285714285,True,True,62e9a3d7ac3e2a78da6c9985c5394bd93f9f4008d5cfc5c7f99c4e20150d05a0
rev4,20,top2,2,2,1,14,True,1.0,0.14285714285714285,True,True,34ab10ee7a5452ebec03222e80737bd9c4d8e715478fbf186da6cc8002ea3a58
rev4,21,top2,2,2,1,13,True,1.0,0.6923076923076923,True,True,af7c84bf8627b76206aff573033720248e65a361622da0419623899c20b0b323
rev4,22,top2,2,2,1,10,True,1.0,0.1,False,True,14648c5f98602d892b7870109ab3909e2d2870bca187be34f55a4dd1e6098976
rev4,23,top2,2,2,2,22,False,0.5,0.13636363636363635,False,True,f677037b2e94457dbe34755460592705c7688f03ef6c8b25d90a886cb32bd099
rev4,24,top2,2,2,1,8,True,1.0,0.125,False,True,3f2dbf0a56562296759421b7fed07f4ea4e625470658b436bfedb5df6774eeda
rev4,25,top2,2,2,2,12,True,1.0,0.16666666666666666,False,True,d86d930eaad2b88b7d8a537d8c6f372231cd64ada85c8b6a8753014f694041e8
rev4,26,top2,2,2,2,10,True,1.0,0.3,False,True,95e1a0bf29924942ba2803bbebe8a6fb5bde61f05e036df04e044f990aaf259c
rev4,27,top2,2,2,2,13,True,1.0,0.15384615384615385,False,True,bcbf15287f86e4a18e37fe31abc4b86313b93c58d08f01c20acc239516bb862e
rev4,28,top2,2,2,1,11,True,1.0,0.18181818181818182,True,True,1511059c6e1e5d4660856a4013cabc866e6b71f1a8bc25d4d5a1b84075445e5e
rev4,29,top2,2,2,2,15,True,1.0,0.06666666666666667,False,True,5dce54972a762eb3d3ed58cb67a6fcccb24bc0f8db15c52151820ced9295c3e4
rev4,30,top2,2,2,1,21,True,1.0,0.047619047619047616,True,True,d1a58ab091d213f93c25cfde5cb2763ee50aad6d915c4c92526429e99feeef2e
rev4,31,top2,2,2,2,10,True,1.0,0.4,True,True,10a6247a789a12981824c75188f02ddc4f024bbdeea62306e9e17910fd87d544
rev4,32,top2,2,2,2,20,True,1.0,0.4,False,True,fd2c8f3969a7856e8eadd83864c5b191ea57b5bd9aa4fc2db1a16b8475c9bf0c
rev4,33,top2,2,2,1,24,True,1.0,0.041666666666666664,False,True,28f8a39271b4d59f5d0578f3fdb5274a1146ec40bd65912a1d6e47d1b11f354b
rev4,34,top2,2,2,1,10,True,1.0,0.1,True,True,c2ba83e052547e89d9b854c5ad5be40e491f85fa2dbcad1490cf8f222f8849e9
rev4,35,top2,2,2,1,13,True,1.0,0.3076923076923077,True,True,1dc549d84259d7ca85fa3e3a4b0df0afdde3a7a6398660214329d1ded5fdc2d1
rev4,36,top2,2,2,1,24,True,1.0,0.125,True,True,950d41631c2fad59e5270f8a46491f643d5cd1d5e58c3781e385f685843ff6ea
rev4,1,top3,3,3,1,24,True,1.0,0.041666666666666664,True,True,32fca30404a517e023068393135eaba2217ff08b03afff4c0848d1b456914e19
rev4,2,top3,3,3,1,17,True,1.0,0.058823529411764705,False,True,939310284612f6a95d4bed49910bd92b4b1333af96d5f0d988004084f4c655d1
rev4,3,top3,3,3,2,17,True,1.0,0.23529411764705882,True,True,b4c354981dac3175cfbecd1f8853e7642ebaf73f151ac315d5cdfd0920a82e7b
rev4,4,top3,3,3,3,9,True,1.0,0.4444444444444444,True,True,4a04eb92d2fbfbcab51960579ea8afb64b11be5407059de01ba79e25f0bc9804
rev4,5,top3,3,3,3,18,True,1.0,0.05555555555555555,True,True,50fa1e8432c4cf24c0943ef20795ed7fc99cc8908d24903032eb8594a08560e2
rev4,6,top3,3,3,3,19,True,1.0,0.05263157894736842,False,True,22a36c8bc9bc553633c5825a8bfbc8998eca5b9b3c7e56fd0cc7b705f8e3404b
rev4,7,top3,3,3,3,23,True,1.0,0.043478260869565216,True,True,310e4d2a78b909a2beacaf91c4001af2a632dfc57921b384d21be3e66f53075a
rev4,8,top3,3,3,3,21,True,1.0,0.38095238095238093,True,True,edcc0d58c8c4e3c25a6ccbbe947f29d159616edc75c89b324c512823d279866d
rev4,9,top3,3,3,2,18,True,1.0,0.05555555555555555,False,True,6ac346c655be136d3b9eb91012c945603ef7938b8b3c4fa10944055ccd30d569
rev4,10,top3,3,3,3,18,True,1.0,0.05555555555555555,True,True,11ec60acd083856a47a56fa451cfe17224d051fffce56ff9e077833045cae2a3
rev4,11,top3,3,3,3,24,True,1.0,0.08333333333333333,False,True,09c46f7a9cb83805b37445f3d8e2d55355354056d6e9cbbd796c419da5f41d83
rev4,12,top3,3,3,1,15,True,1.0,0.26666666666666666,True,True,617b41fe037db375fc3f3d6d45ddebd1cee3079f7ab106a8f6b35f8f9359ca39
rev4,13,top3,3,3,3,18,True,1.0,0.05555555555555555,False,True,4014d2de80a732651245b9be603e9d248461938989564086992551d17cfbda32
rev4,14,top3,3,3,2,24,True,1.0,0.041666666666666664,False,True,ad176c9a141e562bb4c0866de6df911076a301cd863c3cc5c70c9eb6e46aca8c
rev4,15,top3,3,3,1,21,True,1.0,0.047619047619047616,False,True,2f72fae07d50391a2d06950c75716511e6b1d67f72695a7e988375833d81d2f8
rev4,16,top3,3,3,1,8,True,1.0,0.25,True,True,e2331e75f3df88a422e8dd356335c01d5389fd38a72cee92703fab6880df129e
rev4,18,top3,3,3,3,24,True,1.0,0.041666666666666664,True,True,85b754c3d119a898e522b38d7003c91e3f4e936ec0853b995c81cac8ca62a667
rev4,17,top3,3,3,3,22,True,1.0,0.045454545454545456,False,True,b1ce6ae130d442fcbd05ee0330b9a61eb4dd327e8a96cfbbfaad6f2e9af901eb
rev4,19,top3,3,3,3,18,True,1.0,0.1111111111111111,True,True,67ec1b4e63de9f2b3097226f0e3d7c74854340f1c1b4b736645c86b56c5fb14e
rev4,20,top3,3,3,2,23,True,1.0,0.08695652173913043,True,True,a466d3e71e26e4ceeb09d01820f15e5f1a3eb5f02ac78956d5b81ad2fc5d4fe1
rev4,21,top3,3,3,2,19,True,1.0,0.47368421052631576,True,True,bd8bc5ef7ae92d195e904455b8b78ddf44236cc1246611f8616cf33fed6ed8bc
rev4,22,top3,3,3,2,24,True,1.0,0.041666666666666664,False,True,4a1c1c39440511f2c2aa4d449c841512526daadb39c4bfd801257edb8cc15cde
rev4,23,top3,3,3,3,24,False,0.5,0.125,False,True,9cc29409603ebc6fa89df7ba00c972f81dd862ba668172c725091f673df47b3d
rev4,24,top3,3,3,2,16,True,1.0,0.0625,False,True,99851d1c8ede32e94ded68b667f7b54ccfa38245753359f34b1fb18f6fa12229
rev4,25,top3,3,3,3,19,True,1.0,0.10526315789473684,False,True,44be481f4bbd2e9ebead293dee14bd6256ed7798267b9c7b3ba750fadd5dc51f
rev4,26,top3,3,3,3,22,True,1.0,0.13636363636363635,False,True,ca92eaddc0b8fcab870b3d36a65daefb01ff271e07b8de8010d2a0eada7e86c4
rev4,27,top3,3,3,2,13,True,1.0,0.15384615384615385,False,True,bcbf15287f86e4a18e37fe31abc4b86313b93c58d08f01c20acc239516bb862e
rev4,28,top3,3,3,2,16,True,1.0,0.125,True,True,4589976eb19f7e9aec1e0a627897c29b21d04b9fc0d07d37a244c2075cf49a01
rev4,29,top3,3,3,3,22,True,1.0,0.045454545454545456,False,True,06aff8692b3cd7ef63317a0391843e9596e237d9d443a9496aff02a6c6f8b9fc
rev4,30,top3,3,3,1,21,True,1.0,0.047619047619047616,True,True,d1a58ab091d213f93c25cfde5cb2763ee50aad6d915c4c92526429e99feeef2e
rev4,31,top3,3,3,3,12,True,1.0,0.3333333333333333,True,True,44b24b52b46533dbcacefe344db1b2bc986d43a7d4fac44abc759f81e4b764af
rev4,32,top3,3,3,3,24,True,1.0,0.3333333333333333,False,True,82e55311c42c0124029a4153c8025829eb09b4838ac73aa55bc6964f3a121b01
rev4,33,top3,3,3,1,24,True,1.0,0.041666666666666664,False,True,28f8a39271b4d59f5d0578f3fdb5274a1146ec40bd65912a1d6e47d1b11f354b
rev4,34,top3,3,3,1,10,True,1.0,0.1,True,True,c2ba83e052547e89d9b854c5ad5be40e491f85fa2dbcad1490cf8f222f8849e9
rev4,35,top3,3,3,1,13,True,1.0,0.3076923076923077,True,True,1dc549d84259d7ca85fa3e3a4b0df0afdde3a7a6398660214329d1ded5fdc2d1
rev4,36,top3,3,3,1,24,True,1.0,0.125,True,True,950d41631c2fad59e5270f8a46491f643d5cd1d5e58c3781e385f685843ff6ea
rev4,1,top5,5,5,1,24,True,1.0,0.041666666666666664,True,True,32fca30404a517e023068393135eaba2217ff08b03afff4c0848d1b456914e19
rev4,2,top5,5,5,1,17,True,1.0,0.058823529411764705,False,True,939310284612f6a95d4bed49910bd92b4b1333af96d5f0d988004084f4c655d1
rev4,3,top5,5,5,4,24,True,1.0,0.16666666666666666,True,True,6de3f9e6df53d09d2915815f7ab3472957b815c4e8516339d9243adee5c7cb73
rev4,4,top5,5,5,5,19,True,1.0,0.21052631578947367,True,True,9edb35b320a8d241c92d59eff28f30037bc1f00ff46ab0af48e9cf7ebe9b47ca
rev4,5,top5,5,5,5,22,True,1.0,0.045454545454545456,True,True,01a5eae78d7d263c1211838896b3e114c66aeb0a6523e751828252c45b809c41
rev4,6,top5,5,5,4,21,True,1.0,0.047619047619047616,False,True,c46406181b3f829d8d2ecfeab29e15dbfcd56b8da1a4048dac365656107c162a
rev4,7,top5,5,5,5,24,True,1.0,0.041666666666666664,True,True,2df49f462e2462f0a9ed40c753c55f6b89c831045c46e34a43e75d7a373fc7a1
rev4,8,top5,5,5,3,21,True,1.0,0.38095238095238093,True,True,edcc0d58c8c4e3c25a6ccbbe947f29d159616edc75c89b324c512823d279866d
rev4,9,top5,5,5,2,18,True,1.0,0.05555555555555555,False,True,6ac346c655be136d3b9eb91012c945603ef7938b8b3c4fa10944055ccd30d569
rev4,10,top5,5,5,5,24,True,1.0,0.041666666666666664,True,True,1de21b7f98e183e52f0f7253026b61571431ce693de6d3e070be8f886faa02ac
rev4,11,top5,5,5,3,24,True,1.0,0.08333333333333333,False,True,09c46f7a9cb83805b37445f3d8e2d55355354056d6e9cbbd796c419da5f41d83
rev4,12,top5,5,5,2,17,True,1.0,0.23529411764705882,True,True,35e88b785dc6baed390dc1036e049d17f2a289d077901a117aaeafba781fe1c8
rev4,13,top5,5,5,5,22,True,1.0,0.045454545454545456,False,True,ce8776decc4d039f4aecd785e4241a7424ea7960a17a6173bf5884a61d88849a
rev4,14,top5,5,5,3,24,True,1.0,0.041666666666666664,False,True,019cb2838a5693dce6b23c238f99f9fae622d8147143108d68bca6bd151207e0
rev4,15,top5,5,5,2,24,True,1.0,0.041666666666666664,False,True,da1d0b934f12911b1701c841b618079098438b85caff3f2abaf93ed7e4fa4799
rev4,16,top5,5,5,2,12,True,1.0,0.16666666666666666,True,True,69c2e479f22ce3d04948403d4fbdcad2193c9ebc4245994ba76153b3788ce713
rev4,18,top5,5,5,4,24,True,1.0,0.041666666666666664,True,True,2e5f70d327f391bcbafa99c49fd0377cb5c497ccbdbc5181f641a202e44e1935
rev4,17,top5,5,5,5,24,True,1.0,0.041666666666666664,False,True,141262b64d43a60a6439410664d844d4291c17fffaa89438d99adfdbe725d6f8
rev4,19,top5,5,5,5,24,True,1.0,0.08333333333333333,True,True,a53f18e46abb485531f61714b3e50ac925f59a4dc5e651146c0d3643e6dae824
rev4,20,top5,5,5,2,23,True,1.0,0.08695652173913043,True,True,a466d3e71e26e4ceeb09d01820f15e5f1a3eb5f02ac78956d5b81ad2fc5d4fe1
rev4,21,top5,5,5,4,22,True,1.0,0.4090909090909091,True,True,0c3381bb1c746ece5945234682e956d41871c330f24a3559b5df7799fe18981f
rev4,22,top5,5,5,2,24,True,1.0,0.041666666666666664,False,True,4a1c1c39440511f2c2aa4d449c841512526daadb39c4bfd801257edb8cc15cde
rev4,23,top5,5,5,3,24,False,0.5,0.125,False,True,9cc29409603ebc6fa89df7ba00c972f81dd862ba668172c725091f673df47b3d
rev4,24,top5,5,5,3,24,True,1.0,0.041666666666666664,False,True,2b1f220ed59715b8304106580f131798e61544229bda85f1e47024711fd0cfa1
rev4,25,top5,5,5,5,24,True,1.0,0.08333333333333333,False,True,747fbcaf7eedc613949da638a520ba2be3582721763623958965d5365b0e8306
rev4,26,top5,5,5,4,24,True,1.0,0.125,False,True,385080cbca3f7b99e26beba978edee2db156c78e1bcb7446ad81732069cb158a
rev4,27,top5,5,5,4,24,True,1.0,0.08333333333333333,False,True,4a3d6d9e6f3e808a416f6183b5d2e52a23f708f9eadf661133b1afc3479ee7c5
rev4,28,top5,5,5,3,24,True,1.0,0.08333333333333333,True,True,57a01ea5cc6bbe59f1309677559aa294f6b35bd05b1b4e202a298e2d7bfd0446
rev4,29,top5,5,5,5,24,True,1.0,0.041666666666666664,False,True,d917c4c9dbb57433e52e91cc9f6e6298f2b192230225fce1a961b5297d0638f7
rev4,30,top5,5,5,1,21,True,1.0,0.047619047619047616,True,True,d1a58ab091d213f93c25cfde5cb2763ee50aad6d915c4c92526429e99feeef2e
rev4,31,top5,5,5,4,21,True,1.0,0.19047619047619047,True,True,307b33f7e6e04bfd284206e2bfa53786f899d633322757e312f8f1045ec766f6
rev4,32,top5,5,5,3,24,True,1.0,0.3333333333333333,False,True,82e55311c42c0124029a4153c8025829eb09b4838ac73aa55bc6964f3a121b01
rev4,33,top5,5,5,1,24,True,1.0,0.041666666666666664,False,True,28f8a39271b4d59f5d0578f3fdb5274a1146ec40bd65912a1d6e47d1b11f354b
rev4,34,top5,5,5,1,10,True,1.0,0.1,True,True,c2ba83e052547e89d9b854c5ad5be40e491f85fa2dbcad1490cf8f222f8849e9
rev4,35,top5,5,5,3,17,True,1.0,0.23529411764705882,True,True,5f684bee99e2b0210cb9b36a7e43cf709504f1ac4d16c974ce168de5d7f0bebd
rev4,36,top5,5,5,1,24,True,1.0,0.125,True,True,950d41631c2fad59e5270f8a46491f643d5cd1d5e58c3781e385f685843ff6ea
