framework_version,query_id,position,source_id,origin,in_evidence_window,span_verbatim,span_sha256,context_sha256
rev5,1,1,ac-2_smt.h.1,selector,True,True,f36d8062d1f0b460af1ce63e917316eb87167752e1d1e7d564393241e7f33cc9,82810acd5526b8ca4e592c49bad27451c5e4437da1c9d1d097ec571aebf6ea51
rev5,1,2,ac-2_smt.h.2,selector,True,True,571b1d22c3088cb1fea826975968176d3bdf4ad550480592c1d85b7b6e35a9f5,82810acd5526b8ca4e592c49bad27451c5e4437da1c9d1d097ec571aebf6ea51
rev5,1,3,ac-2_smt.h.3,selector,True,True,8cef4a4ff2c5c101c7f909a7be67ebfea446f567adb7559e90d32b787f61dc38,82810acd5526b8ca4e592c49bad27451c5e4437da1c9d1d097ec571aebf6ea51
rev5,1,4,ac-2_smt.h,selector,True,True,9c4dbc444b40f4d8f6e15b76cc6627856dbe9dfcae49b00f3777f292dc57809e,82810acd5526b8ca4e592c49bad27451c5e4437da1c9d1d097ec571aebf6ea51
rev5,1,5,ac-2_smt.l,selector,True,True,38192a918a2d36eb20ce6872a37ace588eb49a7ec4a206bca11e3f2ffa5c2586,82810acd5526b8ca4e592c49bad27451c5e4437da1c9d1d097ec571aebf6ea51
rev5,2,1,ac-3_smt,selector,True,True,e58c8ec5ef711fadd5c568022cc887823ed8d3e89e75e242422eec1d96a12edd,564e2e686c8e2aedbea1c08761d7b80cb05274120adde79b73acedff1f6bf846
rev5,3,1,ac-6_smt,selector,True,True,02178fd54b0006bb02e6f86c58915410ff0cfdf8245f99605d2cd0eeed36a2d1,9499ab7c1a4f86203c139fb0e4f916b4cd14a10304a271b8145a3f44f326839a
rev5,3,2,ac-6_gdn,selector,True,True,e19bebdbb323b9d0d791b19e435949ad5c8e34f83901ca4ffd9b3d5d75e53d02,9499ab7c1a4f86203c139fb0e4f916b4cd14a10304a271b8145a3f44f326839a
rev5,4,1,ac-7_smt,selector,True,True,c596683fe0f71f5d1e99c39d14c46b332f4fd9d57bfe0b762039701d5faf8bc6,ac77611d6f4e8992ce94a1a5378fe919adf1205b9d25553639b5490d62c26a5a
rev5,4,2,ac-7_smt.a,selector,True,True,90f256ec7aeb7e2dc0e8fe7c81fe25d4a971d2523aaf6a3ed1d4ebffbbaf6bd3,ac77611d6f4e8992ce94a1a5378fe919adf1205b9d25553639b5490d62c26a5a
rev5,4,3,ac-7_smt.b,selector,True,True,3fa85f623b6ed99908d909bcb27962db242cf7b573b37cce57af907be54a1e14,ac77611d6f4e8992ce94a1a5378fe919adf1205b9d25553639b5490d62c26a5a
rev5,4,4,ac-7_gdn,selector,True,True,3e6e5735164a342117f99e8378d18c488f4d91201e856716f225a6ef822535d5,ac77611d6f4e8992ce94a1a5378fe919adf1205b9d25553639b5490d62c26a5a
rev5,5,1,ac-11_smt.a,rescue,True,True,8252f542afc6d0e2041ca43b816822d96b4f8d68f43ffffbe94ba1f3b7341902,346fc9f7bef8e076309cec2403876f36339e6c7ba97341b3cdaa9548f9daa9d2
rev5,5,2,ac-11_smt,rescue,True,True,f9c8890a70f2e9d2ad730a42d40688bd675e33c841adc6dab68bd7dd1002a18d,346fc9f7bef8e076309cec2403876f36339e6c7ba97341b3cdaa9548f9daa9d2
rev5,5,3,ac-11_smt.b,selector,True,True,e421a5c3d7e0058436c090f72797b57a8115236823b97b9354a533d930f65bd8,346fc9f7bef8e076309cec2403876f36339e6c7ba97341b3cdaa9548f9daa9d2
rev5,5,4,ac-11_gdn,selector,True,True,825b1a68ff078bc84ddc1585786affb250fd5e4b88e64562ee1673a5f482feee,346fc9f7bef8e076309cec2403876f36339e6c7ba97341b3cdaa9548f9daa9d2
rev5,6,1,at-2_smt,selector,True,True,55c6c5e7609470bc0d16248fac3a0b519a318dd4031684b9804606e1843ccdaf,1c9ae08e0d33af4c6551f48e619b25914e3e5355f1e9bc919fdd5edfdd1a9744
rev5,6,2,at-2_smt.a,selector,True,True,e20eea480c538ffe27bc7adad8a66d6634333abea74d7a50e7cdf5b95b4095cf,1c9ae08e0d33af4c6551f48e619b25914e3e5355f1e9bc919fdd5edfdd1a9744
rev5,6,3,at-2_smt.a.1,selector,True,True,2e63e075e93036926c1acdce7dd645572bf3a02123a6c025e1563423a5b0bb5a,1c9ae08e0d33af4c6551f48e619b25914e3e5355f1e9bc919fdd5edfdd1a9744
rev5,6,4,at-2_smt.a.2,selector,True,True,bc71f61dc8879d8a7e47704e1e141caf2a271bef7fa42bd60ac41e8ba1ad1d07,1c9ae08e0d33af4c6551f48e619b25914e3e5355f1e9bc919fdd5edfdd1a9744
rev5,6,5,at-2_smt.c,selector,True,True,254cb193f39122f221e95348dbdc21c3720181be93bb45e2d81f6a48c8c6c3be,1c9ae08e0d33af4c6551f48e619b25914e3e5355f1e9bc919fdd5edfdd1a9744
rev5,6,6,at-2_gdn,selector,True,True,7edb0f5212fa051779423a327e8998f41d99358c9f1ec4d3453eaae673263ac5,1c9ae08e0d33af4c6551f48e619b25914e3e5355f1e9bc919fdd5edfdd1a9744
rev5,7,1,at-2_smt.a.1,rescue,True,True,2e63e075e93036926c1acdce7dd645572bf3a02123a6c025e1563423a5b0bb5a,04d0af0319f38ff998ce7e79a9de8dbc6bebb1107124112bec2fca0452a83958
rev5,7,2,at-2_smt.a.2,rescue,True,True,bc71f61dc8879d8a7e47704e1e141caf2a271bef7fa42bd60ac41e8ba1ad1d07,04d0af0319f38ff998ce7e79a9de8dbc6bebb1107124112bec2fca0452a83958
rev5,7,3,at-2_smt.b,rescue,True,True,66caba397f8a9e24f97143095c07f95b2f1f01c551524a12b28d16924bd92481,04d0af0319f38ff998ce7e79a9de8dbc6bebb1107124112bec2fca0452a83958
rev5,7,4,at-2_smt.c,rescue,True,True,254cb193f39122f221e95348dbdc21c3720181be93bb45e2d81f6a48c8c6c3be,04d0af0319f38ff998ce7e79a9de8dbc6bebb1107124112bec2fca0452a83958
rev5,7,5,at-3_gdn,selector,True,True,f2919bd2d1b27ae491b8a97ed77ce89cb393f48a85e17aa3293afd3dd84b88d0,04d0af0319f38ff998ce7e79a9de8dbc6bebb1107124112bec2fca0452a83958
rev5,7,6,at-2_gdn,selector,True,True,7edb0f5212fa051779423a327e8998f41d99358c9f1ec4d3453eaae673263ac5,04d0af0319f38ff998ce7e79a9de8dbc6bebb1107124112bec2fca0452a83958
rev5,8,1,at-4_smt,selector,True,True,f132f6de0b3949a990e124918fa773c3bdaec26462345ebd21aa0f9bee01b189,339c57ccd032f08dac92d176e5e13bc402e942ccd9affa77a81333cf1c1f8df4
rev5,8,2,at-4_smt.a,selector,True,True,c260eca6f1e7ee7746022b95e2fd3d6b6a126ee6c670bdc7538299ea5d01170c,339c57ccd032f08dac92d176e5e13bc402e942ccd9affa77a81333cf1c1f8df4
rev5,8,3,at-4_smt.b,selector,True,True,b0a02cfb52ef32ee70b39d1309ca4cbd0fdffde89be9d6451512666130359ac5,339c57ccd032f08dac92d176e5e13bc402e942ccd9affa77a81333cf1c1f8df4
rev5,9,1,at-2_smt.a.1,rescue,True,True,2e63e075e93036926c1acdce7dd645572bf3a02123a6c025e1563423a5b0bb5a,e0397ccffe815e0afb55158e190b757524aebd01117f156a9fa59222a0ff7c0a
rev5,9,2,at-2_smt.a.2,rescue,True,True,bc71f61dc8879d8a7e47704e1e141caf2a271bef7fa42bd60ac41e8ba1ad1d07,e0397ccffe815e0afb55158e190b757524aebd01117f156a9fa59222a0ff7c0a
rev5,9,3,at-2_smt.b,rescue,True,True,66caba397f8a9e24f97143095c07f95b2f1f01c551524a12b28d16924bd92481,e0397ccffe815e0afb55158e190b757524aebd01117f156a9fa59222a0ff7c0a
rev5,9,4,at-2_smt.c,rescue,True,True,254cb193f39122f221e95348dbdc21c3720181be93bb45e2d81f6a48c8c6c3be,e0397ccffe815e0afb55158e190b757524aebd01117f156a9fa59222a0ff7c0a
rev5,9,5,at-2.1_smt,fallback,True,True,84a592c17891a42e4fd0b66070323240b0fa443059dda1768b0f229c44e8d1df,e0397ccffe815e0afb55158e190b757524aebd01117f156a9fa59222a0ff7c0a
rev5,10,1,at-3_smt.a,rescue,True,True,483f5f9a7b68e17393684a235ac1f7e3dbf122ce42873ad4c6814c04e27de707,e601dbdf8b9e8073ac04081f8e8fad4e776e428e0f42a0305c71a9d88a96349d
rev5,10,2,at-3_smt.a.1,rescue,True,True,811f76d3807c2681d36edc823a4081bd2044f73092742d8bc30bc6d89f13d7d4,e601dbdf8b9e8073ac04081f8e8fad4e776e428e0f42a0305c71a9d88a96349d
rev5,10,3,at-3_smt.b,rescue,True,True,11081051091d11c485bd712d4bfdd4972cb0b6884580770f7e684cc5a5aae760,e601dbdf8b9e8073ac04081f8e8fad4e776e428e0f42a0305c71a9d88a96349d
rev5,10,4,at-3_smt,rescue,True,True,77c2e346142d21fdb33f43e732b788a9b1b9dae189a2433bdd17235c8c23d8d6,e601dbdf8b9e8073ac04081f8e8fad4e776e428e0f42a0305c71a9d88a96349d
rev5,10,5,at-3.3_smt,selector,True,True,962e9547a43ac302b10f6f776b960020227f17df3e19d37f0780b74516ff3d58,e601dbdf8b9e8073ac04081f8e8fad4e776e428e0f42a0305c71a9d88a96349d
rev5,10,6,at-3.3_gdn,selector,True,True,a1d4a046407ddc3a6125ede92513ad60d80fea26b92f42fa1bd4c5f040c927dd,e601dbdf8b9e8073ac04081f8e8fad4e776e428e0f42a0305c71a9d88a96349d
rev5,11,1,au-2_smt,selector,True,True,67140c1a002e71f0a212aaa989765e37041cb1c381595d773888e99385f95040,36840fdc6d96eecdfaf3695f39b031803ef6c409aff38922e6d30676bb56c723
rev5,11,2,au-2_smt.a,selector,True,True,a09a3cb8baaa59f1d4653d1bf0f94776b2ce783b258b29b8500e55b0e7384884,36840fdc6d96eecdfaf3695f39b031803ef6c409aff38922e6d30676bb56c723
rev5,11,3,au-2_smt.b,selector,True,True,3278fd56278de6b35659f93c5fa67d6d15ffa09d7ddc1be3a8cbc1980b3db946,36840fdc6d96eecdfaf3695f39b031803ef6c409aff38922e6d30676bb56c723
rev5,11,4,au-2_smt.c,selector,True,True,31fd21d8a53e508e4418029cf2535dd10ab0a5d637345274ff1d8acb4136b874,36840fdc6d96eecdfaf3695f39b031803ef6c409aff38922e6d30676bb56c723
rev5,11,5,au-2_smt.d,selector,True,True,49b3bc6c265a9496bca4f5d087e8b440c129ea61291a8d61d3ba409d70729833,36840fdc6d96eecdfaf3695f39b031803ef6c409aff38922e6d30676bb56c723
rev5,11,6,au-2_smt.e,selector,True,True,9b79517af0975fb02ba78c4772eef073f575ebbaff8e6be44741e7ee6057c03b,36840fdc6d96eecdfaf3695f39b031803ef6c409aff38922e6d30676bb56c723
rev5,11,7,au-2_gdn,selector,True,True,7648266938a3385126a467ee8db92bd7f3af3fd45bd784dd6960cee850464e43,36840fdc6d96eecdfaf3695f39b031803ef6c409aff38922e6d30676bb56c723
rev5,12,1,au-3_smt,selector,True,True,4ed6d8174d7311eb80fa767d85a68b2266107a30daee88c4fe3e358feecc60bc,d756f77905fd5ac0c4f0d04b2d27f37e3bc8196f4c74c9b2934d93008c089a55
rev5,12,2,au-3_smt.a,selector,True,True,16f42ec78aa160dc51103086a063ff998de8fbb66432deb6b3e9c5df2a2e04e6,d756f77905fd5ac0c4f0d04b2d27f37e3bc8196f4c74c9b2934d93008c089a55
rev5,12,3,au-3_smt.b,selector,True,True,ef6b5dd9ecbf77f952c502b59b7e71d7990d40e7df92f1ebadc36439d879bdde,d756f77905fd5ac0c4f0d04b2d27f37e3bc8196f4c74c9b2934d93008c089a55
rev5,12,4,au-3_smt.c,selector,True,True,4f6ec1d92f54ac161beadffbfb64fc1c6d652cdfba618aff8062e8bc7a3c4bcd,d756f77905fd5ac0c4f0d04b2d27f37e3bc8196f4c74c9b2934d93008c089a55
rev5,12,5,au-3_smt.d,selector,True,True,ee4488eb6a887b616c652545d907e3a1e1d456d8042929c33214da95c748bec4,d756f77905fd5ac0c4f0d04b2d27f37e3bc8196f4c74c9b2934d93008c089a55
rev5,12,6,au-3_smt.e,selector,True,True,15d8896b29f473270702d3cf43d40b9042891f5d3e322f62960f38b179458d0b,d756f77905fd5ac0c4f0d04b2d27f37e3bc8196f4c74c9b2934d93008c089a55
rev5,12,7,au-3_smt.f,selector,True,True,6ef444ffa388428dcb00878ce3c9e02c8dcccca7908ab72652787fb3e8572c09,d756f77905fd5ac0c4f0d04b2d27f37e3bc8196f4c74c9b2934d93008c089a55
rev5,12,8,au-3_gdn,selector,True,True,c0953ceb1d907ee9ac1f05782a90c35825b89b0b57c168700680f747a13b26ac,d756f77905fd5ac0c4f0d04b2d27f37e3bc8196f4c74c9b2934d93008c089a55
rev5,13,1,au-4_smt,rescue,True,True,b1e5cbeb7a11dc5457db9552c942915dabb3dcd07e8459b87fc48f467f7db76d,719f40338e066af1a3f513215424b5429d901e08aea1c9652d4e7d37c2e88c33
rev5,13,2,au-4_gdn,selector,True,True,1a6a18875fd6038d1031b4d6d4a8dfaf77dd6c80f05b4eb078403204d41df796,719f40338e066af1a3f513215424b5429d901e08aea1c9652d4e7d37c2e88c33
rev5,13,3,au-5_gdn,selector,True,True,b38ad8d7d239482e75d0ffe0042294b9e61786739ef2d5aeb01b5db4e0751283,719f40338e066af1a3f513215424b5429d901e08aea1c9652d4e7d37c2e88c33
rev5,14,1,au-6_smt.a,selector,True,True,3ec7f15ea00f38cbfac97ec32eb97084e272b50558916cf4715997f2ff5c7379,0632a03a5bd3a197b1a7016fc31dc06d903cd07dc8b1c3c603462cd61c074626
rev5,14,2,au-6_smt.b,selector,True,True,074d2b4b013b4c5a725030c8825c2e49f578b3888b04b66352c8de6652c9bc95,0632a03a5bd3a197b1a7016fc31dc06d903cd07dc8b1c3c603462cd61c074626
rev5,14,3,au-6_smt.c,selector,True,True,7d635f610a2d6f6fb4f8f65e9e6d35904342b3b023afca8027b03af7cc0015fc,0632a03a5bd3a197b1a7016fc31dc06d903cd07dc8b1c3c603462cd61c074626
rev5,14,4,au-6_gdn,selector,True,True,cb5a557a0ec654be727799abc884f35d5d941d359faca8e21527fcfdac6690cb,0632a03a5bd3a197b1a7016fc31dc06d903cd07dc8b1c3c603462cd61c074626
rev5,15,1,au-8_smt.a,selector,True,True,c7526fb5f20172dc09b3b7341b1031cc78e9caeef4c4b0e5c970309e7bc223a7,e35d17dbcfb38f433b9664cd7009dc306db4476b3db14275e6235b6c7e64e74f
rev5,15,2,au-8_smt.b,selector,True,True,4842ad7a4997569885fff7ef31fbbb89ead1b2f89158546a791b70b93a8ba669,e35d17dbcfb38f433b9664cd7009dc306db4476b3db14275e6235b6c7e64e74f
rev5,15,3,au-8_gdn,selector,True,True,3e7361ef7c60d0a19bb1132dd79b5c9992aaa0e1447a3fa8fbc00aaf5da097e8,e35d17dbcfb38f433b9664cd7009dc306db4476b3db14275e6235b6c7e64e74f
rev5,16,1,ca-2_smt,selector,True,True,761fe4afc554ecfce16aaf9f8d2f6fb95c08571d67385ff1509663f564d7e134,5af5396d9d00a78b248bcb646af21deeb061c6305ecb327000e1da7c01ce0400
rev5,16,2,ca-2_smt.b,selector,True,True,4efe20f576e315d1346acf2c1b5dfad2ca8e70083f8a253493b957969903584d,5af5396d9d00a78b248bcb646af21deeb061c6305ecb327000e1da7c01ce0400
rev5,16,3,ca-2_smt.b.1,selector,True,True,ea9360908a2a42691ed9a089fb1ba21b991ba4cc0586c5e374159b19fe367072,5af5396d9d00a78b248bcb646af21deeb061c6305ecb327000e1da7c01ce0400
rev5,16,4,ca-2_smt.b.2,selector,True,True,80a705bbe1cb34f2a3e54fffe19863c2b5022a1e19cbc3ebd5305bd5e0df936a,5af5396d9d00a78b248bcb646af21deeb061c6305ecb327000e1da7c01ce0400
rev5,16,5,ca-2_smt.b.3,selector,True,True,15c1ee1dbce5be4230769498b7c3c25b59130193bedf3ecab8ae71db62c9c7c1,5af5396d9d00a78b248bcb646af21deeb061c6305ecb327000e1da7c01ce0400
rev5,16,6,ca-2_smt.c,selector,True,True,b01f15c135d699982d2665bdf19d2713ccdfc63047d791b8512bba27d0d99e3a,5af5396d9d00a78b248bcb646af21deeb061c6305ecb327000e1da7c01ce0400
rev5,16,7,ca-2_smt.d,selector,True,True,cbcea01fbbef93a5e69b231965c50f22e7d9f8050744df1cb2367fd75b2c86c1,5af5396d9d00a78b248bcb646af21deeb061c6305ecb327000e1da7c01ce0400
rev5,16,8,ca-2_smt.e,selector,True,True,4ee9e333dc8c22ef7dac6269a71a887b933626e0e53136f74cf9d20661d2d411,5af5396d9d00a78b248bcb646af21deeb061c6305ecb327000e1da7c01ce0400
rev5,16,9,ca-2_smt.f,selector,True,True,01cce467ab65d93f56b7d8ae826d1ff2174df6a104bfa223fc826e38bb3ad2ce,5af5396d9d00a78b248bcb646af21deeb061c6305ecb327000e1da7c01ce0400
rev5,17,1,ca-3_smt,selector,True,True,8e11a9871db670e9286138b199c3b9891f85c4bf203d0144502a03cf77052e23,13467b89b2111d0c7845d397549d9ef8ac0c69c8096991264726221ebff8e42b
rev5,17,2,ca-3_gdn,selector,True,True,ba2f47fa952417126eeee202949242c9fef9b553730947219d49ecd249e33a54,13467b89b2111d0c7845d397549d9ef8ac0c69c8096991264726221ebff8e42b
rev5,18,1,ca-5_smt.b,rescue,True,True,3abbf0a31ab4795299908432861a8241c170c05e5d8f788d7adfb2cbbd7683f8,6423b4d6a9003debcd9482cdc85a17f95e4f706e68faf79e96ec66fe4370bb16
rev5,18,2,ca-5_smt,rescue,True,True,1af4de933e11c5fb38244f65dac9c069add4bfc45fbc7838ee0f2c1497f63c92,6423b4d6a9003debcd9482cdc85a17f95e4f706e68faf79e96ec66fe4370bb16
rev5,18,3,ca-5_smt.a,selector,True,True,8214971fb6d069a75d0696ebcc1a83643ebfdf762a99fc847ab691f46d89b288,6423b4d6a9003debcd9482cdc85a17f95e4f706e68faf79e96ec66fe4370bb16
rev5,18,4,ca-5_gdn,selector,True,True,2f88e81a97e4be3d46d3fd068d9d0bbb8e94efead2aee3e6f5dd36873cc20a2a,6423b4d6a9003debcd9482cdc85a17f95e4f706e68faf79e96ec66fe4370bb16
rev5,19,1,ca-6_smt.e,rescue,True,True,1cf22d2418ec1c3d22199dcb079a2936cd8a13ba43fa3bc21818dc5780f31bcc,a9ce018b74f08efc52900a5b04ed6fde0cc84cccfdf317d87a2302ef87145137
rev5,19,2,ca-6_smt,rescue,True,True,75df16c09ea16355f5f5792f750c68e616377bfae037350f982c5f2276af4dfe,a9ce018b74f08efc52900a5b04ed6fde0cc84cccfdf317d87a2302ef87145137
rev5,19,3,ca-6_gdn,selector,True,True,fbc426af950d0aad65f8f10260f55bdce57c123f5ad404219405e928495159b9,a9ce018b74f08efc52900a5b04ed6fde0cc84cccfdf317d87a2302ef87145137
rev5,19,4,ca-6_smt.c,selector,True,True,162fa764ad6ba1a2b4f4d0cfc44b56f6282d669d0f9386edfca759c98af86e1e,a9ce018b74f08efc52900a5b04ed6fde0cc84cccfdf317d87a2302ef87145137
rev5,19,5,ca-6_smt.c.1,selector,True,True,d18a0e9d288620bb464a00fa940349e54c715b07eb4edee009d0f429d7e49ed8,a9ce018b74f08efc52900a5b04ed6fde0cc84cccfdf317d87a2302ef87145137
rev5,19,6,ca-6_smt.c.2,selector,True,True,0c7272ecce522a6e68a1fde375c14fe8ffbcd90660b694a1d425c404c3046025,a9ce018b74f08efc52900a5b04ed6fde0cc84cccfdf317d87a2302ef87145137
rev5,20,1,ca-7_smt,selector,True,True,78747a691df6379f707e27f2e8e4d21216770c67399ad3426688410a0f9fed72,a896e531d3e9db3d7efb14a18fb8b021036d82a376270af32e568ef9c0f9595f
rev5,20,2,ca-7_smt.b,selector,True,True,c76e464d4222a539072c7cc403a782e099b6dc94f2a52497f26d1a289fdfe3dc,a896e531d3e9db3d7efb14a18fb8b021036d82a376270af32e568ef9c0f9595f
rev5,20,3,ca-7_smt.a,selector,True,True,18acbb0c0f3cd1a23ec1fb786028ef538d9c57fa08c3acd90075d54dc962c12c,a896e531d3e9db3d7efb14a18fb8b021036d82a376270af32e568ef9c0f9595f
rev5,20,4,ca-7_smt.d,selector,True,True,2def46a4e3db1c49376072ad2242d4b1c38a29f3021ef50ca8756ac8998d9eea,a896e531d3e9db3d7efb14a18fb8b021036d82a376270af32e568ef9c0f9595f
rev5,20,5,ca-7_smt.g,selector,True,True,009cceeb68c483aac727726e471ba5f9963294816a42d50514025d1be277b008,a896e531d3e9db3d7efb14a18fb8b021036d82a376270af32e568ef9c0f9595f
rev5,20,6,ca-7_smt.c,selector,True,True,8ab94321ccf03238dbad6e85a52f48c10b98c9edc4043d7e9763938b679e2494,a896e531d3e9db3d7efb14a18fb8b021036d82a376270af32e568ef9c0f9595f
rev5,20,7,ca-7_smt.e,selector,True,True,22c0311d43ca1100e6663be0552dc75590b0bfe89360f1f7d99c71437e88dbfe,a896e531d3e9db3d7efb14a18fb8b021036d82a376270af32e568ef9c0f9595f
rev5,20,8,ca-7_smt.f,selector,True,True,e4403e6c42a4ce5eb77459e3a59aae93113f8f6507eff5c82c6acddd0177101f,a896e531d3e9db3d7efb14a18fb8b021036d82a376270af32e568ef9c0f9595f
rev5,21,1,cm-2_smt,selector,True,True,c97beeabdaf6f1f727fb64da68563c884f5f0910642cdff4f200311df15cd5bc,273cf9b3c20771e749aeb1c35715cac2cafb47a34938989b324bc7457eb48936
rev5,21,2,cm-2_smt.a,selector,True,True,d57ba92098f39b1426e0db386f636507567451d3deed5d6f04d78cd6727de9df,273cf9b3c20771e749aeb1c35715cac2cafb47a34938989b324bc7457eb48936
rev5,21,3,cm-2_smt.b.1,selector,True,True,fe191cf233c05973610703545ba9727ad970576c02222450ee8ae7ab2d61bca6,273cf9b3c20771e749aeb1c35715cac2cafb47a34938989b324bc7457eb48936
rev5,21,4,cm-2_smt.b.2,selector,True,True,c2ec33edddd2d14843716c2325f8ac69f3bd51d92abcd03183bad2e560391592,273cf9b3c20771e749aeb1c35715cac2cafb47a34938989b324bc7457eb48936
rev5,21,5,cm-2_smt.b.3,selector,True,True,a9e5d9161791d57faddfbc4b5516ec9a4ef632c763060d50dcd252f8328588bf,273cf9b3c20771e749aeb1c35715cac2cafb47a34938989b324bc7457eb48936
rev5,22,1,cm-3_smt,selector,True,True,174e80bbabb39fa3d5bea40b446f77e2d04f112e724e24ab59adbc62a67f924d,74be0af386b9340a46d170a11e644f0a7476155da013bf7c87cf96985563a796
rev5,22,2,cm-3_smt.a,selector,True,True,f96232fa9d52a6ee65605a228e9bb0e7cd315445198a8bb6a4b163dfc4960f86,74be0af386b9340a46d170a11e644f0a7476155da013bf7c87cf96985563a796
rev5,22,3,cm-3_smt.b,selector,True,True,317ff129016629854e1557cc12cb94d57f2b406aa58b812f8943b3da59e51042,74be0af386b9340a46d170a11e644f0a7476155da013bf7c87cf96985563a796
rev5,22,4,cm-3_smt.c,selector,True,True,d8df8ff1d16594842ea1da1244e9064b57344631d1694b06250330345b0a14d5,74be0af386b9340a46d170a11e644f0a7476155da013bf7c87cf96985563a796
rev5,22,5,cm-3_smt.d,selector,True,True,a498090df9fc718d1ae6355b72519ec199cdbed0b4300bc690eed79f9c8904cd,74be0af386b9340a46d170a11e644f0a7476155da013bf7c87cf96985563a796
rev5,22,6,cm-3_smt.e,selector,True,True,55f5871c548d9c3af8060bf21fc11b256261278a52875ac2f9ff6e34fde8d5c4,74be0af386b9340a46d170a11e644f0a7476155da013bf7c87cf96985563a796
rev5,22,7,cm-3_smt.f,selector,True,True,adb173c1a01166b0eabe22e930042593d7d2883417c7f95bc19aac91ba3baf50,74be0af386b9340a46d170a11e644f0a7476155da013bf7c87cf96985563a796
rev5,23,1,cm-3_smt.e,rescue,True,True,55f5871c548d9c3af8060bf21fc11b256261278a52875ac2f9ff6e34fde8d5c4,c442ec427f72d483a21a6f20a521078f4e6b6f49c3fa142c505fa0fe1ed018d7
rev5,23,2,cm-3_smt.g,rescue,True,True,bd68f3dde1764a172a542d509e1056f4e0e936296b324a81ac4e8c8d47075750,c442ec427f72d483a21a6f20a521078f4e6b6f49c3fa142c505fa0fe1ed018d7
rev5,23,3,cm-3_smt,rescue,True,True,174e80bbabb39fa3d5bea40b446f77e2d04f112e724e24ab59adbc62a67f924d,c442ec427f72d483a21a6f20a521078f4e6b6f49c3fa142c505fa0fe1ed018d7
rev5,23,4,cm-3_smt.b,selector,True,True,317ff129016629854e1557cc12cb94d57f2b406aa58b812f8943b3da59e51042,c442ec427f72d483a21a6f20a521078f4e6b6f49c3fa142c505fa0fe1ed018d7
rev5,24,1,cm-6_smt,selector,True,True,8d568dd33594a17dd3c21696692d2b8d349720077fa081b0013a47f851ab3012,166ecdec686c311659de4c9256bdd362607e68973dc2b54a87fdf2d45383a87a
rev5,24,2,cm-6_smt.a,selector,True,True,fbb66479784ce35dee3f4feae29a2c04adb75dbc598a8510ad722d195fea6eec,166ecdec686c311659de4c9256bdd362607e68973dc2b54a87fdf2d45383a87a
rev5,24,3,cm-6_smt.c,selector,True,True,76fe7d0abb943093510e5287a4eee24c6c141a9863de03d0ff0ece965996bf91,166ecdec686c311659de4c9256bdd362607e68973dc2b54a87fdf2d45383a87a
rev5,24,4,cm-6_smt.d,selector,True,True,b9bac298889c199dfdc8d018feb822ee6e2bb365cf368e2f1d866b9c48284596,166ecdec686c311659de4c9256bdd362607e68973dc2b54a87fdf2d45383a87a
rev5,25,1,cm-8_smt,selector,True,True,beb6eff4cbd6afc5fd1355288d801da08c91170342a84301472ca2ba4818d95d,a8ad2abe836edc19a0a2a374da457f5a6977a049f0fb5f90caf47d572498aa42
rev5,25,2,cm-8_smt.a,selector,True,True,a0266c04a241b1abcd851559273bf9fd76e6ba1e1f4c241ccc5fb693971c86d0,a8ad2abe836edc19a0a2a374da457f5a6977a049f0fb5f90caf47d572498aa42
rev5,25,3,cm-8_smt.a.1,selector,True,True,5fd2ab32a3fbcc6370014ff172818c44de0c26d438be8d1be0c98f81f86c3f02,a8ad2abe836edc19a0a2a374da457f5a6977a049f0fb5f90caf47d572498aa42
rev5,25,4,cm-8_smt.a.2,selector,True,True,a77faef2befdd5fef1ae2955e3b90546d145db139961e92db737010a151fda43,a8ad2abe836edc19a0a2a374da457f5a6977a049f0fb5f90caf47d572498aa42
rev5,25,5,cm-8_smt.a.3,selector,True,True,9baf0b8e07d38dc410719a870b9fd7b4e4775353db8a7fd428c2c5df909490bc,a8ad2abe836edc19a0a2a374da457f5a6977a049f0fb5f90caf47d572498aa42
rev5,25,6,cm-8_smt.a.4,selector,True,True,5ea5c68e5662c9479bad6589d6a3282c44d1249999888a90f07916eccc1b25be,a8ad2abe836edc19a0a2a374da457f5a6977a049f0fb5f90caf47d572498aa42
rev5,25,7,cm-8_smt.a.5,selector,True,True,9e93afdd580957c9081ab8fbcafcd2e64600f3f53bfb638460c157ba4a430c8b,a8ad2abe836edc19a0a2a374da457f5a6977a049f0fb5f90caf47d572498aa42
rev5,25,8,cm-8_smt.b,selector,True,True,81b7789fb4d9e2fdc988a1d9b5e013c4c9e0671a3d6bd8179396ea0ba7c86aea,a8ad2abe836edc19a0a2a374da457f5a6977a049f0fb5f90caf47d572498aa42
rev5,25,9,cm-8_gdn,selector,True,True,e0ac9c75787cbdfe363e67fb84a04c542f1f68b22dff07f6d36d861ba8b441f3,a8ad2abe836edc19a0a2a374da457f5a6977a049f0fb5f90caf47d572498aa42
rev5,26,1,cp-2_smt,selector,True,True,85c1235f3447f1a6cc548bebe36aee5cc0741e23cfefdef594bd4dfc634482e5,f1ada17a26ca6300beeda9dc73d1dca002d97a3bc8a063029f8e66916aecc06c
rev5,26,2,cp-2_smt.a,selector,True,True,327a4aa480949f6c0b14e83b1e73b18cf25841a76d6037e82f00b24894de52cd,f1ada17a26ca6300beeda9dc73d1dca002d97a3bc8a063029f8e66916aecc06c
rev5,26,3,cp-2_smt.a.1,selector,True,True,dff400b4fde108fca6756713a26462c7c2dc8686a664d84ef56eaf960a674135,f1ada17a26ca6300beeda9dc73d1dca002d97a3bc8a063029f8e66916aecc06c
rev5,26,4,cp-2_smt.a.3,selector,True,True,869a830d50ac0ed358745bd6d5e4993d7566369c241ef59fb0c01ac566f2f7c9,f1ada17a26ca6300beeda9dc73d1dca002d97a3bc8a063029f8e66916aecc06c
rev5,26,5,cp-2_smt.a.6,selector,True,True,c4fae056a0baf692a457a501d87063e90a5ba3845bd333f1686e45b33c996db0,f1ada17a26ca6300beeda9dc73d1dca002d97a3bc8a063029f8e66916aecc06c
rev5,26,6,cp-2_smt.b,selector,True,True,46e4fbd8ab642c2ab7e96f383ccb414ea19dbc0fac54b5ba9973f0c92bbeca7b,f1ada17a26ca6300beeda9dc73d1dca002d97a3bc8a063029f8e66916aecc06c
rev5,26,7,cp-2_smt.c,selector,True,True,93b9a5a53951486b2b66e518468f822e1e5f2dbaa092c02db4e080a22a16d5c4,f1ada17a26ca6300beeda9dc73d1dca002d97a3bc8a063029f8e66916aecc06c
rev5,26,8,cp-2_smt.d,selector,True,True,71f8b7327c171af62afb94266ebe05e3c6a67ceb47e76d4be85f76e1ab025065,f1ada17a26ca6300beeda9dc73d1dca002d97a3bc8a063029f8e66916aecc06c
rev5,26,9,cp-2_smt.e,selector,True,True,38b730c56dfa7c6a0b10e82da990d2cac4bd9f69656d30dc053fcd9de95c6720,f1ada17a26ca6300beeda9dc73d1dca002d97a3bc8a063029f8e66916aecc06c
rev5,26,10,cp-2_smt.g,selector,True,True,c35812a6d911842ce22657af76d7a5f182a90f12970314ab2ad2d582dd4ef612,f1ada17a26ca6300beeda9dc73d1dca002d97a3bc8a063029f8e66916aecc06c
rev5,26,11,cp-2_smt.h,selector,True,True,ee16fbd132a34478f952db6b49dcaab5c2e7d386d520ab25b564962cb9198493,f1ada17a26ca6300beeda9dc73d1dca002d97a3bc8a063029f8e66916aecc06c
rev5,27,1,cp-3_smt,selector,True,True,9060702601f3202f10c112e3b49b008836a58c5a0628eca9428062373666e68f,e9fb59b44c7b6b59470a34a011b7f8405169dc2e6ba53070fc908e16b3fd5314
rev5,27,2,cp-3_smt.a,selector,True,True,af1dbdcff9d1e42be707930c7c72ce176cd5b5db2fcb540535674d2a64b71789,e9fb59b44c7b6b59470a34a011b7f8405169dc2e6ba53070fc908e16b3fd5314
rev5,27,3,cp-3_smt.a.1,selector,True,True,719f07b8eb446c1375285f0b8e8f72a632ec5f08d944aa38c739d8e208d43f66,e9fb59b44c7b6b59470a34a011b7f8405169dc2e6ba53070fc908e16b3fd5314
rev5,27,4,cp-3_smt.a.2,selector,True,True,620e1385cb2c7509c324106902d3d63f8764560f0e29345ed0f280b1fedf60c5,e9fb59b44c7b6b59470a34a011b7f8405169dc2e6ba53070fc908e16b3fd5314
rev5,27,5,cp-3_smt.a.3,selector,True,True,f6c0bf6aa8841b243d3b900452fcc3370c74ab82d5c4fc92932fb6a566548d11,e9fb59b44c7b6b59470a34a011b7f8405169dc2e6ba53070fc908e16b3fd5314
rev5,27,6,cp-3_smt.b,selector,True,True,e334fe0df87c43819ed638ac26dbbcda0abbdb5ff6d0b80b87e9101dd6aa8eae,e9fb59b44c7b6b59470a34a011b7f8405169dc2e6ba53070fc908e16b3fd5314
rev5,27,7,cp-3_gdn,selector,True,True,cc6ab5726f3db4921f1ec93da2d711040fa28562e9057b0f6ab30da33d4a862b,e9fb59b44c7b6b59470a34a011b7f8405169dc2e6ba53070fc908e16b3fd5314
rev5,28,1,cp-4_smt.a,rescue,True,True,eee82a0674e56e314146774f52ac9855623f9d4b6eb50aa7f1d08c15f1e23983,f0c7bf96e1486dec82f022c80aff7fbb5500adac96f51b7e57b138ef6195aedb
rev5,28,2,cp-4_smt,rescue,True,True,5f715adc191be27ceed742c455c8623cdbf552f2b9895bdc2f7da9223f2d4bde,f0c7bf96e1486dec82f022c80aff7fbb5500adac96f51b7e57b138ef6195aedb
rev5,28,3,cp-4_smt.b,selector,True,True,140bd14e06bcc8c2ea5004892fbd40a0db3fe710eded4bed048e847ce24851bf,f0c7bf96e1486dec82f022c80aff7fbb5500adac96f51b7e57b138ef6195aedb
rev5,28,4,cp-4_gdn,selector,True,True,c008bc06ef8d197787aeaa061b8099d355b0c0b8c6e3466bf22af76d8f0a9663,f0c7bf96e1486dec82f022c80aff7fbb5500adac96f51b7e57b138ef6195aedb
rev5,29,1,cp-7_smt.a,selector,True,True,5a5c2c8d6071ae581acab6fbd636b565e4bb3c0dbbdd092086b567d2aee5d9ec,f55ce6bf6260a349a5cd5de5d1efd0c07df8307c55d1c043ea2c1c8592bfc263
rev5,29,2,cp-7_smt.b,selector,True,True,56911f72a51140cb948c8914c0bf43cac5e79e7e52fa8dd6fd60db0f64565ced,f55ce6bf6260a349a5cd5de5d1efd0c07df8307c55d1c043ea2c1c8592bfc263
rev5,29,3,cp-7_smt.c,selector,True,True,a671686254894cfc66f96fca4488a477036eeab6cd33046516ade0ca964a75f7,f55ce6bf6260a349a5cd5de5d1efd0c07df8307c55d1c043ea2c1c8592bfc263
rev5,29,4,cp-7_gdn,selector,True,True,5d6aab756e1a60d45134cc3aff9ecad5e254c88f1dd6ca18f8b9ed93185a44d1,f55ce6bf6260a349a5cd5de5d1efd0c07df8307c55d1c043ea2c1c8592bfc263
rev5,30,1,cp-9_smt.a,selector,True,True,d1e8d60259a76502de003d5cc59006f9e237b0dd77a7004e293a5b8b73440c9c,0cdbf4a92259707da3f3a8bc5f71362d852e9b7610c0076485845f90af0c43ff
rev5,30,2,cp-9_smt.b,selector,True,True,c1d9dab8f6927afe39fad18c4d858ef00ab70c861330df8c7da6df7395860d18,0cdbf4a92259707da3f3a8bc5f71362d852e9b7610c0076485845f90af0c43ff
rev5,30,3,cp-9_smt.c,selector,True,True,0070141fbf99945b8b1e7eae5e51dc0d073bc214889252fd312d87e91f0b25e0,0cdbf4a92259707da3f3a8bc5f71362d852e9b7610c0076485845f90af0c43ff
rev5,30,4,cp-9_smt.d,selector,True,True,034c023d6232888bef0b3c311652e1525d057e09d17f1ee060e5ee7480326aba,0cdbf4a92259707da3f3a8bc5f71362d852e9b7610c0076485845f90af0c43ff
rev5,31,1,ia-2_smt,selector,True,True,0e420a83a3d8bdd57af8e0b6948c770b17e74350a799a582bc522e565c5d3482,7c450ffef64929dabe3656eaac79d96ad8bb86c3b872fc9c298256565ef39656
rev5,31,2,ia-8_smt,selector,True,True,cee238ac8b3cf5229155d481bb52c39554589df2bc267bfa8375acf74f0abe84,7c450ffef64929dabe3656eaac79d96ad8bb86c3b872fc9c298256565ef39656
rev5,32,1,ia-4_smt,selector,True,True,0a58e9e9ab90a53f339bef27afb131269974e2f3ec07a082716c1fb8813afabb,c2e1f220820c58b173ff1b7c7d8c5348399e56ef0f8ccae206be69f915afe8e8
rev5,32,2,ia-4_smt.a,selector,True,True,39f8f0a4ae42dfb541104e8a157e6874679d675b54900a4e3a03d7a74966f855,c2e1f220820c58b173ff1b7c7d8c5348399e56ef0f8ccae206be69f915afe8e8
rev5,32,3,ia-4_smt.b,selector,True,True,06da994c1caf065308ea7f6038fa33d668979a24d91b9cc30dca5c9e7973a2e7,c2e1f220820c58b173ff1b7c7d8c5348399e56ef0f8ccae206be69f915afe8e8
rev5,32,4,ia-4_smt.c,selector,True,True,3628c2ffc33f46ecf832c05a973c950f0a18c6729bd6e978fdc40eef73647caf,c2e1f220820c58b173ff1b7c7d8c5348399e56ef0f8ccae206be69f915afe8e8
rev5,32,5,ia-4_smt.d,selector,True,True,b4e1f667380a2cd2f76d4a32ecd19e4aba23d4b974e92b928b8876d64872252a,c2e1f220820c58b173ff1b7c7d8c5348399e56ef0f8ccae206be69f915afe8e8
rev5,32,6,ia-4_gdn,selector,True,True,5a3fdb0b5a16e984e6f918eeaa9f555bc99e429c663c1be2bb60aadb22670554,c2e1f220820c58b173ff1b7c7d8c5348399e56ef0f8ccae206be69f915afe8e8
rev5,33,1,ia-5_smt.a,selector,True,True,d0e77977acc19fb988306b4e1bfcef084e436f2c4242d431d77e5b678ec4d54e,47e378c7cecdf4310072c62e20e9d8ad507d1892df2ae11156fa538449cb53fb
rev5,33,2,ia-5_smt.c,selector,True,True,8e7053750810c2626db39f234ea39b8a029fd595ff533ff48b5045cef02c3c06,47e378c7cecdf4310072c62e20e9d8ad507d1892df2ae11156fa538449cb53fb
rev5,33,3,ia-5_smt.d,selector,True,True,4424996f69a3eb95f365631f05daa7236e91bf59aeafb27dedb4ea17dbffdc8d,47e378c7cecdf4310072c62e20e9d8ad507d1892df2ae11156fa538449cb53fb
rev5,33,4,ia-5_smt.f,selector,True,True,52165f8d863353995dfc847e5cbdc2d45a4fda1d1a491b7a1aba538aa130f7ed,47e378c7cecdf4310072c62e20e9d8ad507d1892df2ae11156fa538449cb53fb
rev5,33,5,ia-5_smt.g,selector,True,True,d65034d8f760e5395ff03aef820892950b26c89ff1b88fb08d89b2b478eaa2c7,47e378c7cecdf4310072c62e20e9d8ad507d1892df2ae11156fa538449cb53fb
rev5,33,6,ia-5_smt.h,selector,True,True,73d28262bed9f9e900b11cf97659c4f7914568d67ba93150117345113627bedd,47e378c7cecdf4310072c62e20e9d8ad507d1892df2ae11156fa538449cb53fb
rev5,33,7,ia-5_smt.i,selector,True,True,ec698f31f172ca41240dfbc5e49d2c528517fad17616f1e5db1b33a91db7f31b,47e378c7cecdf4310072c62e20e9d8ad507d1892df2ae11156fa538449cb53fb
rev5,33,8,ia-5_gdn,selector,True,True,bc5503319afa232f4afcbd765fde1aff2dd1cf265ec63377fa6ccd7fff8399b6,47e378c7cecdf4310072c62e20e9d8ad507d1892df2ae11156fa538449cb53fb
rev5,34,1,ia-5_smt.f,rescue,True,True,52165f8d863353995dfc847e5cbdc2d45a4fda1d1a491b7a1aba538aa130f7ed,07b4786f987540b5594d6bf47e89778122a77cd7bfeb7ee8651bcd27b01361cd
rev5,34,2,ia-5_smt,rescue,True,True,100b75c663987b50a4982aa86446ad237479c9f3d5012b8d88148db2240e214b,07b4786f987540b5594d6bf47e89778122a77cd7bfeb7ee8651bcd27b01361cd
rev5,34,3,ia-5_smt.g,selector,True,True,d65034d8f760e5395ff03aef820892950b26c89ff1b88fb08d89b2b478eaa2c7,07b4786f987540b5594d6bf47e89778122a77cd7bfeb7ee8651bcd27b01361cd
rev5,34,4,ia-5_smt.h,selector,True,True,73d28262bed9f9e900b11cf97659c4f7914568d67ba93150117345113627bedd,07b4786f987540b5594d6bf47e89778122a77cd7bfeb7ee8651bcd27b01361cd
rev5,35,1,ia-8_smt,selector,True,True,cee238ac8b3cf5229155d481bb52c39554589df2bc267bfa8375acf74f0abe84,056a871982eb83b813411dd2352a2aa49d43445638aff5e9678488a7aa89675e
rev5,35,2,ia-8_gdn,selector,True,True,7799f05ca8cfa622268220e6c10f51b88fd5d9502c7bbcb0fabbdeb025c0a375,056a871982eb83b813411dd2352a2aa49d43445638aff5e9678488a7aa89675e
rev5,36,1,ir-2_smt,selector,True,True,810a974f71f468c7acbb74ac0ad344f31a657f2c7098ebb7a6379292de922e7c,726db6f15a5b7215c71500467972711e078b58dacf0a66bb4301a20a9572c728
rev5,36,2,ir-2_smt.a,selector,True,True,f58a90140ac5b7b7807a957ec24543a4c8a760c6e97078cd3cff31f38821a8e6,726db6f15a5b7215c71500467972711e078b58dacf0a66bb4301a20a9572c728
rev5,36,3,ir-2_smt.a.1,selector,True,True,aca4e7b36d57fa1d85c2455a9938491d1cfc906a043e7bc95b1b458d0c2dc0b3,726db6f15a5b7215c71500467972711e078b58dacf0a66bb4301a20a9572c728
rev5,36,4,ir-2_smt.a.2,selector,True,True,620e1385cb2c7509c324106902d3d63f8764560f0e29345ed0f280b1fedf60c5,726db6f15a5b7215c71500467972711e078b58dacf0a66bb4301a20a9572c728
rev5,36,5,ir-2_smt.a.3,selector,True,True,ebdafe2a7a93a46932b9fcb31d488c31cb954517ee1247c63257c9908aaaebf2,726db6f15a5b7215c71500467972711e078b58dacf0a66bb4301a20a9572c728
rev5,36,6,ir-2_smt.b,selector,True,True,0f7611a9fac6857d524ad5d4ff43792a1b475229577179fe3d10b85f8087f997,726db6f15a5b7215c71500467972711e078b58dacf0a66bb4301a20a9572c728
rev5,36,7,ir-2_gdn,selector,True,True,e1eb20e7dd5dc63c640b3e31c392fba0dea7092d31488e44ea746802b8fbddb0,726db6f15a5b7215c71500467972711e078b58dacf0a66bb4301a20a9572c728
rev5,37,1,ir-3_smt,rescue,True,True,45daa224c811116efb2d4a7d6415fd7a9f119abb2b65e40cd1ca67356c08044c,a55c6e0490e8c2035a05f9673851ce1ea1a0cca8bb5a6c2fc15bdb91165025c2
rev5,37,2,ir-3_gdn,selector,True,True,1b1f89fe24e70bb62df10adfc736624a2ca50025a558448a8009c28b86d7ecc1,a55c6e0490e8c2035a05f9673851ce1ea1a0cca8bb5a6c2fc15bdb91165025c2
rev5,38,1,ir-4_smt,selector,True,True,a307960f6030db89417c08f60139d67c701d7b3e160412bfd4393025ad223299,9870a1ef29475f10189e4072f0e458fec1f01e42f5b9548a18320ff65cba1a38
rev5,38,2,ir-4_smt.a,selector,True,True,8d204f657a420e09a409b60abfc9a171f3077ebdd7702438e6570fcef665d71c,9870a1ef29475f10189e4072f0e458fec1f01e42f5b9548a18320ff65cba1a38
rev5,38,3,ir-4_smt.c,selector,True,True,aca70f50605474f05b0886f0270e2b26d37e0371d369a1ba03afba00253d186f,9870a1ef29475f10189e4072f0e458fec1f01e42f5b9548a18320ff65cba1a38
rev5,38,4,ir-4_smt.d,selector,True,True,bef8b754a392ca70c951eed2360022e48761476f991ff87557ed28e0a86aa590,9870a1ef29475f10189e4072f0e458fec1f01e42f5b9548a18320ff65cba1a38
rev5,38,5,ir-4_gdn,selector,True,True,e2bf50236fed638400087f6afe0ee2fb2d888755b331e67d7480a13715dd1e3f,9870a1ef29475f10189e4072f0e458fec1f01e42f5b9548a18320ff65cba1a38
rev5,39,1,ir-5_smt,selector,True,True,4dae497d4f14dfaf966d733574e6dc06b54e9481d11227bf0c5119997475badd,7ed569c0e4eaac2bd7c0ca81ccbdf04e032b0c078422c26085ea2d72c2f1a948
rev5,39,2,ir-5_gdn,selector,True,True,f8df1023f05087d8c9f10c5a177475262891a8aebbe841271e5c6d3df84b4d3b,7ed569c0e4eaac2bd7c0ca81ccbdf04e032b0c078422c26085ea2d72c2f1a948
rev5,40,1,ir-6_smt,selector,True,True,2ced161097843430ca995a9e60252a252fc0fdd458d6ec7b3eac2e2b27e0d0a9,7520e7c5daa8ab9bf577f033437ced6ce146fd5e80597b7799f1cd06f4bdaeab
rev5,40,2,ir-6_smt.a,selector,True,True,1bd8624064d60a96127f5aa70730416226d93f808f87916a6109885d912c9ea8,7520e7c5daa8ab9bf577f033437ced6ce146fd5e80597b7799f1cd06f4bdaeab
rev5,40,3,ir-6_smt.b,selector,True,True,a3e6e7b571fef91d53235a56026e34b318b19b06a70ae7f8b7687001c1ae4fd5,7520e7c5daa8ab9bf577f033437ced6ce146fd5e80597b7799f1cd06f4bdaeab
rev5,40,4,ir-6_gdn,selector,True,True,c70a9aad15d73d125d1a9a5dc689797e6c7e95f1cc44e7733618abeadb673fa4,7520e7c5daa8ab9bf577f033437ced6ce146fd5e80597b7799f1cd06f4bdaeab
rev5,41,1,ma-2_smt,selector,True,True,9fdcbc4498fccc6c91e866c417c44e3938d9492b4a4f1594bc234e9ca74a01c5,1504d922833a13e7cb6088975f9e1c24202db7fbe11920f533f91e6029f6d0f1
rev5,41,2,ma-2_smt.a,selector,True,True,ff8d2b1d2d416004cc7aa821c47560bd22dfa00180b5177af81eaccda8034b19,1504d922833a13e7cb6088975f9e1c24202db7fbe11920f533f91e6029f6d0f1
rev5,41,3,ma-2_smt.b,selector,True,True,23f644748581ba0111a056d26f04cccc504afffff7af48ff33967efb1cf6d450,1504d922833a13e7cb6088975f9e1c24202db7fbe11920f533f91e6029f6d0f1
rev5,41,4,ma-2_smt.c,selector,True,True,837738da2aca280921e73a7053492aead8e381f699c9062f94e42c3a14e6c6ec,1504d922833a13e7cb6088975f9e1c24202db7fbe11920f533f91e6029f6d0f1
rev5,41,5,ma-2_smt.d,selector,True,True,a1a7ae1b91433c4b45bcb13169fc950faf1ad9475806ea495a4c7ef022313d5a,1504d922833a13e7cb6088975f9e1c24202db7fbe11920f533f91e6029f6d0f1
rev5,41,6,ma-2_smt.e,selector,True,True,21c7e603828dab980fc10b99004e1b3a2cca2c4339e1c89eec222f1a8c32faa8,1504d922833a13e7cb6088975f9e1c24202db7fbe11920f533f91e6029f6d0f1
rev5,41,7,ma-2_smt.f,selector,True,True,e65f1006f208abdbdcc9e86ccdfc8474ae702ccc5adb0002b63383d4309832df,1504d922833a13e7cb6088975f9e1c24202db7fbe11920f533f91e6029f6d0f1
rev5,41,8,ma-2_gdn,selector,True,True,cc5646614b1d1ad217c28dd97e15a337ebaa642ea952cf84f86ea3f757a33ce6,1504d922833a13e7cb6088975f9e1c24202db7fbe11920f533f91e6029f6d0f1
rev5,42,1,ma-3_smt.a,selector,True,True,f84dde33ca0c012b89812d850d72f5330a9ae3355a8aad7eba3598fe2620c1e5,0247b7e9992bfa669d10ba67c6b7dc1235dc5afa434336309f0b983bbf647f87
rev5,42,2,ma-3_smt.b,selector,True,True,f9f8896d49a93ee42dc13565accfa30a03ceb1c30db6970c018bc067bea1256d,0247b7e9992bfa669d10ba67c6b7dc1235dc5afa434336309f0b983bbf647f87
rev5,42,3,ma-3_gdn,selector,True,True,60a6745e8609b33d9c5fe5add8eef871dcf0ad1ab3b3ca5dc72cc4d3ad6c7055,0247b7e9992bfa669d10ba67c6b7dc1235dc5afa434336309f0b983bbf647f87
rev5,43,1,ma-4_smt.a,selector,True,True,497b537034296e88925d175eb64c7f5a0e0660fa7608ce8c2bf627293925038f,de43896fe6103b0136893e7541cd539a744ec5a16c36d2d37f3ca789ec14cff0
rev5,43,2,ma-4_smt.b,selector,True,True,185cd1fa552d9dd4a1ffcaaf14d625b6532cbab6bad3b83cde2d56f3a6065818,de43896fe6103b0136893e7541cd539a744ec5a16c36d2d37f3ca789ec14cff0
rev5,43,3,ma-4_smt.c,selector,True,True,aeb5329bc1e34befcafc40d208f69aacc931ad58081676b8688c0f42c882f3ce,de43896fe6103b0136893e7541cd539a744ec5a16c36d2d37f3ca789ec14cff0
rev5,43,4,ma-4_smt.d,selector,True,True,1f69fac3b841575b37508cc1ab66aadd85eadaea0f82de11f8ed7cfa4386a424,de43896fe6103b0136893e7541cd539a744ec5a16c36d2d37f3ca789ec14cff0
rev5,43,5,ma-4_gdn,selector,True,True,51872db6ee89bdd700ea9bc0dfd9baaff28ecc00fdb8870eee9e3acb194c2c43,de43896fe6103b0136893e7541cd539a744ec5a16c36d2d37f3ca789ec14cff0
rev5,44,1,ma-5_smt,selector,True,True,282f5fbcec53c0d8b7a82331a09f82ade57cd5c1a7b3058b52924ce3d8279c2a,fbf84132c1a16dd194754b4ee0d30e7e00ea9e86eabd3f2a6dc0296df28a756f
rev5,44,2,ma-5_smt.a,selector,True,True,7c382e37566193a3efbfae6db2a0b0ce56f8ea308cdfc8c6b5ef2053b5b1e7b3,fbf84132c1a16dd194754b4ee0d30e7e00ea9e86eabd3f2a6dc0296df28a756f
rev5,44,3,ma-5_smt.b,selector,True,True,5bf6cc07745ef65cdebe106d1ed5896c41cf6b6561172d3853735172f9e855b2,fbf84132c1a16dd194754b4ee0d30e7e00ea9e86eabd3f2a6dc0296df28a756f
rev5,44,4,ma-5_smt.c,selector,True,True,e8535ea54a2e6e7daf3dc13509735e258673e19d15df850529c4a610fa41e8c2,fbf84132c1a16dd194754b4ee0d30e7e00ea9e86eabd3f2a6dc0296df28a756f
rev5,44,5,ma-5_gdn,selector,True,True,4d9c57599e605992e9b70aa736ebf67f7b9dc28252d1ad720b4d8a6dfa912a81,fbf84132c1a16dd194754b4ee0d30e7e00ea9e86eabd3f2a6dc0296df28a756f
rev5,45,1,ma-6_smt,rescue,True,True,f1d5d082c566a26de258b796e8fbdf76d24eb030342dbcc9c84fa97e86cc665c,782fcb9369f04f17bc27beb4fa69a2446da5599e22f09cde8e2181c2a48d201f
rev5,45,2,ma-6_gdn,selector,True,True,97b8565cca74ec955d63e0b740959b786b4e1e952a61e0fbb7dda2ebe7bd9c55,782fcb9369f04f17bc27beb4fa69a2446da5599e22f09cde8e2181c2a48d201f
rev5,46,1,mp-2_smt,selector,True,True,a4a2affe91da9ef286457c927da912540cb8661686c6a34cd217fe459e760de9,65bfd781ca214fcda4234d62fd83fe66ed02bb838fe11d50427164d8de23e8c5
rev5,46,2,mp-5_smt.d,selector,True,True,89a5052de0181d0bb0785d67b95bd7baf51de1d8d1c8fb29497556d07f98d94d,65bfd781ca214fcda4234d62fd83fe66ed02bb838fe11d50427164d8de23e8c5
rev5,46,3,mp-2_gdn,selector,True,True,36e3c65c12357378a93f73c60686c56f0886f11b60d5f8e42d850246ca4374ed,65bfd781ca214fcda4234d62fd83fe66ed02bb838fe11d50427164d8de23e8c5
rev5,46,4,mp-5_gdn,selector,True,True,1f1e31ba5ff970298a6906781cf6326af7ec89472afbdb8b52dc4d1db307b74f,65bfd781ca214fcda4234d62fd83fe66ed02bb838fe11d50427164d8de23e8c5
rev5,47,1,mp-3_smt.a,selector,True,True,5d21e522e14c22186a4ab874e45a8a266d203afdc8549701c1572427a508d55e,58d88831b5910cc65d891d3c69006cbba899706545fec0bd48a7eb30ffeafba4
rev5,47,2,mp-3_smt.b,selector,True,True,c8196d3c0321a032dde0e15db43f0080ad72aa5263ce345bfb9a380baf61cf47,58d88831b5910cc65d891d3c69006cbba899706545fec0bd48a7eb30ffeafba4
rev5,48,1,mp-4_smt,selector,True,True,56706002157a9370d5c16f527cf40b021b1f2b6d3656af3cb1831231bb297ea0,a393953a948fcb619835405b66e78357421bbe42622e92e8214d4447a803feb1
rev5,48,2,mp-4_gdn,selector,True,True,bf01e0c2c88cb9c761599ee6170de75b9a37774d718aeefb1f8830308ac85bb0,a393953a948fcb619835405b66e78357421bbe42622e92e8214d4447a803feb1
rev5,49,1,mp-5_smt.a,selector,True,True,f56406e9307ed8907a2509a81910abb85c57aed3edd19dd53abd61a0603d116f,c074921c555f156a86b46b1142894ecd96c38882f02ac8e5911952321a900f9e
rev5,49,2,mp-5_smt.b,selector,True,True,373371a97cd3e727a4a65f907be233ff641742922da0f01d2f99802cb41f965b,c074921c555f156a86b46b1142894ecd96c38882f02ac8e5911952321a900f9e
rev5,49,3,mp-5_smt.c,selector,True,True,3b906ea6699e27f91d2264732d4a9f87594e95c468bf8f4851898348f261cbaa,c074921c555f156a86b46b1142894ecd96c38882f02ac8e5911952321a900f9e
rev5,49,4,mp-5_smt.d,selector,True,True,89a5052de0181d0bb0785d67b95bd7baf51de1d8d1c8fb29497556d07f98d94d,c074921c555f156a86b46b1142894ecd96c38882f02ac8e5911952321a900f9e
rev5,49,5,mp-5_gdn,selector,True,True,1f1e31ba5ff970298a6906781cf6326af7ec89472afbdb8b52dc4d1db307b74f,c074921c555f156a86b46b1142894ecd96c38882f02ac8e5911952321a900f9e
rev5,50,1,mp-6_smt.a,selector,True,True,008b36548c4c4c619b00b4339e3d7935a476b6359b0cb6a0f74cd39d3cc589a5,49e3db39bc8fab4346f795e73edd23b4e9859628c7380ae0c66a94d0bce54438
rev5,50,2,mp-6_smt.b,selector,True,True,dc13aefa856d4cb0cfbf19a8cc74377953487ab912c1b87dc8ca1bc7a6013c02,49e3db39bc8fab4346f795e73edd23b4e9859628c7380ae0c66a94d0bce54438
rev5,50,3,mp-6_gdn,selector,True,True,d6414571bdd15c97612374f124e6ab207dd928a0514b752fbe34b0a4e29860c5,49e3db39bc8fab4346f795e73edd23b4e9859628c7380ae0c66a94d0bce54438
rev5,51,1,pe-2_smt.a,selector,True,True,62e9ee19b8308786bd68878e26f5943c91cbd8bd3f5e33f000b9dbb0e8f64b5d,573fb2cc04075dc34385af4d7cffe59ccec26c185fac1bb4ce58b635fc40aa96
rev5,51,2,pe-2_smt.b,selector,True,True,9753d4845cb098004004646d7fb67cceaf44249fc3db5adbf540928239805c53,573fb2cc04075dc34385af4d7cffe59ccec26c185fac1bb4ce58b635fc40aa96
rev5,51,3,pe-2_smt.c,selector,True,True,02afd9d8a8c78d646e4bfcad8376ea120041143345b4c73869f3f9f9bbdcd2c5,573fb2cc04075dc34385af4d7cffe59ccec26c185fac1bb4ce58b635fc40aa96
rev5,51,4,pe-2_smt.d,selector,True,True,d1ce4aa68653e6ffea53c4b42c4b15bbdfe4db954c7ff72b3250e0962c9edefd,573fb2cc04075dc34385af4d7cffe59ccec26c185fac1bb4ce58b635fc40aa96
rev5,51,5,pe-2_gdn,selector,True,True,5c45c327f436f030ae18b2d8816fa9eede85cb6ff80ef7127a2f8d05907d5e76,573fb2cc04075dc34385af4d7cffe59ccec26c185fac1bb4ce58b635fc40aa96
rev5,52,1,pe-3_smt.a,rescue,True,True,157663c11567892f6de6d263ce9cca53f156217776846ad582b811625a6e2045,fdd9af19657a3e6511196f5a7cc8c68906bf2e5abf7ad9e71efb32c8777b4a9d
rev5,52,2,pe-3_smt.a.2,rescue,True,True,87ef400a34f9e5a27819b4fe978cdfcf9c1ffef0942ae59182747d73942617a8,fdd9af19657a3e6511196f5a7cc8c68906bf2e5abf7ad9e71efb32c8777b4a9d
rev5,52,3,pe-3_smt.b,rescue,True,True,a0e67f3860d81342f039baadd094e0e5ebd794f9f3970a8c821d874e18dd40bb,fdd9af19657a3e6511196f5a7cc8c68906bf2e5abf7ad9e71efb32c8777b4a9d
rev5,52,4,pe-3_smt.c,rescue,True,True,b2d1f62f1fbf5ebcf8c94501647fd6151ea7ed41504ed0b7c86e3e0d29ed9e6c,fdd9af19657a3e6511196f5a7cc8c68906bf2e5abf7ad9e71efb32c8777b4a9d
rev5,52,5,pe-3_gdn,selector,True,True,c6bbc730d0b5bff7adf2d6af29b5f495af1290264148b04a6d8755c5015d364a,fdd9af19657a3e6511196f5a7cc8c68906bf2e5abf7ad9e71efb32c8777b4a9d
rev5,53,1,sc-8_smt,rescue,True,True,686b2493de3568ebf2a466e99ea4eb49847c7e0649b06ecb9764c1473af3eb45,a13598236b08aa20eeb061b225f4b40df146bf110b21e57a0b0587ae87269b17
rev5,53,2,pe-4_gdn,selector,True,True,e38945f5b5a6b634571933d848237a5ce7abb0814675e958ece18b3f61fd8a5b,a13598236b08aa20eeb061b225f4b40df146bf110b21e57a0b0587ae87269b17
rev5,53,3,sc-8_gdn,selector,True,True,50a11eb43735c3c6962c59dd7324a67dd8113d91325cc2adc3d1c1961c68bce9,a13598236b08aa20eeb061b225f4b40df146bf110b21e57a0b0587ae87269b17
rev5,54,1,pe-5_gdn,selector,True,True,078177e9eae491f41e685e73f24c683f94c1363d1c7f7e2bf073b005c43eba4a,77e09b15a32c8c88a49976beba993a1dfa1e246f6c09e39544041cb6dabe1317
rev5,54,2,pe-5_smt,selector,True,True,57405ef97f23e73882d923ae4478409dc8d01b504c7d06647988d19ac7eed36b,77e09b15a32c8c88a49976beba993a1dfa1e246f6c09e39544041cb6dabe1317
rev5,55,1,pe-6_smt,selector,True,True,1121525f4cdbe8a3f60ede2f31bc220fbe64f736becee5efa59fd49ad8842cd6,c8fb353c7ebe49d46009bcba8e66d4910823d3ad41261037b7b3349dcb42e819
rev5,55,2,pe-6_smt.b,selector,True,True,2c4bf1f6deb6c29b8ac2720bb558439866967a2393e32a46a9d9a86ae9023004,c8fb353c7ebe49d46009bcba8e66d4910823d3ad41261037b7b3349dcb42e819
rev5,55,3,pe-6_gdn,selector,True,True,3d756d5d46adfb3f3f87b71d4e7e636bf691fa6759fef3b51d1dec9bdf3d5c86,c8fb353c7ebe49d46009bcba8e66d4910823d3ad41261037b7b3349dcb42e819
rev5,56,1,pl-2_smt.b,selector,True,True,fa15e91b6df1aa6fb3be44fb7b622d776417f763abe06a1f9443b251db2ddb39,e4428af1fb49f4f3ced0517686a2f156488df9e5a377f0e371d2d85578395987
rev5,56,2,pl-2_smt.c,selector,True,True,20b52b644902d8d04b1c18018b09fdb17bd8c29a6a4cb66d8d73b39d0203cbd2,e4428af1fb49f4f3ced0517686a2f156488df9e5a377f0e371d2d85578395987
rev5,56,3,pl-2_smt,selector,True,True,382e6f36ead913f5109d072162f06fae959f1aa0c849c5e55b396cb18aa92496,e4428af1fb49f4f3ced0517686a2f156488df9e5a377f0e371d2d85578395987
rev5,56,4,pl-2_smt.a.14,selector,True,True,8b16e71d4b3239cb1065fefac9f8add50ba8a0114f8b83e63cf81dcd2a0dfb8e,e4428af1fb49f4f3ced0517686a2f156488df9e5a377f0e371d2d85578395987
rev5,56,5,pl-2_smt.a.5,selector,True,True,2778c5a2b4d3923669d65aef985c085e9a8e78de24d35ae422bb1056ff9da056,e4428af1fb49f4f3ced0517686a2f156488df9e5a377f0e371d2d85578395987
rev5,56,6,pl-2_smt.a.8,selector,True,True,3328f7e11ee18417c8d6eb8eae75620d419ff1541c09e2fb1d6b01a94fa41b71,e4428af1fb49f4f3ced0517686a2f156488df9e5a377f0e371d2d85578395987
rev5,56,7,pl-2_smt.a.9,selector,True,True,c54a3a7c29bdde68fadfa12292e535a512491611cb7ddb8753230e7d2741b629,e4428af1fb49f4f3ced0517686a2f156488df9e5a377f0e371d2d85578395987
rev5,56,8,pl-2_smt.a.12,selector,True,True,b780f4c1d71efaeab14822843c66d71ec5a59d2d74a672c6c5043bafeab66bce,e4428af1fb49f4f3ced0517686a2f156488df9e5a377f0e371d2d85578395987
rev5,56,9,pl-2_smt.a.13,selector,True,True,4d50c119a5323ae3c4edcf375d78d67f586edade7cbc3b0c24b134e6e20b2547,e4428af1fb49f4f3ced0517686a2f156488df9e5a377f0e371d2d85578395987
rev5,56,10,pl-2_smt.a.6,selector,True,True,c945f83483c54b5e441b0ca9eff9fb8cc82211a4d9fae7e40d5047a4ab2f2135,e4428af1fb49f4f3ced0517686a2f156488df9e5a377f0e371d2d85578395987
rev5,56,11,pl-2_smt.a.4,selector,True,True,a1140a75685864d63a75df74a430cec5dddb8a83b710cc0886c376fc25b26d61,e4428af1fb49f4f3ced0517686a2f156488df9e5a377f0e371d2d85578395987
rev5,56,12,pl-2_smt.a.11,selector,True,True,c49a222bd8ae83ef674bb41ae2231d337db8ddad05f72174d1f2c76b42264d46,e4428af1fb49f4f3ced0517686a2f156488df9e5a377f0e371d2d85578395987
rev5,57,1,pl-4_gdn,selector,True,True,a25cd3563cad4b958ee634bfab563297bf23c142263e983edc48e3bd9b0fadbd,f88aa8de1cc01bf9e4e3d2e1aec8195733c07eaed321030822d44d37f29dd029
rev5,57,2,pl-4_smt.b,selector,True,True,993e4e56ac3bd06030ebdd087397ef9307685e21ea0132d508796475dae7b390,f88aa8de1cc01bf9e4e3d2e1aec8195733c07eaed321030822d44d37f29dd029
rev5,57,3,pl-4_smt.a,selector,True,True,1f497bb55e10de5af216458125f4dac7a13efec46b8b96624f80157822f0c7cf,f88aa8de1cc01bf9e4e3d2e1aec8195733c07eaed321030822d44d37f29dd029
rev5,57,4,pl-4_smt.d,selector,True,True,5a9697fc4ddca39f596ec261aea5938746c00298fd355323ea386ac39cdb6224,f88aa8de1cc01bf9e4e3d2e1aec8195733c07eaed321030822d44d37f29dd029
rev5,57,5,pl-4_smt.c,selector,True,True,aee6a3a8d06be28a47074605c533caa477c265b4fe274d2e0941a33026bf3a09,f88aa8de1cc01bf9e4e3d2e1aec8195733c07eaed321030822d44d37f29dd029
rev5,58,1,pl-7_smt.b,rescue,True,True,615d292b4e2245b389fbe6664fc481a26e6319c42131f42374aa758c91cf8ca3,93cc73d8fa102d77d1922c79b0d5ad9f5a60c8e40077ca38654a502d259d2850
rev5,58,2,pl-7_smt,rescue,True,True,d0c818274ce01f90c92e7054bad1383385b97df44b4997e5c7d83564441d5f79,93cc73d8fa102d77d1922c79b0d5ad9f5a60c8e40077ca38654a502d259d2850
rev5,58,3,pl-7_smt.a,selector,True,True,d8bc4558e9ee2fc6ccfa41a67a618d30f7b889ceca6ce949a2c271ef405f930d,93cc73d8fa102d77d1922c79b0d5ad9f5a60c8e40077ca38654a502d259d2850
rev5,58,4,pl-7_gdn,selector,True,True,253d77ef04af877cb6ff54ea12bf8d02218b52849ad0837132ed6305f85db526,93cc73d8fa102d77d1922c79b0d5ad9f5a60c8e40077ca38654a502d259d2850
rev5,59,1,pl-8_smt,selector,True,True,dc24583a8eb106a386121c3de31a41c3e553062fbb4fe58c34e738e563779330,3efa36148460a283156bf862611326dd259719da5c230c64b49ea8bc5f9aa81d
rev5,59,2,pl-8_smt.a.1,selector,True,True,8c28e1cf74263d25b6294206349b99533ce80ea8dfd97e1e1b3176ec6de615bd,3efa36148460a283156bf862611326dd259719da5c230c64b49ea8bc5f9aa81d
rev5,59,3,pl-8_smt.a.2,selector,True,True,46958011f785311ba0be4a0ea0227f5753380e274c0aeca6fed961e8664837c2,3efa36148460a283156bf862611326dd259719da5c230c64b49ea8bc5f9aa81d
rev5,59,4,pl-8_smt.a.3,selector,True,True,db8d0ea8d11cb1093cfefae590f7b77c8504028bb0f57acbd52d479c9148ca40,3efa36148460a283156bf862611326dd259719da5c230c64b49ea8bc5f9aa81d
rev5,59,5,pl-8_smt.a.4,selector,True,True,5c8ebd168bbdf3c47b80c2735d559764e7b5369ae262ad9e40c7d2cdd0b16093,3efa36148460a283156bf862611326dd259719da5c230c64b49ea8bc5f9aa81d
rev5,59,6,pl-8_gdn,selector,True,True,1da52c64c6b1d8f6d849f0b65cc6f62ceddf5ea81e8514991903d36daa65dcd7,3efa36148460a283156bf862611326dd259719da5c230c64b49ea8bc5f9aa81d
rev5,60,1,pl-11_gdn,selector,True,True,62c1ce666ca7fa0619d075b9065f3fdd26c0bed38797e7f2a4af6d847e965452,43703da40c820520c976c13f429358bfb855c4bd27c2124d12079faa9ec0ad7f
rev5,61,1,pm-2_smt,selector,True,True,a7640ad7938da4e5e21b97870639ed7b80394aca48e37ddf8760d38573561e9e,69535278ed5918262a42edfc8a6a0f54212f2926119d3c4bc513b10c51e04c27
rev5,61,2,pm-2_gdn,selector,True,True,772eb1a6b95818106732ac085429558f142632ae1595f8a58ed6ec05beb52871,69535278ed5918262a42edfc8a6a0f54212f2926119d3c4bc513b10c51e04c27
rev5,62,1,pm-4_smt.a,selector,True,True,9d90a17e48a91bf1e15eb01a24592fe0e7d5ec5e507cce27393273976b9b4b8f,99e4775bcb7778ae3c0e6fb60cc4f02ffe45c32c67a824c297d283a9c38871ca
rev5,62,2,pm-4_gdn,selector,True,True,6feac9e45f457bcaddeef4c2e2c4dbd8b26c61f724933faff7bdbdcab1c1d0cc,99e4775bcb7778ae3c0e6fb60cc4f02ffe45c32c67a824c297d283a9c38871ca
rev5,62,3,ca-5_gdn,selector,True,True,2f88e81a97e4be3d46d3fd068d9d0bbb8e94efead2aee3e6f5dd36873cc20a2a,99e4775bcb7778ae3c0e6fb60cc4f02ffe45c32c67a824c297d283a9c38871ca
rev5,63,1,pm-6_gdn,selector,True,True,a5e3d91c709c36e4be70f29514831968a7603b02b3195c5ace93e93025483c64,4fce374f37774d60cb5463fa94796e5086e3b50f7864edd24e5d3c0227601a10
rev5,63,2,pm-6_smt,selector,True,True,d9315a347166db949e42520f90cd00c4e80e674ea18f642dfd29bfb2adc7c6f2,4fce374f37774d60cb5463fa94796e5086e3b50f7864edd24e5d3c0227601a10
rev5,64,1,sa-3_smt.a,rescue,True,True,6bee120e266d8ee96d446ce0e8c4ac728e0d22359dc3d0d4cf74df440a0ed56c,1a038b3e2605c8714d95019dbf4b8021efa894087823173c848aefa317a3a23c
rev5,64,2,sa-3_smt,rescue,True,True,52e6fbf36f1a49bd675c73e64dca2abf664af44ebdc3f1d8b742aa4a2d141c91,1a038b3e2605c8714d95019dbf4b8021efa894087823173c848aefa317a3a23c
rev5,64,3,pm-7_smt,selector,True,True,8af8b9de94b332025639eb4b82d4ab2fac8aea751183479b4e0e36371da66473,1a038b3e2605c8714d95019dbf4b8021efa894087823173c848aefa317a3a23c
rev5,64,4,pm-7_gdn,selector,True,True,65a11ead37ee77331c032dd0dceecc4a7151856f208613f4fd47486ccba43251,1a038b3e2605c8714d95019dbf4b8021efa894087823173c848aefa317a3a23c
rev5,65,1,pm-9_smt,selector,True,True,ed980b0623f17df8efa5e3edb815c1d79cbe83201ca0d7511c1bbcbf025d448d,242611de53509acdbb6b188221696b325d05137975887f3a1b33d213bc827a9c
rev5,65,2,pm-9_gdn,selector,True,True,e98bd2cdc98def387980faaad9d36a2140b8c6de159f26a7d0da1aebd7b5ef83,242611de53509acdbb6b188221696b325d05137975887f3a1b33d213bc827a9c
rev5,66,1,ps-2_smt,selector,True,True,d7745e40e9eaedccb3005309a8191a040110f9339c50c980ec370f308895485e,71eb9234cb6842cd27eb3426cc554339f0ed54e8c3b3de15ee325c7cf79f05d4
rev5,66,2,ps-2_smt.c,selector,True,True,d55c2f385957c4f1305bbb917c76ab43987660242f21a10ead820971a1714ddf,71eb9234cb6842cd27eb3426cc554339f0ed54e8c3b3de15ee325c7cf79f05d4
rev5,66,3,ps-2_smt.b,selector,True,True,4651c0ffa4bf2580b83f9b0596099137529013b3c2928efba1b0a84275ad0b06,71eb9234cb6842cd27eb3426cc554339f0ed54e8c3b3de15ee325c7cf79f05d4
rev5,66,4,ps-2_smt.a,selector,True,True,dda6bea023bb33846a6438f875b271aa76bf20f5b798734a2d92418dfe29e09e,71eb9234cb6842cd27eb3426cc554339f0ed54e8c3b3de15ee325c7cf79f05d4
rev5,66,5,ps-2_gdn,selector,True,True,b722ab1e7de94cecff4a0135b7851dab5c82b76c5f84b2cb1a24114172652055,71eb9234cb6842cd27eb3426cc554339f0ed54e8c3b3de15ee325c7cf79f05d4
rev5,67,1,ps-3_smt.b,rescue,True,True,118f761de9becd891ebe511a5ab0fe8b12e9585c3e41588ff0dc83f08b17170c,ec8aa9f8f951bf7b856ffbfa5cb2309c30e84bee106aed0af043a7ffb964674d
rev5,67,2,ps-3_smt,rescue,True,True,480e9d36b5f9d7bef228e39a5ef37d9ca22d0185058c7afad97b27ecc8e8ec1f,ec8aa9f8f951bf7b856ffbfa5cb2309c30e84bee106aed0af043a7ffb964674d
rev5,67,3,ps-3_smt.a,selector,True,True,64f9dbb0bdb0f495602ce68e9cc5baede08a0bc91bd9a40271b37d53859d64db,ec8aa9f8f951bf7b856ffbfa5cb2309c30e84bee106aed0af043a7ffb964674d
rev5,67,4,ps-3_gdn,selector,True,True,d21fe24f5e0000200977d8b10e16b7b32321f93e830bf2fb3468a0c3da1ec16f,ec8aa9f8f951bf7b856ffbfa5cb2309c30e84bee106aed0af043a7ffb964674d
rev5,68,1,ps-4_smt.a,selector,True,True,60497cf67b8d92472df8be67f577a0ac0545f3fb76d7d6183ae95000ed5264b3,062e6566ad8b1ee18cc6e1565dcd28d7d67cde282be770f9739d422f789c30c5
rev5,68,2,ps-4_smt.b,selector,True,True,16e6b8a2cf2c8a9f9e2ca15204d021349a45d39537c4d740a5d4683892b375d7,062e6566ad8b1ee18cc6e1565dcd28d7d67cde282be770f9739d422f789c30c5
rev5,68,3,ps-4_smt.c,selector,True,True,0c67dcf7491dda9190bd0484f2f3ab0a1c9cb9c6c305ff07d15470289eed3399,062e6566ad8b1ee18cc6e1565dcd28d7d67cde282be770f9739d422f789c30c5
rev5,68,4,ps-4_smt.d,selector,True,True,8f3b7d8d3054309bdc7331b35b659bc187d91721027f8f660c56b508550bd890,062e6566ad8b1ee18cc6e1565dcd28d7d67cde282be770f9739d422f789c30c5
rev5,68,5,ps-4_smt.e,selector,True,True,1cd5cdf64a4ee20b9a1746b6bc9e359a94d62197cc22f482c2bfe60752fe2734,062e6566ad8b1ee18cc6e1565dcd28d7d67cde282be770f9739d422f789c30c5
rev5,69,1,ps-5_smt.a,selector,True,True,7915e00fb81571d2dc8aaf1538decdae5f8901994beb0b07ebe9a560cfc17050,528025cc93e78556cca57460a5520897305798ba0b329979834f653d0f692949
rev5,69,2,ps-5_smt.c,selector,True,True,9d4d478fe0b4026d222e9417bd68983d2ac0e2a1e0eb2e51e61e4a34ef366912,528025cc93e78556cca57460a5520897305798ba0b329979834f653d0f692949
rev5,69,3,ps-5_smt.b,selector,True,True,349e3ae850c9a6ddeb2b3863274febe38f40a439b74a89fc9259c7414fc196f0,528025cc93e78556cca57460a5520897305798ba0b329979834f653d0f692949
rev5,69,4,ps-5_smt.d,selector,True,True,02a23b2b99ecf187edfe5253243403e5e8b38c064deee29eb33228dd7ead30bf,528025cc93e78556cca57460a5520897305798ba0b329979834f653d0f692949
rev5,69,5,ps-5_gdn,selector,True,True,a913d1b144ff6548c528ae3f6e0006bdd0dc1d3c05fb1462ee5a488921cb736b,528025cc93e78556cca57460a5520897305798ba0b329979834f653d0f692949
rev5,70,1,ps-6_smt.a,selector,True,True,7deb983ee86382cee3f833d5afebb61987b972e482c9569e86f46cc7a7a4b157,5dbfb24a6353108a06251cefb715fdd0e28f43ce9c91f3aaf3378bbd51f8b2e4
rev5,70,2,ps-6_smt.b,selector,True,True,051e8832a1e6edcdc74c9ca40bc023a1d132bef81addaa77dee6d8506ae6938c,5dbfb24a6353108a06251cefb715fdd0e28f43ce9c91f3aaf3378bbd51f8b2e4
rev5,70,3,ps-6_smt.c.1,selector,True,True,ae1ab6c89510b9f92ae6566e0dfce5c07a323e0a1a6c6f387919420332059eff,5dbfb24a6353108a06251cefb715fdd0e28f43ce9c91f3aaf3378bbd51f8b2e4
rev5,70,4,ps-6_smt.c.2,selector,True,True,d668ff2a72e8cd9bd948730c51de73441ed6cc3dbaea620fb41b563debcedf11,5dbfb24a6353108a06251cefb715fdd0e28f43ce9c91f3aaf3378bbd51f8b2e4
rev5,70,5,ps-6_gdn,selector,True,True,9f029587089a126de1d07dcf52492973718dc1554d467c5e815266d3b7d0b0d4,5dbfb24a6353108a06251cefb715fdd0e28f43ce9c91f3aaf3378bbd51f8b2e4
rev5,71,1,pt-2_smt.a,selector,True,True,bb55e4b2684690861ee09b8be933e5c40b0bbe41290ea58339959b4a312da239,2cee1babb1255fef1cc2de7a52cbfc0d76916aa8a10fba8c353cfae3b565eb3b
rev5,71,2,pt-2_smt,selector,True,True,dca594dd286d558b2a9c6d87eeb0d2d9af1e07e77a61cd561282e1c8469f6c2e,2cee1babb1255fef1cc2de7a52cbfc0d76916aa8a10fba8c353cfae3b565eb3b
rev5,71,3,pt-3_smt.a,selector,True,True,e95d65be9d3bce318fde474d12237675e31463e924cdd15b1935b16acc36a348,2cee1babb1255fef1cc2de7a52cbfc0d76916aa8a10fba8c353cfae3b565eb3b
rev5,71,4,pt-3_smt,selector,True,True,53e330f2d78e788efd56b936e56f145467441c770de23d53a5c2726656947864,2cee1babb1255fef1cc2de7a52cbfc0d76916aa8a10fba8c353cfae3b565eb3b
rev5,71,5,pt-3_smt.c,selector,True,True,4ffea08fa1728508e0eac419e619e56d687749b838c06b495152605e1a10a26a,2cee1babb1255fef1cc2de7a52cbfc0d76916aa8a10fba8c353cfae3b565eb3b
rev5,71,6,pt-3_smt.d,selector,True,True,5d1e40dc903002b55f957715c26362bf55b8d56d1e32f618e9b2720dd7119a8e,2cee1babb1255fef1cc2de7a52cbfc0d76916aa8a10fba8c353cfae3b565eb3b
rev5,71,7,pt-3_gdn,selector,True,True,891b87740c95de43501361aff1a3375a3c725764a12c2c76a3817cd4b210660b,2cee1babb1255fef1cc2de7a52cbfc0d76916aa8a10fba8c353cfae3b565eb3b
rev5,72,1,pt-3_smt.a,selector,True,True,e95d65be9d3bce318fde474d12237675e31463e924cdd15b1935b16acc36a348,f485c5ee290a9443dbded8ad425ec2fa9c09110eec450fc33060f3c2d23e7f74
rev5,72,2,pt-3_smt.c,selector,True,True,4ffea08fa1728508e0eac419e619e56d687749b838c06b495152605e1a10a26a,f485c5ee290a9443dbded8ad425ec2fa9c09110eec450fc33060f3c2d23e7f74
rev5,72,3,pt-3_smt.d,selector,True,True,5d1e40dc903002b55f957715c26362bf55b8d56d1e32f618e9b2720dd7119a8e,f485c5ee290a9443dbded8ad425ec2fa9c09110eec450fc33060f3c2d23e7f74
rev5,72,4,pt-3_gdn,selector,True,True,891b87740c95de43501361aff1a3375a3c725764a12c2c76a3817cd4b210660b,f485c5ee290a9443dbded8ad425ec2fa9c09110eec450fc33060f3c2d23e7f74
rev5,73,1,pt-4_smt,rescue,True,True,cf0b19f3d54fcd78d7ca3dd38137655267bafbae272e7b2b898269ed8ed2ef77,d214b86a82a20512b0eef1c23bc6bd9edab485b4ed5ab6b14295f29ef0f7ae26
rev5,73,2,pt-4_gdn,selector,True,True,cce5001759b16e4001e9d84c0ed3b06d71c4b548ba834254326c9baf5a84324b,d214b86a82a20512b0eef1c23bc6bd9edab485b4ed5ab6b14295f29ef0f7ae26
rev5,74,1,pt-5_smt,selector,True,True,eaf1ee1123fa9f6144515864df0fe8ba0a08805c2eb35ffe609bfed5508a2905,5f4f4753c92d020164c19a3ac1c196c97caba2b0515aca3e8d33fc29b8bd71b9
rev5,74,2,pt-5_smt.a,selector,True,True,c93191a5f5dca7eeb00a0b0db880e9ff40455c9fe209a05ccef4671d951804f6,5f4f4753c92d020164c19a3ac1c196c97caba2b0515aca3e8d33fc29b8bd71b9
rev5,74,3,pt-5_smt.b,selector,True,True,0516d18099b18640063f67637f42a39a4e219c070ad25b04814348ff1b30a6ec,5f4f4753c92d020164c19a3ac1c196c97caba2b0515aca3e8d33fc29b8bd71b9
rev5,74,4,pt-5_smt.c,selector,True,True,81b13af8e272f2404ce35c2402454d3e9f2a46e530159f5b25de346488d199fa,5f4f4753c92d020164c19a3ac1c196c97caba2b0515aca3e8d33fc29b8bd71b9
rev5,74,5,pt-5_smt.d,selector,True,True,50ab04ae388ab30d7892b91997d69be20a6f6ff5a05854b1d5b39b2df0296cb3,5f4f4753c92d020164c19a3ac1c196c97caba2b0515aca3e8d33fc29b8bd71b9
rev5,74,6,pt-5_smt.e,selector,True,True,05cdf012f378619bc38c253fb31bd01df57b13d7abf6d4f506a0ed09504dd577,5f4f4753c92d020164c19a3ac1c196c97caba2b0515aca3e8d33fc29b8bd71b9
rev5,74,7,pt-5_gdn,selector,True,True,93e546f14fb269f2f3efa22eada23c53e46291c1d356b053753037150c07aa4d,5f4f4753c92d020164c19a3ac1c196c97caba2b0515aca3e8d33fc29b8bd71b9
rev5,75,1,pt-6_smt,selector,True,True,d005cadac5ace1a9ae702e8bd453a6f81a3fd32cbca6a97edf03296299170a17,d0b42b13176c5981d7d003cff18b613bd7cdff6c0c41c4177f7203beace4d4e8
rev5,75,2,pt-6_smt.b,selector,True,True,7962c355316658aaaa8bb9a1b3cc6cead86c425dd4278aad223f2dd5812570ac,d0b42b13176c5981d7d003cff18b613bd7cdff6c0c41c4177f7203beace4d4e8
rev5,75,3,pt-6_smt.a,selector,True,True,4dfb430692540ddddb03d8a2719362ca183d22f7efe0446f15aa21de5813833a,d0b42b13176c5981d7d003cff18b613bd7cdff6c0c41c4177f7203beace4d4e8
rev5,75,4,pt-6_gdn,selector,True,True,8ab0026a109d54d5e891721983142422c0a310433edd6eac0697f4557a4b1e9c,d0b42b13176c5981d7d003cff18b613bd7cdff6c0c41c4177f7203beace4d4e8
rev5,76,1,ra-2_smt.a,selector,True,True,696f489e270d28285193c0f926fefccfea550270c8be83e01a629f3513a1302e,05954c752e78556882ee481cfa1279dd14b438fa43f70776d70e747244bdb8d1
rev5,76,2,ra-2_smt.b,selector,True,True,27c31c70551bd5a447d2e94f2301c0524dc581d93bf9c74c74e6614b5c01b842,05954c752e78556882ee481cfa1279dd14b438fa43f70776d70e747244bdb8d1
rev5,76,3,ra-2_smt.c,selector,True,True,b4993896190a235ec0aba5d78447f6ba99d2de064b51c1fbc732e208c134ecd4,05954c752e78556882ee481cfa1279dd14b438fa43f70776d70e747244bdb8d1
rev5,77,1,ra-3_smt,selector,True,True,f2db34de22477207243972424f2a9039eced939d6f2486506474b991e02368f5,856fee58ddfc8eb1554bdadfc9d57a1cde81a9948526ab5730ffef65fa237724
rev5,77,2,ra-3_smt.c,selector,True,True,6021eaee93359bdcb83cf1294ada4dd5d394f631c7a8c1d5c6cf867124853792,856fee58ddfc8eb1554bdadfc9d57a1cde81a9948526ab5730ffef65fa237724
rev5,77,3,ra-3_smt.d,selector,True,True,c5dfd8506d1aa0b55e639941a85db05df8fcd5cd1d16ef18c5e20284cce5670f,856fee58ddfc8eb1554bdadfc9d57a1cde81a9948526ab5730ffef65fa237724
rev5,77,4,ra-3_smt.f,selector,True,True,4458e6ef0cad9a743ee321524ef7d18a952c3d8b31631b584ed1113c24c7484b,856fee58ddfc8eb1554bdadfc9d57a1cde81a9948526ab5730ffef65fa237724
rev5,78,1,ra-5_smt.a,selector,True,True,44d3fd7a0946c271e8d00a49a8c1fb31cc9708b4ab6558aed113a2fa36deac2c,57bf4c424f70389a29421cfecc11aa2dc2019202b2a24725903b2098797d25b4
rev5,78,2,ra-5_smt.d,selector,True,True,e91196c8a8bbfa7ed6c5af3d18c97d0af34c2bf7dfbb58256d6b7e760854a3dd,57bf4c424f70389a29421cfecc11aa2dc2019202b2a24725903b2098797d25b4
rev5,78,3,ra-5_smt.e,selector,True,True,e99504b644eaf75402e0055a232bf9a2f7d3f42bbf3ccc7881751726bed9e73b,57bf4c424f70389a29421cfecc11aa2dc2019202b2a24725903b2098797d25b4
rev5,78,4,ra-5_smt.f,selector,True,True,502ceddd725bab359468450f939692a1a23dc8d8697034117a3e5d8070a51724,57bf4c424f70389a29421cfecc11aa2dc2019202b2a24725903b2098797d25b4
rev5,79,1,ra-7_gdn,selector,True,True,2abc6ac24e329e1c7623b4b1b9e7b799f0730ed88e25a8fe08b486035a0cc3dc,802a94ed82fb10c5bad84fd5f919d805fbfceec4dd5ae92801bc1159815d2220
rev5,79,2,ra-7_smt,selector,True,True,279d715e76dec596015aa64bff5451cd9c72005718161b27b8fa5c6fee2938f9,802a94ed82fb10c5bad84fd5f919d805fbfceec4dd5ae92801bc1159815d2220
rev5,80,1,ra-9_smt,rescue,True,True,0f3af306a318709e47309a6b34d75e17b9d072d3ab21ae6765f1da66b2523b96,a1a3dbd11740c2076a099ed6498cde26f1cc6b1ecc9cce7b58b4b9424972a864
rev5,80,2,ra-9_gdn,selector,True,True,dcadb966acb7f302593b75e3ab8a3963c7c78256f1a1f23180e078caf23eef32,a1a3dbd11740c2076a099ed6498cde26f1cc6b1ecc9cce7b58b4b9424972a864
rev5,81,1,sa-5_smt,selector,True,True,84e7a84510b2936e1dab8dc5f4b54b8b7c6dc14ad2a06f7c82af4e6e5fc39528,f5c950383044a811745221fcbcdc513a4930c33a6588071e096f05e299ce02da
rev5,81,2,sa-5_smt.a,selector,True,True,54e6c69766b0032e22f08b6f401f04c08a882f8c0b22d77c72cf54f7363bf8bc,f5c950383044a811745221fcbcdc513a4930c33a6588071e096f05e299ce02da
rev5,81,3,sa-5_smt.a.1,selector,True,True,3c3c8fcf0338b3017feaa0117b03c80753d405eb18ed561c1bc99d4911321f69,f5c950383044a811745221fcbcdc513a4930c33a6588071e096f05e299ce02da
rev5,81,4,sa-5_smt.a.2,selector,True,True,0b742e65825d061365732b3e86d26c44189774e1189e4312c38fd2cefd7801b0,f5c950383044a811745221fcbcdc513a4930c33a6588071e096f05e299ce02da
rev5,81,5,sa-5_smt.a.3,selector,True,True,75250c38173a159ff7625515e2a62682c666b02f2991e5e11e41694ededdb32c,f5c950383044a811745221fcbcdc513a4930c33a6588071e096f05e299ce02da
rev5,81,6,sa-5_smt.b,selector,True,True,b1ce7e78568b73ac6c92d215329cef9fb0345f5cd23daef599ce3aef42399211,f5c950383044a811745221fcbcdc513a4930c33a6588071e096f05e299ce02da
rev5,81,7,sa-5_smt.b.1,selector,True,True,deb2922432e8f90d076867338d759ca64626d26b614c8a6adc08a70639b7150e,f5c950383044a811745221fcbcdc513a4930c33a6588071e096f05e299ce02da
rev5,81,8,sa-5_smt.b.2,selector,True,True,922c99a9f6d7668c0d0d08ec935c122b1a5a75855bf61fc0da6fa19f97af1cb7,f5c950383044a811745221fcbcdc513a4930c33a6588071e096f05e299ce02da
rev5,81,9,sa-5_smt.b.3,selector,True,True,b97519ef9e9cc41f66e6d180fe428a1888f6f214720d0408ddd34296c857823f,f5c950383044a811745221fcbcdc513a4930c33a6588071e096f05e299ce02da
rev5,82,1,sa-8_smt,selector,True,True,218683af7d839a3aef131e9e772a13746e7e34d1168043be500390d085f6db1b,8915c65eb71d6afbd4d95e3b93f811c78f45033a965d08ba8110a2293235ca68
rev5,83,1,sa-9_smt,selector,True,True,28846d772aee61bbcafa2cf61b160a533decfd0d15b39937754fef9266c2f034,4e0aa387cd10317a5b6ecfbca32b5c337adacea0570ca92b58b05978e23a9c00
rev5,83,2,sa-9_smt.a,selector,True,True,f267693045e97bd8a9889dbb6de195ee4789c2e47d3ee89d3af16f330d530237,4e0aa387cd10317a5b6ecfbca32b5c337adacea0570ca92b58b05978e23a9c00
rev5,83,3,sa-9_smt.c,selector,True,True,c08330fd8d6d5c1108cb04a0b4538eafa076c7dab11273345ab43b1b8ce911c5,4e0aa387cd10317a5b6ecfbca32b5c337adacea0570ca92b58b05978e23a9c00
rev5,83,4,ps-7_smt.b,selector,True,True,ef63d2abba3e107a69e9c0150486629e5b51aecf1042f3b4a0f263d06bcbaef8,4e0aa387cd10317a5b6ecfbca32b5c337adacea0570ca92b58b05978e23a9c00
rev5,83,5,ps-7_smt,selector,True,True,4228a74ce7bd5d21f760c14ed88b650a8463fb4fe54b906316411562934c5a68,4e0aa387cd10317a5b6ecfbca32b5c337adacea0570ca92b58b05978e23a9c00
rev5,83,6,ps-7_smt.d,selector,True,True,c6643fa0e86f6115dc8cf9d049f82925a39a88b5cb5479f0f42606093a2297e6,4e0aa387cd10317a5b6ecfbca32b5c337adacea0570ca92b58b05978e23a9c00
rev5,83,7,ps-7_smt.e,selector,True,True,b6b2153160c09f90544db89f0b585bbcc18c334c3d0af7c9c950695589e45661,4e0aa387cd10317a5b6ecfbca32b5c337adacea0570ca92b58b05978e23a9c00
rev5,84,1,sa-10_smt.a,selector,True,True,6821f81f519738e4a65c2d607a9fb690817312dfd5d91e4b2d3f11652b31bf5e,66880579e05b27447125e8067919cc76069d1255dfb17c17a72a45943cbd5a9b
rev5,84,2,sa-10_smt.c,selector,True,True,7fced684c2ea92ed64781965ba123ec1fa280ed9a13d944281dcc5a526848cc0,66880579e05b27447125e8067919cc76069d1255dfb17c17a72a45943cbd5a9b
rev5,84,3,sa-10_smt.b,selector,True,True,075a6fbcdcb68a1b4dcedc629661551655f8846439f91a391d2b79e557f6055b,66880579e05b27447125e8067919cc76069d1255dfb17c17a72a45943cbd5a9b
rev5,84,4,sa-10_smt.d,selector,True,True,485820d19f3869572ad4692161a65c2f9517249dcfe49e31fa12c002ffab29ec,66880579e05b27447125e8067919cc76069d1255dfb17c17a72a45943cbd5a9b
rev5,84,5,sa-10_smt.e,selector,True,True,d8487a6b4aea5fff8d276f83617d4dba9457318fc1ed2bd97c9420f80d13ec8f,66880579e05b27447125e8067919cc76069d1255dfb17c17a72a45943cbd5a9b
rev5,84,6,sa-10_gdn,selector,True,True,761b98c7795c7fc4df4b0344e9df0d89fc30dd33b0deae1291b13b72d1fe6c2b,66880579e05b27447125e8067919cc76069d1255dfb17c17a72a45943cbd5a9b
rev5,85,1,sa-11_smt,selector,True,True,57a100c1a69f15af26667a9222c9caa1607dc7c7a6b3ee0f5a478f840482154f,f15a8bdbc47d9f4969894637ebfd27c9b8b34fba5fe368b8e36ab21fb9e9e185
rev5,85,2,sa-11_smt.c,selector,True,True,23576e8fc93e2cd8cabae7d168fa4e0e458df89f738210e64d64b828515d3836,f15a8bdbc47d9f4969894637ebfd27c9b8b34fba5fe368b8e36ab21fb9e9e185
rev5,85,3,sa-11_smt.e,selector,True,True,d73323bee2f5745d40ac88231ed0fcbbf4e8473648a52e73a56464d1ec380557,f15a8bdbc47d9f4969894637ebfd27c9b8b34fba5fe368b8e36ab21fb9e9e185
rev5,86,1,sc-7_smt.a,selector,True,True,7d74c0ea68513ee322e7dfdca29028dbee7ea65130a734669216a8c0396c9afc,94ea96b4878aa604feae58080b974b5e0cd0e0d0e7a4979cfdc049eedb391aa6
rev5,86,2,sc-7_smt.b,selector,True,True,d2a650bdb5aabc675b0d8d9c9ece0d41b55050256bb54353e58190a8f24f322f,94ea96b4878aa604feae58080b974b5e0cd0e0d0e7a4979cfdc049eedb391aa6
rev5,86,3,sc-7_smt.c,selector,True,True,b4542fe9d26567bd8cc779588e79d144448fdb191efe71be63799872e2cb2f4a,94ea96b4878aa604feae58080b974b5e0cd0e0d0e7a4979cfdc049eedb391aa6
rev5,86,4,sc-7_gdn,selector,True,True,5caa2d866c3454a93d1ebf7d4aef58a3615d1d55819491fcfcbd92262b6782a3,94ea96b4878aa604feae58080b974b5e0cd0e0d0e7a4979cfdc049eedb391aa6
rev5,87,1,sc-8_smt,rescue,True,True,686b2493de3568ebf2a466e99ea4eb49847c7e0649b06ecb9764c1473af3eb45,8f355ad39300fee2cf0093669a2b46dfc29b5bf8cd34e2a1ec838191deb99f7b
rev5,87,2,sc-8_gdn,selector,True,True,50a11eb43735c3c6962c59dd7324a67dd8113d91325cc2adc3d1c1961c68bce9,8f355ad39300fee2cf0093669a2b46dfc29b5bf8cd34e2a1ec838191deb99f7b
rev5,87,3,sc-7_gdn,selector,True,True,5caa2d866c3454a93d1ebf7d4aef58a3615d1d55819491fcfcbd92262b6782a3,8f355ad39300fee2cf0093669a2b46dfc29b5bf8cd34e2a1ec838191deb99f7b
rev5,88,1,sc-12_smt,selector,True,True,8746cca4cbf3c9191180445ddedf50ec2080725ba0caca16c41605ae8e1d7368,4fc0f4cd67cf0f96db265482a3695b309c11fd9f58766794c831be1d689ebb20
rev5,88,2,sc-12_gdn,selector,True,True,8af1b799ca06787ae7ad4b4de774331d12e7daea54562e3e79ff4136558ddc40,4fc0f4cd67cf0f96db265482a3695b309c11fd9f58766794c831be1d689ebb20
rev5,89,1,ia-7_smt,selector,True,True,4b08047b0f6b1135ee54f0e577ecf4fff6b49ce5a4430648068ba66439885e1f,6223f7567336d46248cee073046d59b202176567efff6f611425db4a9656e1e5
rev5,89,2,ia-7_gdn,selector,True,True,ce9fe96ebff3d8e36c83d82daf78e5af01191c635374e22a70304f4eecdc2eb6,6223f7567336d46248cee073046d59b202176567efff6f611425db4a9656e1e5
rev5,90,1,sc-28_smt,rescue,True,True,931116251b459fa9e8be20b4b2337e6cddb84504edb400767680086dc31e5210,9b0e45ceea684ec6f00a1659f14f00e63d8c76e75fa4dabbce25be53afc408c7
rev5,90,2,sc-28_gdn,selector,True,True,5e1e7c7bff3e8b07c101fa5b86c62d9567bebd618aa726e3a51fe6b378ee9541,9b0e45ceea684ec6f00a1659f14f00e63d8c76e75fa4dabbce25be53afc408c7
rev5,90,3,cp-9_gdn,selector,True,True,fbb513a481a56ffd88b50dc0e19befc045b5bea98d857e717a31aeeabcb623b9,9b0e45ceea684ec6f00a1659f14f00e63d8c76e75fa4dabbce25be53afc408c7
rev5,91,1,si-2_smt,selector,True,True,551a525b7a0716ca19a18a2f7b0d13abb110f008e2c11a34ff3a6a4624419df3,e759512108a5d33b594d7734ab8fc1be29bab5bf76b5ffc0f278fa3159657bf9
rev5,91,2,si-2_smt.a,selector,True,True,82116584ec70a99cf8db223cf7a0dcd15e60ecd6889ddf4305e3aa0676a7586f,e759512108a5d33b594d7734ab8fc1be29bab5bf76b5ffc0f278fa3159657bf9
rev5,91,3,si-2_smt.b,selector,True,True,6859515c2962e5a154ea336185872d1443915e3bb28c290e87548c248646e619,e759512108a5d33b594d7734ab8fc1be29bab5bf76b5ffc0f278fa3159657bf9
rev5,91,4,si-2_smt.c,selector,True,True,96a2a7f0ef83d1512942a0f48cc434094aa50b33a1996f513784fa6ccb632f80,e759512108a5d33b594d7734ab8fc1be29bab5bf76b5ffc0f278fa3159657bf9
rev5,91,5,si-2_gdn,selector,True,True,5b190014d745402b2def847d40690fe1911328454e4932e348bf96c22d6c58eb,e759512108a5d33b594d7734ab8fc1be29bab5bf76b5ffc0f278fa3159657bf9
rev5,92,1,si-3_smt,selector,True,True,89d26afdab01a7adc36285c48782ed8fa16d6f206b9dcdedd4f34fabadf3b518,b592f689387debca3b8a63814ca693cd7680ec2976f2786dc8b0e76f27037dd2
rev5,92,2,si-3_smt.a,selector,True,True,d3a3b86d48cdd36f106a85fdd8b11ab6bbd49edf64d030b0b4884440a718b662,b592f689387debca3b8a63814ca693cd7680ec2976f2786dc8b0e76f27037dd2
rev5,92,3,si-3_smt.b,selector,True,True,b8e05fe0f07bc2d30d63d751e1531e1592e968b66a3cd63767118a19e55fe4b9,b592f689387debca3b8a63814ca693cd7680ec2976f2786dc8b0e76f27037dd2
rev5,92,4,si-3_smt.c,selector,True,True,63a27b234488d261209371a9568f35eac3dbf5f882b85c9e736a1d6f53b37b83,b592f689387debca3b8a63814ca693cd7680ec2976f2786dc8b0e76f27037dd2
rev5,92,5,si-3_smt.c.1,selector,True,True,d6ef2c9332c5cba4bd8cc3482b01e8217ca98af4c1070feda68d7ba82442bbc1,b592f689387debca3b8a63814ca693cd7680ec2976f2786dc8b0e76f27037dd2
rev5,92,6,si-3_smt.c.2,selector,True,True,2630f2e01aedac91ba20056ef2a9da3122e2359fe9376bdd3fee152c04d439ad,b592f689387debca3b8a63814ca693cd7680ec2976f2786dc8b0e76f27037dd2
rev5,92,7,si-3_gdn,selector,True,True,d0680799b50ad8a89a1dcee7298bec30708d3d914da58c2ce7fdfc60a62d451e,b592f689387debca3b8a63814ca693cd7680ec2976f2786dc8b0e76f27037dd2
rev5,93,1,si-4_smt.d,selector,True,True,199379e56735fc51a9e8f6d13d9b176ecaee0f90695468d3176eaa184f281089,2e323e0b41b181ba5c6ae2363f4b5b7245a7026ae714ad6df2091b940cfc835f
rev5,93,2,si-4_smt.a,selector,True,True,c402de8fdc9d16a0b9077c52c3989b257b0b088b45a6b110998844a3f66a8125,2e323e0b41b181ba5c6ae2363f4b5b7245a7026ae714ad6df2091b940cfc835f
rev5,93,3,si-4_smt.a.1,selector,True,True,195bbe4823eebeedcc402b38638e86073d28755f162fe6f76bd75a62cb9800f3,2e323e0b41b181ba5c6ae2363f4b5b7245a7026ae714ad6df2091b940cfc835f
rev5,93,4,si-4_smt.a.2,selector,True,True,97cccc836e52160d757784262b077d67a2cb9419e0abc360a60867e805cb185c,2e323e0b41b181ba5c6ae2363f4b5b7245a7026ae714ad6df2091b940cfc835f
rev5,93,5,si-4_smt.e,selector,True,True,1ab98e4db065258310a01e156d5a39669f07264ef0da0c7b4611245f20214eca,2e323e0b41b181ba5c6ae2363f4b5b7245a7026ae714ad6df2091b940cfc835f
rev5,93,6,si-4_smt.g,selector,True,True,b49931b79ff1b20b20548725fe2ff085f63b17f2fa367d3df3ffbaa42ce59a8b,2e323e0b41b181ba5c6ae2363f4b5b7245a7026ae714ad6df2091b940cfc835f
rev5,93,7,si-4_gdn,selector,True,True,ed145369dc37686e06bd38ba055c755b4cca7f7183a1ef5e187d29698a4f9504,2e323e0b41b181ba5c6ae2363f4b5b7245a7026ae714ad6df2091b940cfc835f
rev5,94,1,si-7_smt,selector,True,True,37066739a8aa02a73a9c4ab274d92171ec24e4d9a4f310617289936b72512c2f,8259f7eb68333bbc13368b8a945a7cf371f8f2c4f06f827c3709a99d64033db7
rev5,94,2,si-7_smt.a,selector,True,True,11262b8f7a68005063e3bc7117a2ffcedaf09121e189d6a343e3918c860bffb3,8259f7eb68333bbc13368b8a945a7cf371f8f2c4f06f827c3709a99d64033db7
rev5,94,3,si-7_smt.b,selector,True,True,2e7f686a303986a847d5f30b0d2260d2051a57af580f754064f862bbf9c1620b,8259f7eb68333bbc13368b8a945a7cf371f8f2c4f06f827c3709a99d64033db7
rev5,94,4,si-7_gdn,selector,True,True,5bb69dff7e89046498f05c0a12c291ff007225d37f53191ca2fb813f582898ed,8259f7eb68333bbc13368b8a945a7cf371f8f2c4f06f827c3709a99d64033db7
rev5,95,1,si-10_smt,rescue,True,True,402d2a02a076acb7c447bfe6cc101ac1dee4577dd4eeec679387428106598611,5058ef4756037e99ac2e75e8da3c7fcbdb9a37c63a204b07d1166c1372c2c06a
rev5,95,2,si-10_gdn,selector,True,True,5948579a870c180b564990a6247b1fff381da3675e884060eed6f294c7a66916,5058ef4756037e99ac2e75e8da3c7fcbdb9a37c63a204b07d1166c1372c2c06a
rev5,96,1,sr-2_smt.a,selector,True,True,4e696e4b88716ba06a458d689192e1222929de9206573b7c99f7ad553f3dd077,ee2dfcc5009f8934e2e6b2c745d3084f715d182efbd0384a9f850d6b29b20fe7
rev5,96,2,sr-2_smt.b,selector,True,True,89c7c2ea5a2d2b197b94ef29971f4917c4ae183103e4b4fec681d099a084d1a6,ee2dfcc5009f8934e2e6b2c745d3084f715d182efbd0384a9f850d6b29b20fe7
rev5,96,3,sr-2_smt.c,selector,True,True,4b2a9e09315dfce61f6d86ee9fd9a032f3cbd0ef927c580dd72e7c9ff35f3e01,ee2dfcc5009f8934e2e6b2c745d3084f715d182efbd0384a9f850d6b29b20fe7
rev5,96,4,sr-2_gdn,selector,True,True,b727ce7e847df43cc495417386107eee6eb2100bd52f2c306d521dd529559416,ee2dfcc5009f8934e2e6b2c745d3084f715d182efbd0384a9f850d6b29b20fe7
rev5,97,1,sr-3_smt.a,selector,True,True,22e6df77c9871b98b95b7c50c9d5217c631191b6e84b790e4d8796c32b95ad6a,f268fcf1a76e15247ec48a8fb7f09f96206fa2ebd51bc2630c8fb1c2cc8a1346
rev5,97,2,sr-3_smt.b,selector,True,True,3a9e004d5676da567f9ef57269a25f740ee7384d7ab08492cd06f947d9c0339f,f268fcf1a76e15247ec48a8fb7f09f96206fa2ebd51bc2630c8fb1c2cc8a1346
rev5,97,3,sr-3_smt.c,selector,True,True,2102d6f8da99f9ea570f8b9f0797a71afc434d8f516b87a94247a2473c265bfa,f268fcf1a76e15247ec48a8fb7f09f96206fa2ebd51bc2630c8fb1c2cc8a1346
rev5,98,1,sr-5_smt,selector,True,True,debd525b81c27e1b4b1b38f44b62631789ea7316c9b1152498451e73bc43f05d,2f2249b471e846dab1da5ae18ff81952f9c5d156f2c77e23c3eb6afab77eb0d5
rev5,98,2,sr-5_gdn,selector,True,True,cd76c64fcf95787c01643439d92b9805e5f38a66dc97a06c6e906a2a1f2bd02d,2f2249b471e846dab1da5ae18ff81952f9c5d156f2c77e23c3eb6afab77eb0d5
rev5,99,1,sr-6_smt,fallback,True,True,3bb0df081d39edd69ca708c2b4f4215d9714aeebb4eee6e78936189692661a9a,9edbf32a3ea89a5d235d306dc139837e9a730e1606f4f92ae335353d34dfad9f
rev5,100,1,sr-11_smt,selector,True,True,a74fe4dc0580de7143fa5d8f8cbf070c4417af6ad301adaf00b931ae163d5a8d,fcc2b9ed47be6d1e0d2a19abd6d59e86e3be7e1dda89603c5cbfb36ff4d5ca40
rev5,100,2,sr-11_smt.a,selector,True,True,ba2129838ae782e4e92c34fa796d8eb237fe9aac026a7304c0bda9d7c96cd38a,fcc2b9ed47be6d1e0d2a19abd6d59e86e3be7e1dda89603c5cbfb36ff4d5ca40
rev5,100,3,sr-11_smt.b,selector,True,True,1883d58e0c03a8a2b35bb9f96111d55bfa3a125584554606b852819596f98412,fcc2b9ed47be6d1e0d2a19abd6d59e86e3be7e1dda89603c5cbfb36ff4d5ca40
rev5,100,4,sr-11_gdn,selector,True,True,cec866f8ab03e6df669507a48ba0cd8a2180ece99afa5b74626c1a15afdbd7ae,fcc2b9ed47be6d1e0d2a19abd6d59e86e3be7e1dda89603c5cbfb36ff4d5ca40
rev4,1,1,ac-2_smt.a,selector,True,True,4560b7de006b2d80a6e2ad15ce9a3915e17342a728e836b05a56424d5e963159,17a3945744fdf007d9c39a9293bf7607843ac5ba0e8fb0b047f53e26d3ea13bb
rev4,1,2,ac-2_smt.b,selector,True,True,0b34024a7e93bf5440ebbc1358f5d9e890cc1ff23961ec805429ec9bf0d29187,17a3945744fdf007d9c39a9293bf7607843ac5ba0e8fb0b047f53e26d3ea13bb
rev4,1,3,ac-2_smt.d,selector,True,True,4bf79c36b76150ad5c648364de95aa7a382d78af0e610aefd37e542acb7e3098,17a3945744fdf007d9c39a9293bf7607843ac5ba0e8fb0b047f53e26d3ea13bb
rev4,1,4,ac-2_smt.e,selector,True,True,63098003e7138d046975442b6c5d7e464f59ccc2b5850d47f772dc85b5983448,17a3945744fdf007d9c39a9293bf7607843ac5ba0e8fb0b047f53e26d3ea13bb
rev4,1,5,ac-2_smt.f,selector,True,True,de6a902f8f86fdbce3c59a4d4d95fb69ebef5c1322f9f81b0c6f507aebb91b26,17a3945744fdf007d9c39a9293bf7607843ac5ba0e8fb0b047f53e26d3ea13bb
rev4,1,6,ac-2_smt.g,selector,True,True,a6912ecd14330beb62cf26fa8d40091c9ba8f848137709e160ebc2a87284a7df,17a3945744fdf007d9c39a9293bf7607843ac5ba0e8fb0b047f53e26d3ea13bb
rev4,1,7,ac-2_smt.j,selector,True,True,bbcf1b1362fa109ed2a4ebd1c8129a37466786e79d3e5b08857dd42129bf03bd,17a3945744fdf007d9c39a9293bf7607843ac5ba0e8fb0b047f53e26d3ea13bb
rev4,2,1,ac-6_smt,selector,True,True,7e8abd6bc800292bf86db920fd45abd41a4f527422efe6ed2a696d44790999b1,2c1c47fa466ba21cbdc4c5bd873100eabd496be6e7e5f2cb6d7e13e5e2cbe69f
rev4,2,2,ac-6_gdn,selector,True,True,b921758923076267acdf6f45b869dbcfeb46f6e1bef78ebe3c29d7b65277b832,2c1c47fa466ba21cbdc4c5bd873100eabd496be6e7e5f2cb6d7e13e5e2cbe69f
rev4,3,1,at-2_smt,selector,True,True,1fc5388212e26153fc1512f45c7dd9906a896e2fffedcc6acc9254095d8f2f41,b9a17949b65cd1c3cf34e3f5fd590807dea1fabd94a5940ee071e10f2266d6c5
rev4,3,2,at-2_smt.a,selector,True,True,9bed691023cf012dec9f0c45a358d2d8d854823a33c6dec2183813ec7c0592a7,b9a17949b65cd1c3cf34e3f5fd590807dea1fabd94a5940ee071e10f2266d6c5
rev4,3,3,at-2_smt.b,selector,True,True,44c3c3f828468e543014faad79302a9949c157a229ec3fbdbe8f8ed7bbeb2d53,b9a17949b65cd1c3cf34e3f5fd590807dea1fabd94a5940ee071e10f2266d6c5
rev4,3,4,at-2_smt.c,selector,True,True,8cc67e4fc8e836b0817589fbe6e88e3cb487753a3bd6caa51ff966a16a9d77b9,b9a17949b65cd1c3cf34e3f5fd590807dea1fabd94a5940ee071e10f2266d6c5
rev4,3,5,at-2_gdn,selector,True,True,2da85f13e4e506c4cc1eda4f2ea5f0b20b428a19f2ff22a913e39249fbbf3e3a,b9a17949b65cd1c3cf34e3f5fd590807dea1fabd94a5940ee071e10f2266d6c5
rev4,4,1,at-3_smt.a,selector,True,True,6770c5080970e7153700d1e27af6c86954a3838e05878b5e63fa6d776eeebb86,672ac8f981752916f3e07d1d364ffd60b646519d0b524ebdfa5fba06853ad016
rev4,4,2,at-3_smt.b,selector,True,True,44c3c3f828468e543014faad79302a9949c157a229ec3fbdbe8f8ed7bbeb2d53,672ac8f981752916f3e07d1d364ffd60b646519d0b524ebdfa5fba06853ad016
rev4,4,3,at-3_smt.c,selector,True,True,8c8af7143991f6caa799b32f0bf4f481c9b3acaea39d166a782b7843193be02f,672ac8f981752916f3e07d1d364ffd60b646519d0b524ebdfa5fba06853ad016
rev4,4,4,at-3_gdn,selector,True,True,79801ed850a1665617040c87db0f79b4bfe5c5dfbb598db6510c63553d077028,672ac8f981752916f3e07d1d364ffd60b646519d0b524ebdfa5fba06853ad016
rev4,5,1,au-2_smt.d,selector,True,True,c74a1e7cac7c19e66f98475cb791325fd54f1eaa9a01f5c91265b068abeb2da7,24472b0eaf8e5a1cadbde1dbbc5ee80f99b101176f867407d4f7985cb2314431
rev4,5,2,au-2_smt,selector,True,True,fa2d49578434f7becd4c28d859cbc5d87330946e45531b875f4257e3a84f254f,24472b0eaf8e5a1cadbde1dbbc5ee80f99b101176f867407d4f7985cb2314431
rev4,5,3,au-2_smt.a,selector,True,True,c9d1ac80f28e2b559a6c868a89502cbfad8559989b50c799e32d98e6f642af8e,24472b0eaf8e5a1cadbde1dbbc5ee80f99b101176f867407d4f7985cb2314431
rev4,5,4,au-2_smt.c,selector,True,True,5ebab09bf42a4f710309def34569ae9efab15c3b20427ae324ad98f895a8c25b,24472b0eaf8e5a1cadbde1dbbc5ee80f99b101176f867407d4f7985cb2314431
rev4,6,1,au-12_smt.a,rescue,True,True,dce21b7d907adcfdbbd102577fb837b84229014833c2162d9df17e59e377b1f9,e0733ed1a1463d2a7c06c8aa2e18f9cc83134598b48980e3c81f62e08697cf0d
rev4,6,2,au-12_smt.b,rescue,True,True,13300fb442b324f4f6986e801c038954e15c8843d5f675001cbbff4698cebdc4,e0733ed1a1463d2a7c06c8aa2e18f9cc83134598b48980e3c81f62e08697cf0d
rev4,6,3,au-12_smt,rescue,True,True,5520c10d4d9cf5cb82b6ddb96d3b3e039726f1a32e20b8695aa125d1909f1454,e0733ed1a1463d2a7c06c8aa2e18f9cc83134598b48980e3c81f62e08697cf0d
rev4,6,4,au-3_smt,selector,True,True,3bb690ef6c9943e73e3d37a913d18ecd8f19881f34594a10cca797147811b589,e0733ed1a1463d2a7c06c8aa2e18f9cc83134598b48980e3c81f62e08697cf0d
rev4,6,5,au-3_gdn,selector,True,True,7b20464d20230e9a866de1179ef0cc58b38b0d0be926e4bae2dc5f0eef20603b,e0733ed1a1463d2a7c06c8aa2e18f9cc83134598b48980e3c81f62e08697cf0d
rev4,7,1,ca-2_smt.b,selector,True,True,becb2771674b7b64efba6dbb4905e290bc6caaadd282c0ffc6c82a47174d3b59,2d82bc13fa8b3a52355f6755c01c89898f8475c28fb7575977dabfe622ee2a24
rev4,7,2,ca-2_smt.a.2,selector,True,True,d5bfd0654be4475f88b14a148bb1c65a3661728958b08cfadc4ddc601d4e8336,2d82bc13fa8b3a52355f6755c01c89898f8475c28fb7575977dabfe622ee2a24
rev4,7,3,ca-2_smt.a.1,selector,True,True,e6582d8327fc9eaa4ed2c6a806d706513a5f20c700ec0354a21e895a2c30fb05,2d82bc13fa8b3a52355f6755c01c89898f8475c28fb7575977dabfe622ee2a24
rev4,7,4,ca-2_smt.a.3,selector,True,True,15c1ee1dbce5be4230769498b7c3c25b59130193bedf3ecab8ae71db62c9c7c1,2d82bc13fa8b3a52355f6755c01c89898f8475c28fb7575977dabfe622ee2a24
rev4,7,5,ca-2_gdn,selector,True,True,222bbdbfbf03d85cbaf6b79f9859ebd75573f6e4be5a1f43f5dac0a76be78d95,2d82bc13fa8b3a52355f6755c01c89898f8475c28fb7575977dabfe622ee2a24
rev4,8,1,ca-7_smt,selector,True,True,f4438095b837025cceefdce424111400c7bae46d1d2d7e3ef9aaf2da5b8ecb2d,cca1057e69b560d98b50d135e3339f8124eff8dc73483eae99a8c23158f147c7
rev4,8,2,ca-7_smt.a,selector,True,True,506034c0f83550dc3ef8ab7b505fe84f161843bca93b4882ea59883d7feffa0d,cca1057e69b560d98b50d135e3339f8124eff8dc73483eae99a8c23158f147c7
rev4,8,3,ca-7_smt.b,selector,True,True,1ac65ac03531c8f1a596651db027117eb3adb275e3b5bc86adb28c9089726781,cca1057e69b560d98b50d135e3339f8124eff8dc73483eae99a8c23158f147c7
rev4,8,4,ca-7_smt.c,selector,True,True,5d97575992e099b1b66d0468e14de933105ff793ae9e922c9b6a44a792ac6b4c,cca1057e69b560d98b50d135e3339f8124eff8dc73483eae99a8c23158f147c7
rev4,8,5,ca-7_smt.d,selector,True,True,ebba3fc5bea7fe3f80f9f6365c2ce19c24f3e99c40ef05626135f345aa763e34,cca1057e69b560d98b50d135e3339f8124eff8dc73483eae99a8c23158f147c7
rev4,8,6,ca-7_smt.e,selector,True,True,04287102a318cac0bfdee0ef414d1e5968064ae3296d22c579ab0ebcbbe3a19b,cca1057e69b560d98b50d135e3339f8124eff8dc73483eae99a8c23158f147c7
rev4,8,7,ca-7_smt.f,selector,True,True,b6a6aaa47f6016c289e96e683aee9b79ddbce0ad8d1446a8169596194695e94f,cca1057e69b560d98b50d135e3339f8124eff8dc73483eae99a8c23158f147c7
rev4,8,8,ca-7_smt.g,selector,True,True,e215551cf8aa65c0a762272bb0f7cf6fb771f03d7f090c3b71bbebabfe5c504f,cca1057e69b560d98b50d135e3339f8124eff8dc73483eae99a8c23158f147c7
rev4,9,1,cm-2_smt,selector,True,True,a8b36ec1bb4b5b40ddec6129130823d285d63ccad82461bb6682a473f0386b54,34cb6a0d7b4c19d4c4b570041dcbfa95164bbfd9a4388d70dad58d11e7c645a5
rev4,9,2,cm-2_gdn,selector,True,True,101bc34fea9597960e19815404642183686de888115dfaa1847ee9f447bbbe4d,34cb6a0d7b4c19d4c4b570041dcbfa95164bbfd9a4388d70dad58d11e7c645a5
rev4,10,1,cm-6_smt.a,selector,True,True,dd9cdde38914a2a650eec15a2e79a788b79bc419a67ac48585bd5a80889215a0,0225c318958ee42623b7be520a46587ac569a92c30b9b84b2504c11ef8f11b2f
rev4,10,2,cm-6_smt.c,selector,True,True,4cf34b399b602b4d5fb51412ce7f0fb53ad59b2f6252a6582b3db507a7d461e3,0225c318958ee42623b7be520a46587ac569a92c30b9b84b2504c11ef8f11b2f
rev4,11,1,cp-2_smt.a,selector,True,True,b54af0f503828e4e02b29e41dee9a1d90a088b447ab5e5b01fb7cd83b9b033bb,da64a94305ba765dc5b62b307e57abe3a5568f36889ab6251da84cc4ad93bac8
rev4,11,2,cp-2_smt.a.1,selector,True,True,b9d7c03fea91d01127223d5c47e52a71579ed57939caf328e245dbe67cd7af0b,da64a94305ba765dc5b62b307e57abe3a5568f36889ab6251da84cc4ad93bac8
rev4,11,3,cp-2_smt.a.3,selector,True,True,869a830d50ac0ed358745bd6d5e4993d7566369c241ef59fb0c01ac566f2f7c9,da64a94305ba765dc5b62b307e57abe3a5568f36889ab6251da84cc4ad93bac8
rev4,11,4,cp-2_smt.a.4,selector,True,True,0e1460fed38e2442dd01b43ecc8c2b45c4ebe2b2366dcbff99bc00c7e3965ce1,da64a94305ba765dc5b62b307e57abe3a5568f36889ab6251da84cc4ad93bac8
rev4,11,5,cp-2_smt.a.5,selector,True,True,4593e21e013709a1dd3995da659247dbaf416d74a77168c19c7bef19b310f356,da64a94305ba765dc5b62b307e57abe3a5568f36889ab6251da84cc4ad93bac8
rev4,11,6,cp-2_smt.a.6,selector,True,True,67030e7e25aed655f62546445057294f214b2a25176edf9dfb76be6af902ecf6,da64a94305ba765dc5b62b307e57abe3a5568f36889ab6251da84cc4ad93bac8
rev4,12,1,cp-9_smt.d,selector,True,True,641b0684a95cf42a9d91c751cff8a5ae7ae4fd01208deb80e940acd82fac4d97,a99f78c00a57bc5762d1eb19de14ca40d3d38bf96743eceaca4e5d04f7b5a279
rev4,12,2,cp-9_smt.a,selector,True,True,34d8c53faf3821705cdf3038fe11e6391a6229450d8974aba4fe14186346d293,a99f78c00a57bc5762d1eb19de14ca40d3d38bf96743eceaca4e5d04f7b5a279
rev4,12,3,cp-9_smt.b,selector,True,True,d1dcdc2c4dd6f6cbb072cb94f6f7c5acdf03c0c16c61dc5a0c8c798f0915cd95,a99f78c00a57bc5762d1eb19de14ca40d3d38bf96743eceaca4e5d04f7b5a279
rev4,12,4,cp-9_smt.c,selector,True,True,a5509086090f72687a541d13ebf06652052545d838c49edfb49270c7bc73871b,a99f78c00a57bc5762d1eb19de14ca40d3d38bf96743eceaca4e5d04f7b5a279
rev4,13,1,ia-2_smt,selector,True,True,7da1d394fe394f01505e78ea02b722322c88b505ad7a717f58f2cae2a0819068,a4561cca77aae571214b3ad3020b0349809c3d883c457e4de0b9e8346f902ba3
rev4,13,2,ia-2_gdn,selector,True,True,24b32596e31117e92febab62d43a056806cf9c7a4a58013df7126e4dbb17818d,a4561cca77aae571214b3ad3020b0349809c3d883c457e4de0b9e8346f902ba3
rev4,14,1,ia-5_smt.d,selector,True,True,3624ca10dee530d3ab0d59db6e18ab51bc0d3aa4e2f76116750391ae7986df16,ee32a485007505ab74752300becc440e4406804d9bf1aebe9fafcc9353f874df
rev4,14,2,ia-5_smt.g,selector,True,True,49bb0fc824f6bfe644cab0cc35a36dc65415d4a8025568eaffd7b6fdc8190677,ee32a485007505ab74752300becc440e4406804d9bf1aebe9fafcc9353f874df
rev4,14,3,ia-5_smt.a,selector,True,True,bdf19255141df9cb941c3de101a54e2a4a50d911f521372c313f460bbd976870,ee32a485007505ab74752300becc440e4406804d9bf1aebe9fafcc9353f874df
rev4,14,4,ia-5_smt.h,selector,True,True,d65034d8f760e5395ff03aef820892950b26c89ff1b88fb08d89b2b478eaa2c7,ee32a485007505ab74752300becc440e4406804d9bf1aebe9fafcc9353f874df
rev4,14,5,ia-5_smt.i,selector,True,True,8e322b18ac918c7da17a297b2cf887feb39a37dff29b3008f5c1fd4b989f102c,ee32a485007505ab74752300becc440e4406804d9bf1aebe9fafcc9353f874df
rev4,14,6,ia-5_gdn,selector,True,True,b24f23c235961c0ffb0aab8344dd052dd8278a2f5c441a7b164fcaf91f8430d9,ee32a485007505ab74752300becc440e4406804d9bf1aebe9fafcc9353f874df
rev4,15,1,ir-4_smt,selector,True,True,8499325dbd16a5c80d2aa56fff00fb18fb639595244cf2575bcff4a960cc007a,6a6b042da24c0dc85ed7f9d4b3ee2b9a806a3593706252d3233116cceb0181e8
rev4,15,2,ir-4_smt.a,selector,True,True,6dc41743cb4ce0764720875fb51f7a67488e3c77e7709529d3a1f8fc0efe2883,6a6b042da24c0dc85ed7f9d4b3ee2b9a806a3593706252d3233116cceb0181e8
rev4,15,3,ir-4_smt.b,selector,True,True,b57956f9c33aea8213d2aad5870a2f09949bfd7dab53348514d790233d671cb3,6a6b042da24c0dc85ed7f9d4b3ee2b9a806a3593706252d3233116cceb0181e8
rev4,15,4,ir-4_smt.c,selector,True,True,3e3e7fc2b58ef3993ca635a99ffa8148137cf6443a7d4acd8603fa45165739ca,6a6b042da24c0dc85ed7f9d4b3ee2b9a806a3593706252d3233116cceb0181e8
rev4,16,1,ir-6_smt,selector,True,True,07fde5eabdd7f47d571917f36fc9074dc22e211dcacd00814f1166096b22c37c,1efa07829b54c4a0c5cddc615461a8a2a09ae442d5b72829b8e1fddbff9d5d2a
rev4,16,2,ir-6_smt.a,selector,True,True,2d396e123bed9648bab85c785860da6fac915e7cbe5583ed54e90058220cefba,1efa07829b54c4a0c5cddc615461a8a2a09ae442d5b72829b8e1fddbff9d5d2a
rev4,17,1,ma-3_smt,selector,True,True,9709663890255fedc34971e22e634e2c5c1d4aab85a9632e950a517fec753937,296a2ff4bba5cf05de25555d534b663666c8eb36c0ed1074c668add7932155de
rev4,17,2,ma-3_gdn,selector,True,True,eeb47f8a344c623a88565ce7a45c128a91b07a92f2c792a01790c5e51758d13b,296a2ff4bba5cf05de25555d534b663666c8eb36c0ed1074c668add7932155de
rev4,18,1,ma-2_smt.c,selector,True,True,cf44d06ccf0df7609c4d108559c4593611ad1bd5066db396b280d5e274304831,a92f0495ad7544d1d55fe4458a5cd2245c2db778139fd2787288338b2a76f185
rev4,18,2,ma-2_smt,selector,True,True,cc43056788caf471f817a3f0b5d802135b261a8dac8f1d562b90f2e8e20838b7,a92f0495ad7544d1d55fe4458a5cd2245c2db778139fd2787288338b2a76f185
rev4,18,3,ma-2_smt.b,selector,True,True,4276b0069f611f4b1b56975f8822d8e83c51e84fde193e888fce86a040982c28,a92f0495ad7544d1d55fe4458a5cd2245c2db778139fd2787288338b2a76f185
rev4,18,4,ma-2_smt.d,selector,True,True,557bad484398e0e8cbd4c0373ebcbe8d29c7bb1464e3361ffe3af6b562d3fce3,a92f0495ad7544d1d55fe4458a5cd2245c2db778139fd2787288338b2a76f185
rev4,18,5,ma-2_smt.e,selector,True,True,c9213d01d3e83dac9f4222958ff45d241ef87d2b58e65ea32f1090e26c23092c,a92f0495ad7544d1d55fe4458a5cd2245c2db778139fd2787288338b2a76f185
rev4,18,6,ma-2_smt.f,selector,True,True,67e0486786cab9bfc67fb562eb6546df146ac90831a47602468024e870696979,a92f0495ad7544d1d55fe4458a5cd2245c2db778139fd2787288338b2a76f185
rev4,19,1,mp-4_smt,selector,True,True,ed55836c01f3e3a804f4b507869c6dccb5f22a61f28b27ba746cdbcae491c701,0360232e7f7de7d638ad0a009156fee629de0ff61ffbf3b3635b3d121b26af70
rev4,19,2,mp-4_smt.a,selector,True,True,1f68ffc872d4ee3fb639b80fc805d99efd282ac256a5da8ec483ba0c32e4f685,0360232e7f7de7d638ad0a009156fee629de0ff61ffbf3b3635b3d121b26af70
rev4,19,3,mp-4_smt.b,selector,True,True,feedce89aecddab0ab5a990e8fd2f56db0dcd5f97aacad7114205e03d965f38c,0360232e7f7de7d638ad0a009156fee629de0ff61ffbf3b3635b3d121b26af70
rev4,19,4,mp-4_gdn,selector,True,True,c32983ebecbd94efa31c6cf0e34f33742bb095096ccd0b0cc24736f19b9f5e8c,0360232e7f7de7d638ad0a009156fee629de0ff61ffbf3b3635b3d121b26af70
rev4,20,1,mp-6_smt,selector,True,True,b9d48484a1a0edba3c542f67ed9d569a7b00978fb513f7cec53c1403717da6a5,ea6a1da0fb243ca72fa586de399f3de7d4f3c87ac37deeb710b7681775764f65
rev4,20,2,mp-6_smt.a,selector,True,True,9ea8d0a911042f834be2957c816d0741279ab46c672fde63e30a82d4cd6f11a8,ea6a1da0fb243ca72fa586de399f3de7d4f3c87ac37deeb710b7681775764f65
rev4,20,3,mp-6_smt.b,selector,True,True,7a89ef5e53ea8657985960b640d1d4aef565fe4dc10c3dde4e1f1cf66a47621b,ea6a1da0fb243ca72fa586de399f3de7d4f3c87ac37deeb710b7681775764f65
rev4,21,1,pe-3_smt.a.2,selector,True,True,4317e9bc7cfb0f60f85ccdcb90bd312ba4fa36ee7cf48360259cb7fc99b3d667,d353154859d6276ee74774e4dcc6dff9fd3fc890cc98a46477a315d6015482c5
rev4,21,2,pe-3_smt.a.1,selector,True,True,c5b38691846b023b5f01c1d4933c716ebb58483fa0869b39d28dff48154fb988,d353154859d6276ee74774e4dcc6dff9fd3fc890cc98a46477a315d6015482c5
rev4,22,1,pe-6_smt,selector,True,True,d34026e095f95b4d48c3fd2c236b1c27ce421126ef51e87a0dc8bd01f7e058f5,85bd3c632be844b84fe5ab7f2ae92b0c6032df744401f486b4fc977220183d17
rev4,22,2,pe-6_smt.a,selector,True,True,ade26c2255f3574f753d6d29389b200609a5ceae5996fc96caac55b2b1238213,85bd3c632be844b84fe5ab7f2ae92b0c6032df744401f486b4fc977220183d17
rev4,22,3,pe-6_smt.b,selector,True,True,03b5ca88189d7173c9cf53cefc8a0aa0c1c3639c7ec9ecfc1a523cdf90511c0f,85bd3c632be844b84fe5ab7f2ae92b0c6032df744401f486b4fc977220183d17
rev4,22,4,pe-6_smt.c,selector,True,True,800ab3558babdc475835d5777d695434a6d9f6bfca121ecc0df915278fe31f23,85bd3c632be844b84fe5ab7f2ae92b0c6032df744401f486b4fc977220183d17
rev4,22,5,pe-6_gdn,selector,True,True,93e848b6ab168d8ef15fce370403f5922c3c411535719b0b5f233c6a947befa6,85bd3c632be844b84fe5ab7f2ae92b0c6032df744401f486b4fc977220183d17
rev4,23,1,pl-2_smt.b,rescue,True,True,181c37e7ae626344214cd9e19d7d20ed0f84ad78b15f9f868460dd13e1fe27d8,dbd59f70411fb8917b9e38b5d121344c679a31dfed15b1ff7cb77b1d22254a24
rev4,23,2,pl-2_smt.c,rescue,True,True,cab26e5ca39d6a6595c9c3dced9bb75fc93e22993ff7e3f6473dbca7f79b3ed7,dbd59f70411fb8917b9e38b5d121344c679a31dfed15b1ff7cb77b1d22254a24
rev4,23,3,pl-2_smt,rescue,True,True,74c0c68898e1c6374c4ee9314cce987180a48960cc7e709ea679c4fad13ce0a4,dbd59f70411fb8917b9e38b5d121344c679a31dfed15b1ff7cb77b1d22254a24
rev4,23,4,pl-2_smt.a.8,selector,True,True,fc7901cc1c528352f107577c138c61693e6c68ffc5b39dcf8157f13f159839b9,dbd59f70411fb8917b9e38b5d121344c679a31dfed15b1ff7cb77b1d22254a24
rev4,23,5,pl-2_gdn,selector,True,True,e39bc4bc3457bcc8063e9dcfded6f553f1d0d0d9ad6d9504ba31e3b2163664b6,dbd59f70411fb8917b9e38b5d121344c679a31dfed15b1ff7cb77b1d22254a24
rev4,24,1,pl-4_smt,selector,True,True,9ab90ef0cdf5c24aa583e058a00b3ec0f2e6c392b028027b4789000fefde9c6f,6dc0878d3538508f338182b10a7d8594702f57c0b96fd22d876761815bba7432
rev4,24,2,pl-4_smt.a,selector,True,True,b8694124a83fb5ea70d6a3206898d4f6b4013801fd1bd7e3a23fd358bca3c9d0,6dc0878d3538508f338182b10a7d8594702f57c0b96fd22d876761815bba7432
rev4,24,3,pl-4_smt.c,selector,True,True,7edbfd90e7f6d717d26b6049f85fa8eff4f1cc78c551e532f7b5038a7736c30f,6dc0878d3538508f338182b10a7d8594702f57c0b96fd22d876761815bba7432
rev4,24,4,pl-4_smt.d,selector,True,True,d2e203a92eba6e4d6f9cdc522efcc2df085a8e8b3303786cbdc4a2821e42f211,6dc0878d3538508f338182b10a7d8594702f57c0b96fd22d876761815bba7432
rev4,25,1,pm-1_smt,selector,True,True,73e76f34a837970db08c0a5680b31caae52ef0c76355a86d6e3a4436ed86c079,3306ed039efbcccf26a18b5a5edeeea1e9a26d44b4fb9bdbcd580fcdb94a4b59
rev4,25,2,pm-1_smt.a,selector,True,True,31cc2e6f6f49cad565e54c7eff667fd94ce5fc2a2046c5ea0362e9004f08946d,3306ed039efbcccf26a18b5a5edeeea1e9a26d44b4fb9bdbcd580fcdb94a4b59
rev4,25,3,pm-1_smt.a.1,selector,True,True,6b221ecb21acbef1234d6d3fa297f7e97d4d5d6722581f419a841e2ce3f2e230,3306ed039efbcccf26a18b5a5edeeea1e9a26d44b4fb9bdbcd580fcdb94a4b59
rev4,25,4,pm-1_smt.a.2,selector,True,True,610f2470a7bc70474339ee75244d67b52a7c351a3ff10dd3e24bfe27f3505cd7,3306ed039efbcccf26a18b5a5edeeea1e9a26d44b4fb9bdbcd580fcdb94a4b59
rev4,25,5,pm-1_smt.a.3,selector,True,True,37bb53663a285f1c6ee050c18ba74c59092f7591180e05742275d9828584c947,3306ed039efbcccf26a18b5a5edeeea1e9a26d44b4fb9bdbcd580fcdb94a4b59
rev4,25,6,pm-1_smt.a.4,selector,True,True,b01a9ec965c5b5c7b448fc1d7483b01d5ed3b2e456051a2946727795cc5f8c97,3306ed039efbcccf26a18b5a5edeeea1e9a26d44b4fb9bdbcd580fcdb94a4b59
rev4,25,7,pm-1_smt.d,selector,True,True,482028aa43ef1a254e13f382bd3ace81c9f10191acc080fc13908805b498b3f3,3306ed039efbcccf26a18b5a5edeeea1e9a26d44b4fb9bdbcd580fcdb94a4b59
rev4,25,8,pm-1_smt.c,selector,True,True,ae813075815b0fc7726a07bc38be19e924833fedde300fab1a562465811e1dec,3306ed039efbcccf26a18b5a5edeeea1e9a26d44b4fb9bdbcd580fcdb94a4b59
rev4,26,1,pm-3_smt.a,selector,True,True,a2d96d805bb87c38cd7928021a4ebd8d6f307bdc0188b2c3e046c593a0c923f9,f40bc8bd512359de9db694acf656d8f3e9ff09213e88bb77f6da87b0a14234ca
rev4,26,2,pm-3_smt.b,selector,True,True,00a85675113df5d09c65affc4895de3c3fe810c99125ef2fd79d905eb9089db6,f40bc8bd512359de9db694acf656d8f3e9ff09213e88bb77f6da87b0a14234ca
rev4,26,3,pm-3_gdn,selector,True,True,ac4347b35511ec4366f477308476d1bc28422b84f36f26f275cf2a77b64165eb,f40bc8bd512359de9db694acf656d8f3e9ff09213e88bb77f6da87b0a14234ca
rev4,27,1,ps-2_smt.a,selector,True,True,05def7729fe4341865e559958c9b959bb6489fe9413c59fad5ac474dd5f1f4c7,d6c1a06048f629a40c49028b9c000c6d0cba524009d9b78c30fc1f9ed4faf034
rev4,27,2,ps-2_smt.b,selector,True,True,ab425c44453d94a7d6e98642084a733e42308162b68bb958c86c0ff7695f571a,d6c1a06048f629a40c49028b9c000c6d0cba524009d9b78c30fc1f9ed4faf034
rev4,27,3,ps-2_smt.c,selector,True,True,599c788a52647cc89c5b4f82ea2252617a5c981a158550ba6876a9228aad0ea4,d6c1a06048f629a40c49028b9c000c6d0cba524009d9b78c30fc1f9ed4faf034
rev4,27,4,ps-2_gdn,selector,True,True,eda775f7a8fae4ef6cdb4f920833c4e3d25262f11647493196e9b5165f17fc42,d6c1a06048f629a40c49028b9c000c6d0cba524009d9b78c30fc1f9ed4faf034
rev4,28,1,ps-3_smt.a,selector,True,True,2b6896e7a28ab669b933287874eb348a4fc8315e2f0837860399876406603776,71e8d009bb29ee446c795de59a541d185d0bcecf4eae76e707a8b7c1c2ad78a4
rev4,28,2,ps-3_smt.b,selector,True,True,01daec02cb19ad86c4ef29b15c6098741749888c54f4a0a7a30ab7ad016e78f1,71e8d009bb29ee446c795de59a541d185d0bcecf4eae76e707a8b7c1c2ad78a4
rev4,29,1,ra-2_smt.a,selector,True,True,207e0f8a3fabfe0b49115b81f17f06b1b29d191f93997d51120e523c6b9a1901,2d6431a75e70a43201f4bb61fb6402909f2ca0dc2ba03dc23c19a4db5b66706a
rev4,29,2,ra-2_smt.b,selector,True,True,c71568cd96a49c03f983debf28a06cd826ef90d6b16750419eb4e9d03121819f,2d6431a75e70a43201f4bb61fb6402909f2ca0dc2ba03dc23c19a4db5b66706a
rev4,29,3,ra-2_smt.c,selector,True,True,26023ba7516953734a0e8743afcb923e2b82c912cdddbd002af079e2276b7afb,2d6431a75e70a43201f4bb61fb6402909f2ca0dc2ba03dc23c19a4db5b66706a
rev4,29,4,ra-2_gdn,selector,True,True,73d4168688833b0ea55f9bbae652b4b02537adb47e23c4734055175d6b143032,2d6431a75e70a43201f4bb61fb6402909f2ca0dc2ba03dc23c19a4db5b66706a
rev4,30,1,ra-5_smt,selector,True,True,0e14335972261d80789c11421a95baa63ef7224fab482c16f349f934aac2c0fe,d36861c6a3a8b197147f1bc688d85aca7a6c78907763a73ad3761388f83fd6b3
rev4,30,2,ra-5_gdn,selector,True,True,6b03d254be87b66849b9d92d434404dbacb9727ea8fe75324df379b6edec8dbf,d36861c6a3a8b197147f1bc688d85aca7a6c78907763a73ad3761388f83fd6b3
rev4,31,1,sa-3_smt.a,selector,True,True,d154962cdde661b00168e6bd2451ea2f3396c58927f6ec795f5a9dd2fb4de3b4,e4c8ba449444514e35c8f797fa1caa96a7813664692854041c5c13044790961d
rev4,31,2,sa-3_smt.b,selector,True,True,4816391f720c53f3fdd9c4a6ce632d37f935b10341ffac357594442cb650d9a3,e4c8ba449444514e35c8f797fa1caa96a7813664692854041c5c13044790961d
rev4,31,3,sa-3_smt.c,selector,True,True,e0b52e7bd21ffbb5ac99615d280bb23b2002098b2d195cab4619cae14927c543,e4c8ba449444514e35c8f797fa1caa96a7813664692854041c5c13044790961d
rev4,31,4,sa-3_smt.d,selector,True,True,2e8467674a02a407a23e0664ee2cf454ad3dd5bf1eaecf3add406cd49ea304d2,e4c8ba449444514e35c8f797fa1caa96a7813664692854041c5c13044790961d
rev4,32,1,sa-4_smt,selector,True,True,99c5d9260681f1f64685441fff0448cd0495ac2f29a920f2e8a769cec206433f,699f47f632744ac6df7b5e0287d48b18f1d018de11005acf23c297a3383bcbd1
rev4,32,2,sa-4_smt.c,selector,True,True,f24385a576f6d267a9f9774d604e46be1a856ca9599732f67a05d4dfbe2ae81e,699f47f632744ac6df7b5e0287d48b18f1d018de11005acf23c297a3383bcbd1
rev4,32,3,sa-4_smt.d,selector,True,True,be1b1896d0a6537f7878cf1e28a404f7ce8aa9eda9931832c014248ba2dbb8c7,699f47f632744ac6df7b5e0287d48b18f1d018de11005acf23c297a3383bcbd1
rev4,32,4,sa-4_smt.e,selector,True,True,98a9329035bb9ebe84f7cb53cdd63a41a8555dfe69b14b8d43f20d79b0650d7f,699f47f632744ac6df7b5e0287d48b18f1d018de11005acf23c297a3383bcbd1
rev4,32,5,sa-4_smt.f,selector,True,True,ba170313609b5027d86e4c57f6aee9526b32f9038bc345eb2ec3785b3f09fae7,699f47f632744ac6df7b5e0287d48b18f1d018de11005acf23c297a3383bcbd1
rev4,32,6,sa-4_smt.g,selector,True,True,06ca84817d03ccc36b4a323a41994343cc2ec07259d354e935c1646d347fcdac,699f47f632744ac6df7b5e0287d48b18f1d018de11005acf23c297a3383bcbd1
rev4,33,1,sc-7_smt,selector,True,True,0ce6bd3921a655dc2a082330cbc140a21e14269e743a585b10994a05dfd3db25,fb9179bdf1637f36027a56381f2e4a088fb57a761170eabdf27aca77def0dff6
rev4,33,2,sc-7_smt.a,selector,True,True,17d0c48d8ebe3a5581535b7d90b5bef2a4de01a7b3d2e00df451ff7f4d05ea83,fb9179bdf1637f36027a56381f2e4a088fb57a761170eabdf27aca77def0dff6
rev4,33,3,sc-7_smt.c,selector,True,True,95c790e8497f6a5aeb733fbec56623e8d75bc87334a4c38532505d5f1c240838,fb9179bdf1637f36027a56381f2e4a088fb57a761170eabdf27aca77def0dff6
rev4,34,1,sc-8_smt,selector,True,True,361203aa4eb233d1695444048c9c192b9c389a0fc3050aa6e21d94c3573b7f01,53f39e345e274bb83a088b62b9e714bddb8dccdc06d4d6967b7f8dc9d5738993
rev4,34,2,sc-8_gdn,selector,True,True,8cc13ee02516ffa0c6db84c8f3549b30bceb8c2912a260c4112fb3acfababbda,53f39e345e274bb83a088b62b9e714bddb8dccdc06d4d6967b7f8dc9d5738993
rev4,35,1,si-2_smt,selector,True,True,3e1a727a470d2b1c97d76f69d1a71e591451105450290895dda548a030c96b0b,3333b74bd8b33b8df47c7bd2e86bb32f9e2c33fa71009e57f8d24b99ea4c8905
rev4,35,2,si-2_smt.a,selector,True,True,a179820af8fcfdd9a480983d4501d05253f3bff67b9c61813b70c773525c710d,3333b74bd8b33b8df47c7bd2e86bb32f9e2c33fa71009e57f8d24b99ea4c8905
rev4,35,3,si-2_smt.b,selector,True,True,1723078af606b6dd52d03073e2b1f446ebfa29a995ccd4609021c0a512e490a2,3333b74bd8b33b8df47c7bd2e86bb32f9e2c33fa71009e57f8d24b99ea4c8905
rev4,35,4,si-2_smt.c,selector,True,True,ccf6c2f10e4c9dae8aea4698e37cb6dd679f168ca0d2984dc574ebcb2968bc19,3333b74bd8b33b8df47c7bd2e86bb32f9e2c33fa71009e57f8d24b99ea4c8905
rev4,35,5,si-2_smt.d,selector,True,True,72ec88614a2d6bb78be672c4518143199d9af9c67f8b381dd290b3e246c301ed,3333b74bd8b33b8df47c7bd2e86bb32f9e2c33fa71009e57f8d24b99ea4c8905
rev4,36,1,si-4_smt.a,selector,True,True,5cec6e15b79d5ce2e54323f048a2032799ddc14351f855678776e40d22dbe065,e1d81ba688750981fcd5580d8bfea4055e25146eede8203d74c0f442072509ad
rev4,36,2,si-4_smt.a.1,selector,True,True,697458713a6cbe93cb33fb5d5274dea704e6db49fbce04b804c24c668e1864d9,e1d81ba688750981fcd5580d8bfea4055e25146eede8203d74c0f442072509ad
rev4,36,3,si-4_smt.a.2,selector,True,True,97cccc836e52160d757784262b077d67a2cb9419e0abc360a60867e805cb185c,e1d81ba688750981fcd5580d8bfea4055e25146eede8203d74c0f442072509ad
