framework_version,query_id,question,identifier_count,selector_count,fallback_count,rescue_count,hierarchy_count,in_window_count,all_identifiers_in_window,provenance_complete,core_contract_match,runtime_contract_pass,runtime_error_tags,context_sha256,final_source_ids,selector_ids,fallback_ids,rescue_ids,hierarchy_ids,provenance_json
rev5,1,When must account managers and the designated personnel be notified about user account changes?,5,5,0,0,0,5,True,True,True,True,,82810acd5526b8ca4e592c49bad27451c5e4437da1c9d1d097ec571aebf6ea51,ac-2_smt.h.1|ac-2_smt.h.2|ac-2_smt.h.3|ac-2_smt.h|ac-2_smt.l,ac-2_smt.h.1|ac-2_smt.h.2|ac-2_smt.h.3|ac-2_smt.h|ac-2_smt.l,,,,"[{""in_evidence_window"": true, ""origin"": ""selector"", ""source_id"": ""ac-2_smt.h.1""}, {""in_evidence_window"": true, ""origin"": ""selector"", ""source_id"": ""ac-2_smt.h.2""}, {""in_evidence_window"": true, ""origin"": ""selector"", ""source_id"": ""ac-2_smt.h.3""}, {""in_evidence_window"": true, ""origin"": ""selector"", ""source_id"": ""ac-2_smt.h""}, {""in_evidence_window"": true, ""origin"": ""selector"", ""source_id"": ""ac-2_smt.l""}]"
rev5,2,What must an organization enforce regarding logical access to its information and systems?,1,1,0,0,0,1,True,True,True,True,,564e2e686c8e2aedbea1c08761d7b80cb05274120adde79b73acedff1f6bf846,ac-3_smt,ac-3_smt,,,,"[{""in_evidence_window"": true, ""origin"": ""selector"", ""source_id"": ""ac-3_smt""}]"
rev5,3,What principle should be employed to limit user and process access to the minimum necessary for assigned tasks?,2,2,0,0,0,2,True,True,True,True,,9499ab7c1a4f86203c139fb0e4f916b4cd14a10304a271b8145a3f44f326839a,ac-6_smt|ac-6_gdn,ac-6_smt|ac-6_gdn,,,,"[{""in_evidence_window"": true, ""origin"": ""selector"", ""source_id"": ""ac-6_smt""}, {""in_evidence_window"": true, ""origin"": ""selector"", ""source_id"": ""ac-6_gdn""}]"
rev5,4,How must a system be configured to handle consecutive invalid logon attempts?,4,4,0,0,0,4,True,True,True,True,,ac77611d6f4e8992ce94a1a5378fe919adf1205b9d25553639b5490d62c26a5a,ac-7_smt|ac-7_smt.a|ac-7_smt.b|ac-7_gdn,ac-7_smt|ac-7_smt.a|ac-7_smt.b|ac-7_gdn,,,,"[{""in_evidence_window"": true, ""origin"": ""selector"", ""source_id"": ""ac-7_smt""}, {""in_evidence_window"": true, ""origin"": ""selector"", ""source_id"": ""ac-7_smt.a""}, {""in_evidence_window"": true, ""origin"": ""selector"", ""source_id"": ""ac-7_smt.b""}, {""in_evidence_window"": true, ""origin"": ""selector"", ""source_id"": ""ac-7_gdn""}]"
rev5,5,What actions must a system take to lock a session and what is required for a user to re-establish access?,4,2,0,2,0,4,True,True,True,True,,346fc9f7bef8e076309cec2403876f36339e6c7ba97341b3cdaa9548f9daa9d2,ac-11_smt.a|ac-11_smt|ac-11_smt.b|ac-11_gdn,ac-11_smt.b|ac-11_gdn,,ac-11_smt.a|ac-11_smt,,"[{""in_evidence_window"": true, ""origin"": ""rescue"", ""source_id"": ""ac-11_smt.a""}, {""in_evidence_window"": true, ""origin"": ""rescue"", ""source_id"": ""ac-11_smt""}, {""in_evidence_window"": true, ""origin"": ""selector"", ""source_id"": ""ac-11_smt.b""}, {""in_evidence_window"": true, ""origin"": ""selector"", ""source_id"": ""ac-11_gdn""}]"
rev5,6,"What are the requirements for security and privacy literacy training, including its frequency, triggers for updates, and content sources?",6,6,0,0,0,6,True,True,True,True,,1c9ae08e0d33af4c6551f48e619b25914e3e5355f1e9bc919fdd5edfdd1a9744,at-2_smt|at-2_smt.a|at-2_smt.a.1|at-2_smt.a.2|at-2_smt.c|at-2_gdn,at-2_smt|at-2_smt.a|at-2_smt.a.1|at-2_smt.a.2|at-2_smt.c|at-2_gdn,,,,"[{""in_evidence_window"": true, ""origin"": ""selector"", ""source_id"": ""at-2_smt""}, {""in_evidence_window"": true, ""origin"": ""selector"", ""source_id"": ""at-2_smt.a""}, {""in_evidence_window"": true, ""origin"": ""selector"", ""source_id"": ""at-2_smt.a.1""}, {""in_evidence_window"": true, ""origin"": ""selector"", ""source_id"": ""at-2_smt.a.2""}, {""in_evidence_window"": true, ""origin"": ""selector"", ""source_id"": ""at-2_smt.c""}, {""in_evidence_window"": true, ""origin"": ""selector"", ""source_id"": ""at-2_gdn""}]"
rev5,7,Organizations should determine the content of training based on what?,6,2,0,4,0,6,True,True,True,True,,04d0af0319f38ff998ce7e79a9de8dbc6bebb1107124112bec2fca0452a83958,at-2_smt.a.1|at-2_smt.a.2|at-2_smt.b|at-2_smt.c|at-3_gdn|at-2_gdn,at-3_gdn|at-2_gdn,,at-2_smt.a.1|at-2_smt.a.2|at-2_smt.b|at-2_smt.c,,"[{""in_evidence_window"": true, ""origin"": ""rescue"", ""source_id"": ""at-2_smt.a.1""}, {""in_evidence_window"": true, ""origin"": ""rescue"", ""source_id"": ""at-2_smt.a.2""}, {""in_evidence_window"": true, ""origin"": ""rescue"", ""source_id"": ""at-2_smt.b""}, {""in_evidence_window"": true, ""origin"": ""rescue"", ""source_id"": ""at-2_smt.c""}, {""in_evidence_window"": true, ""origin"": ""selector"", ""source_id"": ""at-3_gdn""}, {""in_evidence_window"": true, ""origin"": ""selector"", ""source_id"": ""at-2_gdn""}]"
rev5,8,"How must an organization document, monitor, and retain records of its security and privacy training activities?",3,3,0,0,0,3,True,True,True,True,,339c57ccd032f08dac92d176e5e13bc402e942ccd9affa77a81333cf1c1f8df4,at-4_smt|at-4_smt.a|at-4_smt.b,at-4_smt|at-4_smt.a|at-4_smt.b,,,,"[{""in_evidence_window"": true, ""origin"": ""selector"", ""source_id"": ""at-4_smt""}, {""in_evidence_window"": true, ""origin"": ""selector"", ""source_id"": ""at-4_smt.a""}, {""in_evidence_window"": true, ""origin"": ""selector"", ""source_id"": ""at-4_smt.b""}]"
rev5,9,What type of activity should be included in literacy training to simulate real-world incidents?,5,0,1,4,0,5,True,True,True,True,,e0397ccffe815e0afb55158e190b757524aebd01117f156a9fa59222a0ff7c0a,at-2_smt.a.1|at-2_smt.a.2|at-2_smt.b|at-2_smt.c|at-2.1_smt,,at-2.1_smt,at-2_smt.a.1|at-2_smt.a.2|at-2_smt.b|at-2_smt.c,,"[{""in_evidence_window"": true, ""origin"": ""rescue"", ""source_id"": ""at-2_smt.a.1""}, {""in_evidence_window"": true, ""origin"": ""rescue"", ""source_id"": ""at-2_smt.a.2""}, {""in_evidence_window"": true, ""origin"": ""rescue"", ""source_id"": ""at-2_smt.b""}, {""in_evidence_window"": true, ""origin"": ""rescue"", ""source_id"": ""at-2_smt.c""}, {""in_evidence_window"": true, ""origin"": ""fallback"", ""source_id"": ""at-2.1_smt""}]"
rev5,10,What method does AT-3(3) specify for reinforcing objectives in role-based security training?,6,2,0,4,0,6,True,True,True,True,,e601dbdf8b9e8073ac04081f8e8fad4e776e428e0f42a0305c71a9d88a96349d,at-3_smt.a|at-3_smt.a.1|at-3_smt.b|at-3_smt|at-3.3_smt|at-3.3_gdn,at-3.3_smt|at-3.3_gdn,,at-3_smt.a|at-3_smt.a.1|at-3_smt.b|at-3_smt,,"[{""in_evidence_window"": true, ""origin"": ""rescue"", ""source_id"": ""at-3_smt.a""}, {""in_evidence_window"": true, ""origin"": ""rescue"", ""source_id"": ""at-3_smt.a.1""}, {""in_evidence_window"": true, ""origin"": ""rescue"", ""source_id"": ""at-3_smt.b""}, {""in_evidence_window"": true, ""origin"": ""rescue"", ""source_id"": ""at-3_smt""}, {""in_evidence_window"": true, ""origin"": ""selector"", ""source_id"": ""at-3.3_smt""}, {""in_evidence_window"": true, ""origin"": ""selector"", ""source_id"": ""at-3.3_gdn""}]"
rev5,11,"What are the organizational responsibilities for defining, justifying, and maintaining the types of events to be logged by a system?",7,7,0,0,0,7,True,True,True,True,,36840fdc6d96eecdfaf3695f39b031803ef6c409aff38922e6d30676bb56c723,au-2_smt|au-2_smt.a|au-2_smt.b|au-2_smt.c|au-2_smt.d|au-2_smt.e|au-2_gdn,au-2_smt|au-2_smt.a|au-2_smt.b|au-2_smt.c|au-2_smt.d|au-2_smt.e|au-2_gdn,,,,"[{""in_evidence_window"": true, ""origin"": ""selector"", ""source_id"": ""au-2_smt""}, {""in_evidence_window"": true, ""origin"": ""selector"", ""source_id"": ""au-2_smt.a""}, {""in_evidence_window"": true, ""origin"": ""selector"", ""source_id"": ""au-2_smt.b""}, {""in_evidence_window"": true, ""origin"": ""selector"", ""source_id"": ""au-2_smt.c""}, {""in_evidence_window"": true, ""origin"": ""selector"", ""source_id"": ""au-2_smt.d""}, {""in_evidence_window"": true, ""origin"": ""selector"", ""source_id"": ""au-2_smt.e""}, {""in_evidence_window"": true, ""origin"": ""selector"", ""source_id"": ""au-2_gdn""}]"
rev5,12,What information must each audit record contain to support after-the-fact investigation of security incidents?,8,8,0,0,0,8,True,True,True,True,,d756f77905fd5ac0c4f0d04b2d27f37e3bc8196f4c74c9b2934d93008c089a55,au-3_smt|au-3_smt.a|au-3_smt.b|au-3_smt.c|au-3_smt.d|au-3_smt.e|au-3_smt.f|au-3_gdn,au-3_smt|au-3_smt.a|au-3_smt.b|au-3_smt.c|au-3_smt.d|au-3_smt.e|au-3_smt.f|au-3_gdn,,,,"[{""in_evidence_window"": true, ""origin"": ""selector"", ""source_id"": ""au-3_smt""}, {""in_evidence_window"": true, ""origin"": ""selector"", ""source_id"": ""au-3_smt.a""}, {""in_evidence_window"": true, ""origin"": ""selector"", ""source_id"": ""au-3_smt.b""}, {""in_evidence_window"": true, ""origin"": ""selector"", ""source_id"": ""au-3_smt.c""}, {""in_evidence_window"": true, ""origin"": ""selector"", ""source_id"": ""au-3_smt.d""}, {""in_evidence_window"": true, ""origin"": ""selector"", ""source_id"": ""au-3_smt.e""}, {""in_evidence_window"": true, ""origin"": ""selector"", ""source_id"": ""au-3_smt.f""}, {""in_evidence_window"": true, ""origin"": ""selector"", ""source_id"": ""au-3_gdn""}]"
rev5,13,What factors must an organization consider when allocating audit log storage capacity to prevent the loss of audit data?,3,2,0,1,0,3,True,True,True,True,,719f40338e066af1a3f513215424b5429d901e08aea1c9652d4e7d37c2e88c33,au-4_smt|au-4_gdn|au-5_gdn,au-4_gdn|au-5_gdn,,au-4_smt,,"[{""in_evidence_window"": true, ""origin"": ""rescue"", ""source_id"": ""au-4_smt""}, {""in_evidence_window"": true, ""origin"": ""selector"", ""source_id"": ""au-4_gdn""}, {""in_evidence_window"": true, ""origin"": ""selector"", ""source_id"": ""au-5_gdn""}]"
rev5,14,"What is the required process for reviewing system audit records, and what actions should be taken based on the findings?",4,4,0,0,0,4,True,True,True,True,,0632a03a5bd3a197b1a7016fc31dc06d903cd07dc8b1c3c603462cd61c074626,au-6_smt.a|au-6_smt.b|au-6_smt.c|au-6_gdn,au-6_smt.a|au-6_smt.b|au-6_smt.c|au-6_gdn,,,,"[{""in_evidence_window"": true, ""origin"": ""selector"", ""source_id"": ""au-6_smt.a""}, {""in_evidence_window"": true, ""origin"": ""selector"", ""source_id"": ""au-6_smt.b""}, {""in_evidence_window"": true, ""origin"": ""selector"", ""source_id"": ""au-6_smt.c""}, {""in_evidence_window"": true, ""origin"": ""selector"", ""source_id"": ""au-6_gdn""}]"
rev5,15,What are the requirements for generating and recording time stamps in audit records to ensure accuracy?,3,3,0,0,0,3,True,True,True,True,,e35d17dbcfb38f433b9664cd7009dc306db4476b3db14275e6235b6c7e64e74f,au-8_smt.a|au-8_smt.b|au-8_gdn,au-8_smt.a|au-8_smt.b|au-8_gdn,,,,"[{""in_evidence_window"": true, ""origin"": ""selector"", ""source_id"": ""au-8_smt.a""}, {""in_evidence_window"": true, ""origin"": ""selector"", ""source_id"": ""au-8_smt.b""}, {""in_evidence_window"": true, ""origin"": ""selector"", ""source_id"": ""au-8_gdn""}]"
rev5,16,"Describe the key steps of the formal control assessment process, from planning to reporting.",9,9,0,0,0,9,True,True,True,True,,5af5396d9d00a78b248bcb646af21deeb061c6305ecb327000e1da7c01ce0400,ca-2_smt|ca-2_smt.b|ca-2_smt.b.1|ca-2_smt.b.2|ca-2_smt.b.3|ca-2_smt.c|ca-2_smt.d|ca-2_smt.e|ca-2_smt.f,ca-2_smt|ca-2_smt.b|ca-2_smt.b.1|ca-2_smt.b.2|ca-2_smt.b.3|ca-2_smt.c|ca-2_smt.d|ca-2_smt.e|ca-2_smt.f,,,,"[{""in_evidence_window"": true, ""origin"": ""selector"", ""source_id"": ""ca-2_smt""}, {""in_evidence_window"": true, ""origin"": ""selector"", ""source_id"": ""ca-2_smt.b""}, {""in_evidence_window"": true, ""origin"": ""selector"", ""source_id"": ""ca-2_smt.b.1""}, {""in_evidence_window"": true, ""origin"": ""selector"", ""source_id"": ""ca-2_smt.b.2""}, {""in_evidence_window"": true, ""origin"": ""selector"", ""source_id"": ""ca-2_smt.b.3""}, {""in_evidence_window"": true, ""origin"": ""selector"", ""source_id"": ""ca-2_smt.c""}, {""in_evidence_window"": true, ""origin"": ""selector"", ""source_id"": ""ca-2_smt.d""}, {""in_evidence_window"": true, ""origin"": ""selector"", ""source_id"": ""ca-2_smt.e""}, {""in_evidence_window"": true, ""origin"": ""selector"", ""source_id"": ""ca-2_smt.f""}]"
rev5,17,"What are the requirements for managing and securing information exchanges between systems, including the associated agreements?",2,2,0,0,0,2,True,True,True,True,,13467b89b2111d0c7845d397549d9ef8ac0c69c8096991264726221ebff8e42b,ca-3_smt|ca-3_gdn,ca-3_smt|ca-3_gdn,,,,"[{""in_evidence_window"": true, ""origin"": ""selector"", ""source_id"": ""ca-3_smt""}, {""in_evidence_window"": true, ""origin"": ""selector"", ""source_id"": ""ca-3_gdn""}]"
rev5,18,What is the purpose of a plan of action and milestones in addressing identified control weaknesses?,4,2,0,2,0,4,True,True,True,True,,6423b4d6a9003debcd9482cdc85a17f95e4f706e68faf79e96ec66fe4370bb16,ca-5_smt.b|ca-5_smt|ca-5_smt.a|ca-5_gdn,ca-5_smt.a|ca-5_gdn,,ca-5_smt.b|ca-5_smt,,"[{""in_evidence_window"": true, ""origin"": ""rescue"", ""source_id"": ""ca-5_smt.b""}, {""in_evidence_window"": true, ""origin"": ""rescue"", ""source_id"": ""ca-5_smt""}, {""in_evidence_window"": true, ""origin"": ""selector"", ""source_id"": ""ca-5_smt.a""}, {""in_evidence_window"": true, ""origin"": ""selector"", ""source_id"": ""ca-5_gdn""}]"
rev5,19,What are the primary responsibilities of an authorizing official regarding system authorization?,6,4,0,2,0,6,True,True,True,True,,a9ce018b74f08efc52900a5b04ed6fde0cc84cccfdf317d87a2302ef87145137,ca-6_smt.e|ca-6_smt|ca-6_gdn|ca-6_smt.c|ca-6_smt.c.1|ca-6_smt.c.2,ca-6_gdn|ca-6_smt.c|ca-6_smt.c.1|ca-6_smt.c.2,,ca-6_smt.e|ca-6_smt,,"[{""in_evidence_window"": true, ""origin"": ""rescue"", ""source_id"": ""ca-6_smt.e""}, {""in_evidence_window"": true, ""origin"": ""rescue"", ""source_id"": ""ca-6_smt""}, {""in_evidence_window"": true, ""origin"": ""selector"", ""source_id"": ""ca-6_gdn""}, {""in_evidence_window"": true, ""origin"": ""selector"", ""source_id"": ""ca-6_smt.c""}, {""in_evidence_window"": true, ""origin"": ""selector"", ""source_id"": ""ca-6_smt.c.1""}, {""in_evidence_window"": true, ""origin"": ""selector"", ""source_id"": ""ca-6_smt.c.2""}]"
rev5,20,What are the requirements for implementing a system-level continuous monitoring strategy?,8,8,0,0,0,8,True,True,True,True,,a896e531d3e9db3d7efb14a18fb8b021036d82a376270af32e568ef9c0f9595f,ca-7_smt|ca-7_smt.b|ca-7_smt.a|ca-7_smt.d|ca-7_smt.g|ca-7_smt.c|ca-7_smt.e|ca-7_smt.f,ca-7_smt|ca-7_smt.b|ca-7_smt.a|ca-7_smt.d|ca-7_smt.g|ca-7_smt.c|ca-7_smt.e|ca-7_smt.f,,,,"[{""in_evidence_window"": true, ""origin"": ""selector"", ""source_id"": ""ca-7_smt""}, {""in_evidence_window"": true, ""origin"": ""selector"", ""source_id"": ""ca-7_smt.b""}, {""in_evidence_window"": true, ""origin"": ""selector"", ""source_id"": ""ca-7_smt.a""}, {""in_evidence_window"": true, ""origin"": ""selector"", ""source_id"": ""ca-7_smt.d""}, {""in_evidence_window"": true, ""origin"": ""selector"", ""source_id"": ""ca-7_smt.g""}, {""in_evidence_window"": true, ""origin"": ""selector"", ""source_id"": ""ca-7_smt.c""}, {""in_evidence_window"": true, ""origin"": ""selector"", ""source_id"": ""ca-7_smt.e""}, {""in_evidence_window"": true, ""origin"": ""selector"", ""source_id"": ""ca-7_smt.f""}]"
rev5,21,What are the lifecycle requirements for system baseline configurations?,5,5,0,0,0,5,True,True,True,True,,273cf9b3c20771e749aeb1c35715cac2cafb47a34938989b324bc7457eb48936,cm-2_smt|cm-2_smt.a|cm-2_smt.b.1|cm-2_smt.b.2|cm-2_smt.b.3,cm-2_smt|cm-2_smt.a|cm-2_smt.b.1|cm-2_smt.b.2|cm-2_smt.b.3,,,,"[{""in_evidence_window"": true, ""origin"": ""selector"", ""source_id"": ""cm-2_smt""}, {""in_evidence_window"": true, ""origin"": ""selector"", ""source_id"": ""cm-2_smt.a""}, {""in_evidence_window"": true, ""origin"": ""selector"", ""source_id"": ""cm-2_smt.b.1""}, {""in_evidence_window"": true, ""origin"": ""selector"", ""source_id"": ""cm-2_smt.b.2""}, {""in_evidence_window"": true, ""origin"": ""selector"", ""source_id"": ""cm-2_smt.b.3""}]"
rev5,22,What must an organization do to manage configuration-controlled changes?,7,7,0,0,0,7,True,True,True,True,,74be0af386b9340a46d170a11e644f0a7476155da013bf7c87cf96985563a796,cm-3_smt|cm-3_smt.a|cm-3_smt.b|cm-3_smt.c|cm-3_smt.d|cm-3_smt.e|cm-3_smt.f,cm-3_smt|cm-3_smt.a|cm-3_smt.b|cm-3_smt.c|cm-3_smt.d|cm-3_smt.e|cm-3_smt.f,,,,"[{""in_evidence_window"": true, ""origin"": ""selector"", ""source_id"": ""cm-3_smt""}, {""in_evidence_window"": true, ""origin"": ""selector"", ""source_id"": ""cm-3_smt.a""}, {""in_evidence_window"": true, ""origin"": ""selector"", ""source_id"": ""cm-3_smt.b""}, {""in_evidence_window"": true, ""origin"": ""selector"", ""source_id"": ""cm-3_smt.c""}, {""in_evidence_window"": true, ""origin"": ""selector"", ""source_id"": ""cm-3_smt.d""}, {""in_evidence_window"": true, ""origin"": ""selector"", ""source_id"": ""cm-3_smt.e""}, {""in_evidence_window"": true, ""origin"": ""selector"", ""source_id"": ""cm-3_smt.f""}]"
rev5,23,What should be analyzed before implementing a system change?,4,1,0,3,0,4,True,True,True,True,,c442ec427f72d483a21a6f20a521078f4e6b6f49c3fa142c505fa0fe1ed018d7,cm-3_smt.e|cm-3_smt.g|cm-3_smt|cm-3_smt.b,cm-3_smt.b,,cm-3_smt.e|cm-3_smt.g|cm-3_smt,,"[{""in_evidence_window"": true, ""origin"": ""rescue"", ""source_id"": ""cm-3_smt.e""}, {""in_evidence_window"": true, ""origin"": ""rescue"", ""source_id"": ""cm-3_smt.g""}, {""in_evidence_window"": true, ""origin"": ""rescue"", ""source_id"": ""cm-3_smt""}, {""in_evidence_window"": true, ""origin"": ""selector"", ""source_id"": ""cm-3_smt.b""}]"
rev5,24,"How should configuration settings be established, approved, and monitored?",4,4,0,0,0,4,True,True,True,True,,166ecdec686c311659de4c9256bdd362607e68973dc2b54a87fdf2d45383a87a,cm-6_smt|cm-6_smt.a|cm-6_smt.c|cm-6_smt.d,cm-6_smt|cm-6_smt.a|cm-6_smt.c|cm-6_smt.d,,,,"[{""in_evidence_window"": true, ""origin"": ""selector"", ""source_id"": ""cm-6_smt""}, {""in_evidence_window"": true, ""origin"": ""selector"", ""source_id"": ""cm-6_smt.a""}, {""in_evidence_window"": true, ""origin"": ""selector"", ""source_id"": ""cm-6_smt.c""}, {""in_evidence_window"": true, ""origin"": ""selector"", ""source_id"": ""cm-6_smt.d""}]"
rev5,25,"What are the requirements for developing, maintaining, and updating a system component inventory?",9,9,0,0,0,9,True,True,True,True,,a8ad2abe836edc19a0a2a374da457f5a6977a049f0fb5f90caf47d572498aa42,cm-8_smt|cm-8_smt.a|cm-8_smt.a.1|cm-8_smt.a.2|cm-8_smt.a.3|cm-8_smt.a.4|cm-8_smt.a.5|cm-8_smt.b|cm-8_gdn,cm-8_smt|cm-8_smt.a|cm-8_smt.a.1|cm-8_smt.a.2|cm-8_smt.a.3|cm-8_smt.a.4|cm-8_smt.a.5|cm-8_smt.b|cm-8_gdn,,,,"[{""in_evidence_window"": true, ""origin"": ""selector"", ""source_id"": ""cm-8_smt""}, {""in_evidence_window"": true, ""origin"": ""selector"", ""source_id"": ""cm-8_smt.a""}, {""in_evidence_window"": true, ""origin"": ""selector"", ""source_id"": ""cm-8_smt.a.1""}, {""in_evidence_window"": true, ""origin"": ""selector"", ""source_id"": ""cm-8_smt.a.2""}, {""in_evidence_window"": true, ""origin"": ""selector"", ""source_id"": ""cm-8_smt.a.3""}, {""in_evidence_window"": true, ""origin"": ""selector"", ""source_id"": ""cm-8_smt.a.4""}, {""in_evidence_window"": true, ""origin"": ""selector"", ""source_id"": ""cm-8_smt.a.5""}, {""in_evidence_window"": true, ""origin"": ""selector"", ""source_id"": ""cm-8_smt.b""}, {""in_evidence_window"": true, ""origin"": ""selector"", ""source_id"": ""cm-8_gdn""}]"
rev5,26,"What are the key elements that must be included in a contingency plan, and how should it be reviewed, distributed, and updated?",11,11,0,0,0,11,True,True,True,True,,f1ada17a26ca6300beeda9dc73d1dca002d97a3bc8a063029f8e66916aecc06c,cp-2_smt|cp-2_smt.a|cp-2_smt.a.1|cp-2_smt.a.3|cp-2_smt.a.6|cp-2_smt.b|cp-2_smt.c|cp-2_smt.d|cp-2_smt.e|cp-2_smt.g|cp-2_smt.h,cp-2_smt|cp-2_smt.a|cp-2_smt.a.1|cp-2_smt.a.3|cp-2_smt.a.6|cp-2_smt.b|cp-2_smt.c|cp-2_smt.d|cp-2_smt.e|cp-2_smt.g|cp-2_smt.h,,,,"[{""in_evidence_window"": true, ""origin"": ""selector"", ""source_id"": ""cp-2_smt""}, {""in_evidence_window"": true, ""origin"": ""selector"", ""source_id"": ""cp-2_smt.a""}, {""in_evidence_window"": true, ""origin"": ""selector"", ""source_id"": ""cp-2_smt.a.1""}, {""in_evidence_window"": true, ""origin"": ""selector"", ""source_id"": ""cp-2_smt.a.3""}, {""in_evidence_window"": true, ""origin"": ""selector"", ""source_id"": ""cp-2_smt.a.6""}, {""in_evidence_window"": true, ""origin"": ""selector"", ""source_id"": ""cp-2_smt.b""}, {""in_evidence_window"": true, ""origin"": ""selector"", ""source_id"": ""cp-2_smt.c""}, {""in_evidence_window"": true, ""origin"": ""selector"", ""source_id"": ""cp-2_smt.d""}, {""in_evidence_window"": true, ""origin"": ""selector"", ""source_id"": ""cp-2_smt.e""}, {""in_evidence_window"": true, ""origin"": ""selector"", ""source_id"": ""cp-2_smt.g""}, {""in_evidence_window"": true, ""origin"": ""selector"", ""source_id"": ""cp-2_smt.h""}]"
rev5,27,When and how should contingency training be provided to system users based on their assigned roles and responsibilities?,7,7,0,0,0,7,True,True,True,True,,e9fb59b44c7b6b59470a34a011b7f8405169dc2e6ba53070fc908e16b3fd5314,cp-3_smt|cp-3_smt.a|cp-3_smt.a.1|cp-3_smt.a.2|cp-3_smt.a.3|cp-3_smt.b|cp-3_gdn,cp-3_smt|cp-3_smt.a|cp-3_smt.a.1|cp-3_smt.a.2|cp-3_smt.a.3|cp-3_smt.b|cp-3_gdn,,,,"[{""in_evidence_window"": true, ""origin"": ""selector"", ""source_id"": ""cp-3_smt""}, {""in_evidence_window"": true, ""origin"": ""selector"", ""source_id"": ""cp-3_smt.a""}, {""in_evidence_window"": true, ""origin"": ""selector"", ""source_id"": ""cp-3_smt.a.1""}, {""in_evidence_window"": true, ""origin"": ""selector"", ""source_id"": ""cp-3_smt.a.2""}, {""in_evidence_window"": true, ""origin"": ""selector"", ""source_id"": ""cp-3_smt.a.3""}, {""in_evidence_window"": true, ""origin"": ""selector"", ""source_id"": ""cp-3_smt.b""}, {""in_evidence_window"": true, ""origin"": ""selector"", ""source_id"": ""cp-3_gdn""}]"
rev5,28,"How frequently must contingency plans be tested, and what should be done after reviewing the test results?",4,2,0,2,0,4,True,True,True,True,,f0c7bf96e1486dec82f022c80aff7fbb5500adac96f51b7e57b138ef6195aedb,cp-4_smt.a|cp-4_smt|cp-4_smt.b|cp-4_gdn,cp-4_smt.b|cp-4_gdn,,cp-4_smt.a|cp-4_smt,,"[{""in_evidence_window"": true, ""origin"": ""rescue"", ""source_id"": ""cp-4_smt.a""}, {""in_evidence_window"": true, ""origin"": ""rescue"", ""source_id"": ""cp-4_smt""}, {""in_evidence_window"": true, ""origin"": ""selector"", ""source_id"": ""cp-4_smt.b""}, {""in_evidence_window"": true, ""origin"": ""selector"", ""source_id"": ""cp-4_gdn""}]"
rev5,29,What are the requirements for establishing and maintaining an alternate processing site to resume essential operations?,4,4,0,0,0,4,True,True,True,True,,f55ce6bf6260a349a5cd5de5d1efd0c07df8307c55d1c043ea2c1c8592bfc263,cp-7_smt.a|cp-7_smt.b|cp-7_smt.c|cp-7_gdn,cp-7_smt.a|cp-7_smt.b|cp-7_smt.c|cp-7_gdn,,,,"[{""in_evidence_window"": true, ""origin"": ""selector"", ""source_id"": ""cp-7_smt.a""}, {""in_evidence_window"": true, ""origin"": ""selector"", ""source_id"": ""cp-7_smt.b""}, {""in_evidence_window"": true, ""origin"": ""selector"", ""source_id"": ""cp-7_smt.c""}, {""in_evidence_window"": true, ""origin"": ""selector"", ""source_id"": ""cp-7_gdn""}]"
rev5,30,What actions must be taken to ensure that system and user-level information is backed up and that backup data remains protected?,4,4,0,0,0,4,True,True,True,True,,0cdbf4a92259707da3f3a8bc5f71362d852e9b7610c0076485845f90af0c43ff,cp-9_smt.a|cp-9_smt.b|cp-9_smt.c|cp-9_smt.d,cp-9_smt.a|cp-9_smt.b|cp-9_smt.c|cp-9_smt.d,,,,"[{""in_evidence_window"": true, ""origin"": ""selector"", ""source_id"": ""cp-9_smt.a""}, {""in_evidence_window"": true, ""origin"": ""selector"", ""source_id"": ""cp-9_smt.b""}, {""in_evidence_window"": true, ""origin"": ""selector"", ""source_id"": ""cp-9_smt.c""}, {""in_evidence_window"": true, ""origin"": ""selector"", ""source_id"": ""cp-9_smt.d""}]"
rev5,31,How must organizations identify and authenticate users and associate them with processes acting on their behalf?,2,2,0,0,0,2,True,True,True,True,,7c450ffef64929dabe3656eaac79d96ad8bb86c3b872fc9c298256565ef39656,ia-2_smt|ia-8_smt,ia-2_smt|ia-8_smt,,,,"[{""in_evidence_window"": true, ""origin"": ""selector"", ""source_id"": ""ia-2_smt""}, {""in_evidence_window"": true, ""origin"": ""selector"", ""source_id"": ""ia-8_smt""}]"
rev5,32,"What are the requirements for assigning, authorizing, and preventing reuse of system identifiers for individuals, groups, or devices?",6,6,0,0,0,6,True,True,True,True,,c2e1f220820c58b173ff1b7c7d8c5348399e56ef0f8ccae206be69f915afe8e8,ia-4_smt|ia-4_smt.a|ia-4_smt.b|ia-4_smt.c|ia-4_smt.d|ia-4_gdn,ia-4_smt|ia-4_smt.a|ia-4_smt.b|ia-4_smt.c|ia-4_smt.d|ia-4_gdn,,,,"[{""in_evidence_window"": true, ""origin"": ""selector"", ""source_id"": ""ia-4_smt""}, {""in_evidence_window"": true, ""origin"": ""selector"", ""source_id"": ""ia-4_smt.a""}, {""in_evidence_window"": true, ""origin"": ""selector"", ""source_id"": ""ia-4_smt.b""}, {""in_evidence_window"": true, ""origin"": ""selector"", ""source_id"": ""ia-4_smt.c""}, {""in_evidence_window"": true, ""origin"": ""selector"", ""source_id"": ""ia-4_smt.d""}, {""in_evidence_window"": true, ""origin"": ""selector"", ""source_id"": ""ia-4_gdn""}]"
rev5,33,"How should organizations manage authenticators, including their distribution, protection, and periodic updates?",8,8,0,0,0,8,True,True,True,True,,47e378c7cecdf4310072c62e20e9d8ad507d1892df2ae11156fa538449cb53fb,ia-5_smt.a|ia-5_smt.c|ia-5_smt.d|ia-5_smt.f|ia-5_smt.g|ia-5_smt.h|ia-5_smt.i|ia-5_gdn,ia-5_smt.a|ia-5_smt.c|ia-5_smt.d|ia-5_smt.f|ia-5_smt.g|ia-5_smt.h|ia-5_smt.i|ia-5_gdn,,,,"[{""in_evidence_window"": true, ""origin"": ""selector"", ""source_id"": ""ia-5_smt.a""}, {""in_evidence_window"": true, ""origin"": ""selector"", ""source_id"": ""ia-5_smt.c""}, {""in_evidence_window"": true, ""origin"": ""selector"", ""source_id"": ""ia-5_smt.d""}, {""in_evidence_window"": true, ""origin"": ""selector"", ""source_id"": ""ia-5_smt.f""}, {""in_evidence_window"": true, ""origin"": ""selector"", ""source_id"": ""ia-5_smt.g""}, {""in_evidence_window"": true, ""origin"": ""selector"", ""source_id"": ""ia-5_smt.h""}, {""in_evidence_window"": true, ""origin"": ""selector"", ""source_id"": ""ia-5_smt.i""}, {""in_evidence_window"": true, ""origin"": ""selector"", ""source_id"": ""ia-5_gdn""}]"
rev5,34,What does NIST require to protect authentication information from disclosure during the authentication process?,4,2,0,2,0,4,True,True,True,True,,07b4786f987540b5594d6bf47e89778122a77cd7bfeb7ee8651bcd27b01361cd,ia-5_smt.f|ia-5_smt|ia-5_smt.g|ia-5_smt.h,ia-5_smt.g|ia-5_smt.h,,ia-5_smt.f|ia-5_smt,,"[{""in_evidence_window"": true, ""origin"": ""rescue"", ""source_id"": ""ia-5_smt.f""}, {""in_evidence_window"": true, ""origin"": ""rescue"", ""source_id"": ""ia-5_smt""}, {""in_evidence_window"": true, ""origin"": ""selector"", ""source_id"": ""ia-5_smt.g""}, {""in_evidence_window"": true, ""origin"": ""selector"", ""source_id"": ""ia-5_smt.h""}]"
rev5,35,How should organizations handle identification and authentication of non-organizational users accessing federal systems?,2,2,0,0,0,2,True,True,True,True,,056a871982eb83b813411dd2352a2aa49d43445638aff5e9678488a7aa89675e,ia-8_smt|ia-8_gdn,ia-8_smt|ia-8_gdn,,,,"[{""in_evidence_window"": true, ""origin"": ""selector"", ""source_id"": ""ia-8_smt""}, {""in_evidence_window"": true, ""origin"": ""selector"", ""source_id"": ""ia-8_gdn""}]"
rev5,36,"When should incident response training be provided, and how often should its content be reviewed and updated?",7,7,0,0,0,7,True,True,True,True,,726db6f15a5b7215c71500467972711e078b58dacf0a66bb4301a20a9572c728,ir-2_smt|ir-2_smt.a|ir-2_smt.a.1|ir-2_smt.a.2|ir-2_smt.a.3|ir-2_smt.b|ir-2_gdn,ir-2_smt|ir-2_smt.a|ir-2_smt.a.1|ir-2_smt.a.2|ir-2_smt.a.3|ir-2_smt.b|ir-2_gdn,,,,"[{""in_evidence_window"": true, ""origin"": ""selector"", ""source_id"": ""ir-2_smt""}, {""in_evidence_window"": true, ""origin"": ""selector"", ""source_id"": ""ir-2_smt.a""}, {""in_evidence_window"": true, ""origin"": ""selector"", ""source_id"": ""ir-2_smt.a.1""}, {""in_evidence_window"": true, ""origin"": ""selector"", ""source_id"": ""ir-2_smt.a.2""}, {""in_evidence_window"": true, ""origin"": ""selector"", ""source_id"": ""ir-2_smt.a.3""}, {""in_evidence_window"": true, ""origin"": ""selector"", ""source_id"": ""ir-2_smt.b""}, {""in_evidence_window"": true, ""origin"": ""selector"", ""source_id"": ""ir-2_gdn""}]"
rev5,37,"How often should organizations test the effectiveness of their incident response capabilities, and what kinds of tests may be used?",2,1,0,1,0,2,True,True,True,True,,a55c6e0490e8c2035a05f9673851ce1ea1a0cca8bb5a6c2fc15bdb91165025c2,ir-3_smt|ir-3_gdn,ir-3_gdn,,ir-3_smt,,"[{""in_evidence_window"": true, ""origin"": ""rescue"", ""source_id"": ""ir-3_smt""}, {""in_evidence_window"": true, ""origin"": ""selector"", ""source_id"": ""ir-3_gdn""}]"
rev5,38,"What are the key elements of implementing an effective incident handling capability, including coordination and lessons learned?",5,5,0,0,0,5,True,True,True,True,,9870a1ef29475f10189e4072f0e458fec1f01e42f5b9548a18320ff65cba1a38,ir-4_smt|ir-4_smt.a|ir-4_smt.c|ir-4_smt.d|ir-4_gdn,ir-4_smt|ir-4_smt.a|ir-4_smt.c|ir-4_smt.d|ir-4_gdn,,,,"[{""in_evidence_window"": true, ""origin"": ""selector"", ""source_id"": ""ir-4_smt""}, {""in_evidence_window"": true, ""origin"": ""selector"", ""source_id"": ""ir-4_smt.a""}, {""in_evidence_window"": true, ""origin"": ""selector"", ""source_id"": ""ir-4_smt.c""}, {""in_evidence_window"": true, ""origin"": ""selector"", ""source_id"": ""ir-4_smt.d""}, {""in_evidence_window"": true, ""origin"": ""selector"", ""source_id"": ""ir-4_gdn""}]"
rev5,39,What information should organizations maintain and analyze when documenting and reviewing security incidents?,2,2,0,0,0,2,True,True,True,True,,7ed569c0e4eaac2bd7c0ca81ccbdf04e032b0c078422c26085ea2d72c2f1a948,ir-5_smt|ir-5_gdn,ir-5_smt|ir-5_gdn,,,,"[{""in_evidence_window"": true, ""origin"": ""selector"", ""source_id"": ""ir-5_smt""}, {""in_evidence_window"": true, ""origin"": ""selector"", ""source_id"": ""ir-5_gdn""}]"
rev5,40,"What are the reporting requirements for suspected or confirmed incidents, including notification timeframes and recipients?",4,4,0,0,0,4,True,True,True,True,,7520e7c5daa8ab9bf577f033437ced6ce146fd5e80597b7799f1cd06f4bdaeab,ir-6_smt|ir-6_smt.a|ir-6_smt.b|ir-6_gdn,ir-6_smt|ir-6_smt.a|ir-6_smt.b|ir-6_gdn,,,,"[{""in_evidence_window"": true, ""origin"": ""selector"", ""source_id"": ""ir-6_smt""}, {""in_evidence_window"": true, ""origin"": ""selector"", ""source_id"": ""ir-6_smt.a""}, {""in_evidence_window"": true, ""origin"": ""selector"", ""source_id"": ""ir-6_smt.b""}, {""in_evidence_window"": true, ""origin"": ""selector"", ""source_id"": ""ir-6_gdn""}]"
rev5,41,What are the key considerations for a controlled system maintenance program?,8,8,0,0,0,8,True,True,True,True,,1504d922833a13e7cb6088975f9e1c24202db7fbe11920f533f91e6029f6d0f1,ma-2_smt|ma-2_smt.a|ma-2_smt.b|ma-2_smt.c|ma-2_smt.d|ma-2_smt.e|ma-2_smt.f|ma-2_gdn,ma-2_smt|ma-2_smt.a|ma-2_smt.b|ma-2_smt.c|ma-2_smt.d|ma-2_smt.e|ma-2_smt.f|ma-2_gdn,,,,"[{""in_evidence_window"": true, ""origin"": ""selector"", ""source_id"": ""ma-2_smt""}, {""in_evidence_window"": true, ""origin"": ""selector"", ""source_id"": ""ma-2_smt.a""}, {""in_evidence_window"": true, ""origin"": ""selector"", ""source_id"": ""ma-2_smt.b""}, {""in_evidence_window"": true, ""origin"": ""selector"", ""source_id"": ""ma-2_smt.c""}, {""in_evidence_window"": true, ""origin"": ""selector"", ""source_id"": ""ma-2_smt.d""}, {""in_evidence_window"": true, ""origin"": ""selector"", ""source_id"": ""ma-2_smt.e""}, {""in_evidence_window"": true, ""origin"": ""selector"", ""source_id"": ""ma-2_smt.f""}, {""in_evidence_window"": true, ""origin"": ""selector"", ""source_id"": ""ma-2_gdn""}]"
rev5,42,"How should organizations approve, control, and periodically review the use of system maintenance tools?",3,3,0,0,0,3,True,True,True,True,,0247b7e9992bfa669d10ba67c6b7dc1235dc5afa434336309f0b983bbf647f87,ma-3_smt.a|ma-3_smt.b|ma-3_gdn,ma-3_smt.a|ma-3_smt.b|ma-3_gdn,,,,"[{""in_evidence_window"": true, ""origin"": ""selector"", ""source_id"": ""ma-3_smt.a""}, {""in_evidence_window"": true, ""origin"": ""selector"", ""source_id"": ""ma-3_smt.b""}, {""in_evidence_window"": true, ""origin"": ""selector"", ""source_id"": ""ma-3_gdn""}]"
rev5,43,"What must organizations do to authorize, secure, and record nonlocal maintenance and diagnostic activities?",5,5,0,0,0,5,True,True,True,True,,de43896fe6103b0136893e7541cd539a744ec5a16c36d2d37f3ca789ec14cff0,ma-4_smt.a|ma-4_smt.b|ma-4_smt.c|ma-4_smt.d|ma-4_gdn,ma-4_smt.a|ma-4_smt.b|ma-4_smt.c|ma-4_smt.d|ma-4_gdn,,,,"[{""in_evidence_window"": true, ""origin"": ""selector"", ""source_id"": ""ma-4_smt.a""}, {""in_evidence_window"": true, ""origin"": ""selector"", ""source_id"": ""ma-4_smt.b""}, {""in_evidence_window"": true, ""origin"": ""selector"", ""source_id"": ""ma-4_smt.c""}, {""in_evidence_window"": true, ""origin"": ""selector"", ""source_id"": ""ma-4_smt.d""}, {""in_evidence_window"": true, ""origin"": ""selector"", ""source_id"": ""ma-4_gdn""}]"
rev5,44,What process should be established for authorizing maintenance personnel and ensuring appropriate escorting and access control during maintenance?,5,5,0,0,0,5,True,True,True,True,,fbf84132c1a16dd194754b4ee0d30e7e00ea9e86eabd3f2a6dc0296df28a756f,ma-5_smt|ma-5_smt.a|ma-5_smt.b|ma-5_smt.c|ma-5_gdn,ma-5_smt|ma-5_smt.a|ma-5_smt.b|ma-5_smt.c|ma-5_gdn,,,,"[{""in_evidence_window"": true, ""origin"": ""selector"", ""source_id"": ""ma-5_smt""}, {""in_evidence_window"": true, ""origin"": ""selector"", ""source_id"": ""ma-5_smt.a""}, {""in_evidence_window"": true, ""origin"": ""selector"", ""source_id"": ""ma-5_smt.b""}, {""in_evidence_window"": true, ""origin"": ""selector"", ""source_id"": ""ma-5_smt.c""}, {""in_evidence_window"": true, ""origin"": ""selector"", ""source_id"": ""ma-5_gdn""}]"
rev5,45,How should organizations identify critical system components and obtain maintenance support to mitigate risk when those components fail?,2,1,0,1,0,2,True,True,True,True,,782fcb9369f04f17bc27beb4fa69a2446da5599e22f09cde8e2181c2a48d201f,ma-6_smt|ma-6_gdn,ma-6_gdn,,ma-6_smt,,"[{""in_evidence_window"": true, ""origin"": ""rescue"", ""source_id"": ""ma-6_smt""}, {""in_evidence_window"": true, ""origin"": ""selector"", ""source_id"": ""ma-6_gdn""}]"
rev5,46,How should access to both digital and non-digital system media be restricted to authorized individuals?,4,4,0,0,0,4,True,True,True,True,,65bfd781ca214fcda4234d62fd83fe66ed02bb838fe11d50427164d8de23e8c5,mp-2_smt|mp-5_smt.d|mp-2_gdn|mp-5_gdn,mp-2_smt|mp-5_smt.d|mp-2_gdn|mp-5_gdn,,,,"[{""in_evidence_window"": true, ""origin"": ""selector"", ""source_id"": ""mp-2_smt""}, {""in_evidence_window"": true, ""origin"": ""selector"", ""source_id"": ""mp-5_smt.d""}, {""in_evidence_window"": true, ""origin"": ""selector"", ""source_id"": ""mp-2_gdn""}, {""in_evidence_window"": true, ""origin"": ""selector"", ""source_id"": ""mp-5_gdn""}]"
rev5,47,"What requirements apply to marking system media with handling or distribution limitations, and when may media be exempt from marking?",2,2,0,0,0,2,True,True,True,True,,58d88831b5910cc65d891d3c69006cbba899706545fec0bd48a7eb30ffeafba4,mp-3_smt.a|mp-3_smt.b,mp-3_smt.a|mp-3_smt.b,,,,"[{""in_evidence_window"": true, ""origin"": ""selector"", ""source_id"": ""mp-3_smt.a""}, {""in_evidence_window"": true, ""origin"": ""selector"", ""source_id"": ""mp-3_smt.b""}]"
rev5,48,How must organizations physically control and securely store system media to prevent unauthorized access or tampering?,2,2,0,0,0,2,True,True,True,True,,a393953a948fcb619835405b66e78357421bbe42622e92e8214d4447a803feb1,mp-4_smt|mp-4_gdn,mp-4_smt|mp-4_gdn,,,,"[{""in_evidence_window"": true, ""origin"": ""selector"", ""source_id"": ""mp-4_smt""}, {""in_evidence_window"": true, ""origin"": ""selector"", ""source_id"": ""mp-4_gdn""}]"
rev5,49,"What safeguards should be in place for transporting system media outside controlled areas, including accountability and documentation requirements?",5,5,0,0,0,5,True,True,True,True,,c074921c555f156a86b46b1142894ecd96c38882f02ac8e5911952321a900f9e,mp-5_smt.a|mp-5_smt.b|mp-5_smt.c|mp-5_smt.d|mp-5_gdn,mp-5_smt.a|mp-5_smt.b|mp-5_smt.c|mp-5_smt.d|mp-5_gdn,,,,"[{""in_evidence_window"": true, ""origin"": ""selector"", ""source_id"": ""mp-5_smt.a""}, {""in_evidence_window"": true, ""origin"": ""selector"", ""source_id"": ""mp-5_smt.b""}, {""in_evidence_window"": true, ""origin"": ""selector"", ""source_id"": ""mp-5_smt.c""}, {""in_evidence_window"": true, ""origin"": ""selector"", ""source_id"": ""mp-5_smt.d""}, {""in_evidence_window"": true, ""origin"": ""selector"", ""source_id"": ""mp-5_gdn""}]"
rev5,50,"What are the requirements for sanitizing system media prior to disposal, reuse, or release from organizational control?",3,3,0,0,0,3,True,True,True,True,,49e3db39bc8fab4346f795e73edd23b4e9859628c7380ae0c66a94d0bce54438,mp-6_smt.a|mp-6_smt.b|mp-6_gdn,mp-6_smt.a|mp-6_smt.b|mp-6_gdn,,,,"[{""in_evidence_window"": true, ""origin"": ""selector"", ""source_id"": ""mp-6_smt.a""}, {""in_evidence_window"": true, ""origin"": ""selector"", ""source_id"": ""mp-6_smt.b""}, {""in_evidence_window"": true, ""origin"": ""selector"", ""source_id"": ""mp-6_gdn""}]"
rev5,51,"What are the requirements for managing facility access authorizations, credentials, and access lists for individuals entering secured areas?",5,5,0,0,0,5,True,True,True,True,,573fb2cc04075dc34385af4d7cffe59ccec26c185fac1bb4ce58b635fc40aa96,pe-2_smt.a|pe-2_smt.b|pe-2_smt.c|pe-2_smt.d|pe-2_gdn,pe-2_smt.a|pe-2_smt.b|pe-2_smt.c|pe-2_smt.d|pe-2_gdn,,,,"[{""in_evidence_window"": true, ""origin"": ""selector"", ""source_id"": ""pe-2_smt.a""}, {""in_evidence_window"": true, ""origin"": ""selector"", ""source_id"": ""pe-2_smt.b""}, {""in_evidence_window"": true, ""origin"": ""selector"", ""source_id"": ""pe-2_smt.c""}, {""in_evidence_window"": true, ""origin"": ""selector"", ""source_id"": ""pe-2_smt.d""}, {""in_evidence_window"": true, ""origin"": ""selector"", ""source_id"": ""pe-2_gdn""}]"
rev5,52,"What considerations, components, and types of controls are involved in implementing physical access control?",5,1,0,4,0,5,True,True,True,True,,fdd9af19657a3e6511196f5a7cc8c68906bf2e5abf7ad9e71efb32c8777b4a9d,pe-3_smt.a|pe-3_smt.a.2|pe-3_smt.b|pe-3_smt.c|pe-3_gdn,pe-3_gdn,,pe-3_smt.a|pe-3_smt.a.2|pe-3_smt.b|pe-3_smt.c,,"[{""in_evidence_window"": true, ""origin"": ""rescue"", ""source_id"": ""pe-3_smt.a""}, {""in_evidence_window"": true, ""origin"": ""rescue"", ""source_id"": ""pe-3_smt.a.2""}, {""in_evidence_window"": true, ""origin"": ""rescue"", ""source_id"": ""pe-3_smt.b""}, {""in_evidence_window"": true, ""origin"": ""rescue"", ""source_id"": ""pe-3_smt.c""}, {""in_evidence_window"": true, ""origin"": ""selector"", ""source_id"": ""pe-3_gdn""}]"
rev5,53,What controls should organizations use to protect system distribution and transmission lines from physical damage or interception?,3,2,0,1,0,3,True,True,True,True,,a13598236b08aa20eeb061b225f4b40df146bf110b21e57a0b0587ae87269b17,sc-8_smt|pe-4_gdn|sc-8_gdn,pe-4_gdn|sc-8_gdn,,sc-8_smt,,"[{""in_evidence_window"": true, ""origin"": ""rescue"", ""source_id"": ""sc-8_smt""}, {""in_evidence_window"": true, ""origin"": ""selector"", ""source_id"": ""pe-4_gdn""}, {""in_evidence_window"": true, ""origin"": ""selector"", ""source_id"": ""sc-8_gdn""}]"
rev5,54,"How should physical access to output devices such as monitors, printers, or copiers be restricted and monitored?",2,2,0,0,0,2,True,True,True,True,,77e09b15a32c8c88a49976beba993a1dfa1e246f6c09e39544041cb6dabe1317,pe-5_gdn|pe-5_smt,pe-5_gdn|pe-5_smt,,,,"[{""in_evidence_window"": true, ""origin"": ""selector"", ""source_id"": ""pe-5_gdn""}, {""in_evidence_window"": true, ""origin"": ""selector"", ""source_id"": ""pe-5_smt""}]"
rev5,55,What measures should be implemented to monitor and review physical access logs and respond to security incidents in facilities housing systems?,3,3,0,0,0,3,True,True,True,True,,c8fb353c7ebe49d46009bcba8e66d4910823d3ad41261037b7b3349dcb42e819,pe-6_smt|pe-6_smt.b|pe-6_gdn,pe-6_smt|pe-6_smt.b|pe-6_gdn,,,,"[{""in_evidence_window"": true, ""origin"": ""selector"", ""source_id"": ""pe-6_smt""}, {""in_evidence_window"": true, ""origin"": ""selector"", ""source_id"": ""pe-6_smt.b""}, {""in_evidence_window"": true, ""origin"": ""selector"", ""source_id"": ""pe-6_gdn""}]"
rev5,56,What is the guidance of control PL-2?,12,12,0,0,0,12,True,True,True,True,,e4428af1fb49f4f3ced0517686a2f156488df9e5a377f0e371d2d85578395987,pl-2_smt.b|pl-2_smt.c|pl-2_smt|pl-2_smt.a.14|pl-2_smt.a.5|pl-2_smt.a.8|pl-2_smt.a.9|pl-2_smt.a.12|pl-2_smt.a.13|pl-2_smt.a.6|pl-2_smt.a.4|pl-2_smt.a.11,pl-2_smt.b|pl-2_smt.c|pl-2_smt|pl-2_smt.a.14|pl-2_smt.a.5|pl-2_smt.a.8|pl-2_smt.a.9|pl-2_smt.a.12|pl-2_smt.a.13|pl-2_smt.a.6|pl-2_smt.a.4|pl-2_smt.a.11,,,,"[{""in_evidence_window"": true, ""origin"": ""selector"", ""source_id"": ""pl-2_smt.b""}, {""in_evidence_window"": true, ""origin"": ""selector"", ""source_id"": ""pl-2_smt.c""}, {""in_evidence_window"": true, ""origin"": ""selector"", ""source_id"": ""pl-2_smt""}, {""in_evidence_window"": true, ""origin"": ""selector"", ""source_id"": ""pl-2_smt.a.14""}, {""in_evidence_window"": true, ""origin"": ""selector"", ""source_id"": ""pl-2_smt.a.5""}, {""in_evidence_window"": true, ""origin"": ""selector"", ""source_id"": ""pl-2_smt.a.8""}, {""in_evidence_window"": true, ""origin"": ""selector"", ""source_id"": ""pl-2_smt.a.9""}, {""in_evidence_window"": true, ""origin"": ""selector"", ""source_id"": ""pl-2_smt.a.12""}, {""in_evidence_window"": true, ""origin"": ""selector"", ""source_id"": ""pl-2_smt.a.13""}, {""in_evidence_window"": true, ""origin"": ""selector"", ""source_id"": ""pl-2_smt.a.6""}, {""in_evidence_window"": true, ""origin"": ""selector"", ""source_id"": ""pl-2_smt.a.4""}, {""in_evidence_window"": true, ""origin"": ""selector"", ""source_id"": ""pl-2_smt.a.11""}]"
rev5,57,What considerations are involved in establishing rules of behavior regarding their application to different user types and the methods for documenting acknowledgment?,5,5,0,0,0,5,True,True,True,True,,f88aa8de1cc01bf9e4e3d2e1aec8195733c07eaed321030822d44d37f29dd029,pl-4_gdn|pl-4_smt.b|pl-4_smt.a|pl-4_smt.d|pl-4_smt.c,pl-4_gdn|pl-4_smt.b|pl-4_smt.a|pl-4_smt.d|pl-4_smt.c,,,,"[{""in_evidence_window"": true, ""origin"": ""selector"", ""source_id"": ""pl-4_gdn""}, {""in_evidence_window"": true, ""origin"": ""selector"", ""source_id"": ""pl-4_smt.b""}, {""in_evidence_window"": true, ""origin"": ""selector"", ""source_id"": ""pl-4_smt.a""}, {""in_evidence_window"": true, ""origin"": ""selector"", ""source_id"": ""pl-4_smt.d""}, {""in_evidence_window"": true, ""origin"": ""selector"", ""source_id"": ""pl-4_smt.c""}]"
rev5,58,"What is the purpose of a Concept of Operations, and how often should it be reviewed and updated?",4,2,0,2,0,4,True,True,True,True,,93cc73d8fa102d77d1922c79b0d5ad9f5a60c8e40077ca38654a502d259d2850,pl-7_smt.b|pl-7_smt|pl-7_smt.a|pl-7_gdn,pl-7_smt.a|pl-7_gdn,,pl-7_smt.b|pl-7_smt,,"[{""in_evidence_window"": true, ""origin"": ""rescue"", ""source_id"": ""pl-7_smt.b""}, {""in_evidence_window"": true, ""origin"": ""rescue"", ""source_id"": ""pl-7_smt""}, {""in_evidence_window"": true, ""origin"": ""selector"", ""source_id"": ""pl-7_smt.a""}, {""in_evidence_window"": true, ""origin"": ""selector"", ""source_id"": ""pl-7_gdn""}]"
rev5,59,What should security and privacy architectures describe to ensure protection of information and integration with the enterprise architecture?,6,6,0,0,0,6,True,True,True,True,,3efa36148460a283156bf862611326dd259719da5c230c64b49ea8bc5f9aa81d,pl-8_smt|pl-8_smt.a.1|pl-8_smt.a.2|pl-8_smt.a.3|pl-8_smt.a.4|pl-8_gdn,pl-8_smt|pl-8_smt.a.1|pl-8_smt.a.2|pl-8_smt.a.3|pl-8_smt.a.4|pl-8_gdn,,,,"[{""in_evidence_window"": true, ""origin"": ""selector"", ""source_id"": ""pl-8_smt""}, {""in_evidence_window"": true, ""origin"": ""selector"", ""source_id"": ""pl-8_smt.a.1""}, {""in_evidence_window"": true, ""origin"": ""selector"", ""source_id"": ""pl-8_smt.a.2""}, {""in_evidence_window"": true, ""origin"": ""selector"", ""source_id"": ""pl-8_smt.a.3""}, {""in_evidence_window"": true, ""origin"": ""selector"", ""source_id"": ""pl-8_smt.a.4""}, {""in_evidence_window"": true, ""origin"": ""selector"", ""source_id"": ""pl-8_gdn""}]"
rev5,60,"How does the concept of tailoring allow organizations to customize control baselines to their mission, environment, and risk profile?",1,1,0,0,0,1,True,True,True,True,,43703da40c820520c976c13f429358bfb855c4bd27c2124d12079faa9ec0ad7f,pl-11_gdn,pl-11_gdn,,,,"[{""in_evidence_window"": true, ""origin"": ""selector"", ""source_id"": ""pl-11_gdn""}]"
rev5,61,"Who serves as the senior agency information security officer, and what is their role within federal agencies?",2,2,0,0,0,2,True,True,True,True,,69535278ed5918262a42edfc8a6a0f54212f2926119d3c4bc513b10c51e04c27,pm-2_smt|pm-2_gdn,pm-2_smt|pm-2_gdn,,,,"[{""in_evidence_window"": true, ""origin"": ""selector"", ""source_id"": ""pm-2_smt""}, {""in_evidence_window"": true, ""origin"": ""selector"", ""source_id"": ""pm-2_gdn""}]"
rev5,62,What is the purpose of a plan of action and milestones process within the organization's risk management strategy?,3,3,0,0,0,3,True,True,True,True,,99e4775bcb7778ae3c0e6fb60cc4f02ffe45c32c67a824c297d283a9c38871ca,pm-4_smt.a|pm-4_gdn|ca-5_gdn,pm-4_smt.a|pm-4_gdn|ca-5_gdn,,,,"[{""in_evidence_window"": true, ""origin"": ""selector"", ""source_id"": ""pm-4_smt.a""}, {""in_evidence_window"": true, ""origin"": ""selector"", ""source_id"": ""pm-4_gdn""}, {""in_evidence_window"": true, ""origin"": ""selector"", ""source_id"": ""ca-5_gdn""}]"
rev5,63,How are measures of performance used to evaluate the effectiveness of security and privacy programs?,2,2,0,0,0,2,True,True,True,True,,4fce374f37774d60cb5463fa94796e5086e3b50f7864edd24e5d3c0227601a10,pm-6_gdn|pm-6_smt,pm-6_gdn|pm-6_smt,,,,"[{""in_evidence_window"": true, ""origin"": ""selector"", ""source_id"": ""pm-6_gdn""}, {""in_evidence_window"": true, ""origin"": ""selector"", ""source_id"": ""pm-6_smt""}]"
rev5,64,"What considerations must be incorporated into the enterprise architecture to address security, privacy, and risk?",4,2,0,2,0,4,True,True,True,True,,1a038b3e2605c8714d95019dbf4b8021efa894087823173c848aefa317a3a23c,sa-3_smt.a|sa-3_smt|pm-7_smt|pm-7_gdn,pm-7_smt|pm-7_gdn,,sa-3_smt.a|sa-3_smt,,"[{""in_evidence_window"": true, ""origin"": ""rescue"", ""source_id"": ""sa-3_smt.a""}, {""in_evidence_window"": true, ""origin"": ""rescue"", ""source_id"": ""sa-3_smt""}, {""in_evidence_window"": true, ""origin"": ""selector"", ""source_id"": ""pm-7_smt""}, {""in_evidence_window"": true, ""origin"": ""selector"", ""source_id"": ""pm-7_gdn""}]"
rev5,65,"What are the key components of an organization's risk management strategy, and how should it be implemented and updated?",2,2,0,0,0,2,True,True,True,True,,242611de53509acdbb6b188221696b325d05137975887f3a1b33d213bc827a9c,pm-9_smt|pm-9_gdn,pm-9_smt|pm-9_gdn,,,,"[{""in_evidence_window"": true, ""origin"": ""selector"", ""source_id"": ""pm-9_smt""}, {""in_evidence_window"": true, ""origin"": ""selector"", ""source_id"": ""pm-9_gdn""}]"
rev5,66,"What process should the organization use to assign, review, and update position risk designations and establish screening criteria for personnel?",5,5,0,0,0,5,True,True,True,True,,71eb9234cb6842cd27eb3426cc554339f0ed54e8c3b3de15ee325c7cf79f05d4,ps-2_smt|ps-2_smt.c|ps-2_smt.b|ps-2_smt.a|ps-2_gdn,ps-2_smt|ps-2_smt.c|ps-2_smt.b|ps-2_smt.a|ps-2_gdn,,,,"[{""in_evidence_window"": true, ""origin"": ""selector"", ""source_id"": ""ps-2_smt""}, {""in_evidence_window"": true, ""origin"": ""selector"", ""source_id"": ""ps-2_smt.c""}, {""in_evidence_window"": true, ""origin"": ""selector"", ""source_id"": ""ps-2_smt.b""}, {""in_evidence_window"": true, ""origin"": ""selector"", ""source_id"": ""ps-2_smt.a""}, {""in_evidence_window"": true, ""origin"": ""selector"", ""source_id"": ""ps-2_gdn""}]"
rev5,67,When and how must individuals be screened before authorizing or maintaining access to organizational systems?,4,2,0,2,0,4,True,True,True,True,,ec8aa9f8f951bf7b856ffbfa5cb2309c30e84bee106aed0af043a7ffb964674d,ps-3_smt.b|ps-3_smt|ps-3_smt.a|ps-3_gdn,ps-3_smt.a|ps-3_gdn,,ps-3_smt.b|ps-3_smt,,"[{""in_evidence_window"": true, ""origin"": ""rescue"", ""source_id"": ""ps-3_smt.b""}, {""in_evidence_window"": true, ""origin"": ""rescue"", ""source_id"": ""ps-3_smt""}, {""in_evidence_window"": true, ""origin"": ""selector"", ""source_id"": ""ps-3_smt.a""}, {""in_evidence_window"": true, ""origin"": ""selector"", ""source_id"": ""ps-3_gdn""}]"
rev5,68,What steps must be taken when an individual's employment or role is terminated?,5,5,0,0,0,5,True,True,True,True,,062e6566ad8b1ee18cc6e1565dcd28d7d67cde282be770f9739d422f789c30c5,ps-4_smt.a|ps-4_smt.b|ps-4_smt.c|ps-4_smt.d|ps-4_smt.e,ps-4_smt.a|ps-4_smt.b|ps-4_smt.c|ps-4_smt.d|ps-4_smt.e,,,,"[{""in_evidence_window"": true, ""origin"": ""selector"", ""source_id"": ""ps-4_smt.a""}, {""in_evidence_window"": true, ""origin"": ""selector"", ""source_id"": ""ps-4_smt.b""}, {""in_evidence_window"": true, ""origin"": ""selector"", ""source_id"": ""ps-4_smt.c""}, {""in_evidence_window"": true, ""origin"": ""selector"", ""source_id"": ""ps-4_smt.d""}, {""in_evidence_window"": true, ""origin"": ""selector"", ""source_id"": ""ps-4_smt.e""}]"
rev5,69,"What actions should the organization take to review, modify, and communicate access authorizations for reassigned or transferred personnel?",5,5,0,0,0,5,True,True,True,True,,528025cc93e78556cca57460a5520897305798ba0b329979834f653d0f692949,ps-5_smt.a|ps-5_smt.c|ps-5_smt.b|ps-5_smt.d|ps-5_gdn,ps-5_smt.a|ps-5_smt.c|ps-5_smt.b|ps-5_smt.d|ps-5_gdn,,,,"[{""in_evidence_window"": true, ""origin"": ""selector"", ""source_id"": ""ps-5_smt.a""}, {""in_evidence_window"": true, ""origin"": ""selector"", ""source_id"": ""ps-5_smt.c""}, {""in_evidence_window"": true, ""origin"": ""selector"", ""source_id"": ""ps-5_smt.b""}, {""in_evidence_window"": true, ""origin"": ""selector"", ""source_id"": ""ps-5_smt.d""}, {""in_evidence_window"": true, ""origin"": ""selector"", ""source_id"": ""ps-5_gdn""}]"
rev5,70,"What requirements apply to developing, reviewing, and signing access agreements for individuals requiring system access?",5,5,0,0,0,5,True,True,True,True,,5dbfb24a6353108a06251cefb715fdd0e28f43ce9c91f3aaf3378bbd51f8b2e4,ps-6_smt.a|ps-6_smt.b|ps-6_smt.c.1|ps-6_smt.c.2|ps-6_gdn,ps-6_smt.a|ps-6_smt.b|ps-6_smt.c.1|ps-6_smt.c.2|ps-6_gdn,,,,"[{""in_evidence_window"": true, ""origin"": ""selector"", ""source_id"": ""ps-6_smt.a""}, {""in_evidence_window"": true, ""origin"": ""selector"", ""source_id"": ""ps-6_smt.b""}, {""in_evidence_window"": true, ""origin"": ""selector"", ""source_id"": ""ps-6_smt.c.1""}, {""in_evidence_window"": true, ""origin"": ""selector"", ""source_id"": ""ps-6_smt.c.2""}, {""in_evidence_window"": true, ""origin"": ""selector"", ""source_id"": ""ps-6_gdn""}]"
rev5,71,"How should organizations determine, document, and restrict the purposes and lawful basis for processing personally identifiable information?",7,7,0,0,0,7,True,True,True,True,,2cee1babb1255fef1cc2de7a52cbfc0d76916aa8a10fba8c353cfae3b565eb3b,pt-2_smt.a|pt-2_smt|pt-3_smt.a|pt-3_smt|pt-3_smt.c|pt-3_smt.d|pt-3_gdn,pt-2_smt.a|pt-2_smt|pt-3_smt.a|pt-3_smt|pt-3_smt.c|pt-3_smt.d|pt-3_gdn,,,,"[{""in_evidence_window"": true, ""origin"": ""selector"", ""source_id"": ""pt-2_smt.a""}, {""in_evidence_window"": true, ""origin"": ""selector"", ""source_id"": ""pt-2_smt""}, {""in_evidence_window"": true, ""origin"": ""selector"", ""source_id"": ""pt-3_smt.a""}, {""in_evidence_window"": true, ""origin"": ""selector"", ""source_id"": ""pt-3_smt""}, {""in_evidence_window"": true, ""origin"": ""selector"", ""source_id"": ""pt-3_smt.c""}, {""in_evidence_window"": true, ""origin"": ""selector"", ""source_id"": ""pt-3_smt.d""}, {""in_evidence_window"": true, ""origin"": ""selector"", ""source_id"": ""pt-3_gdn""}]"
rev5,72,"What must organizations identify and document about the purposes and conditions for collecting, using, and sharing PII, and how should they handle changes to those purposes?",4,4,0,0,0,4,True,True,True,True,,f485c5ee290a9443dbded8ad425ec2fa9c09110eec450fc33060f3c2d23e7f74,pt-3_smt.a|pt-3_smt.c|pt-3_smt.d|pt-3_gdn,pt-3_smt.a|pt-3_smt.c|pt-3_smt.d|pt-3_gdn,,,,"[{""in_evidence_window"": true, ""origin"": ""selector"", ""source_id"": ""pt-3_smt.a""}, {""in_evidence_window"": true, ""origin"": ""selector"", ""source_id"": ""pt-3_smt.c""}, {""in_evidence_window"": true, ""origin"": ""selector"", ""source_id"": ""pt-3_smt.d""}, {""in_evidence_window"": true, ""origin"": ""selector"", ""source_id"": ""pt-3_gdn""}]"
rev5,73,"How should organizations obtain and manage individual consent for processing PII, and what factors should be considered when determining the appropriate consent mechanism?",2,1,0,1,0,2,True,True,True,True,,d214b86a82a20512b0eef1c23bc6bd9edab485b4ed5ab6b14295f29ef0f7ae26,pt-4_smt|pt-4_gdn,pt-4_gdn,,pt-4_smt,,"[{""in_evidence_window"": true, ""origin"": ""rescue"", ""source_id"": ""pt-4_smt""}, {""in_evidence_window"": true, ""origin"": ""selector"", ""source_id"": ""pt-4_gdn""}]"
rev5,74,"What information should be included in privacy notices to individuals, and when must such notices be provided or updated?",7,7,0,0,0,7,True,True,True,True,,5f4f4753c92d020164c19a3ac1c196c97caba2b0515aca3e8d33fc29b8bd71b9,pt-5_smt|pt-5_smt.a|pt-5_smt.b|pt-5_smt.c|pt-5_smt.d|pt-5_smt.e|pt-5_gdn,pt-5_smt|pt-5_smt.a|pt-5_smt.b|pt-5_smt.c|pt-5_smt.d|pt-5_smt.e|pt-5_gdn,,,,"[{""in_evidence_window"": true, ""origin"": ""selector"", ""source_id"": ""pt-5_smt""}, {""in_evidence_window"": true, ""origin"": ""selector"", ""source_id"": ""pt-5_smt.a""}, {""in_evidence_window"": true, ""origin"": ""selector"", ""source_id"": ""pt-5_smt.b""}, {""in_evidence_window"": true, ""origin"": ""selector"", ""source_id"": ""pt-5_smt.c""}, {""in_evidence_window"": true, ""origin"": ""selector"", ""source_id"": ""pt-5_smt.d""}, {""in_evidence_window"": true, ""origin"": ""selector"", ""source_id"": ""pt-5_smt.e""}, {""in_evidence_window"": true, ""origin"": ""selector"", ""source_id"": ""pt-5_gdn""}]"
rev5,75,What must organizations do to publish and maintain accurate system of records Notices for systems that contain PII?,4,4,0,0,0,4,True,True,True,True,,d0b42b13176c5981d7d003cff18b613bd7cdff6c0c41c4177f7203beace4d4e8,pt-6_smt|pt-6_smt.b|pt-6_smt.a|pt-6_gdn,pt-6_smt|pt-6_smt.b|pt-6_smt.a|pt-6_gdn,,,,"[{""in_evidence_window"": true, ""origin"": ""selector"", ""source_id"": ""pt-6_smt""}, {""in_evidence_window"": true, ""origin"": ""selector"", ""source_id"": ""pt-6_smt.b""}, {""in_evidence_window"": true, ""origin"": ""selector"", ""source_id"": ""pt-6_smt.a""}, {""in_evidence_window"": true, ""origin"": ""selector"", ""source_id"": ""pt-6_gdn""}]"
rev5,76,"What steps are required to categorize a system and its information, and who must approve the decision?",3,3,0,0,0,3,True,True,True,True,,05954c752e78556882ee481cfa1279dd14b438fa43f70776d70e747244bdb8d1,ra-2_smt.a|ra-2_smt.b|ra-2_smt.c,ra-2_smt.a|ra-2_smt.b|ra-2_smt.c,,,,"[{""in_evidence_window"": true, ""origin"": ""selector"", ""source_id"": ""ra-2_smt.a""}, {""in_evidence_window"": true, ""origin"": ""selector"", ""source_id"": ""ra-2_smt.b""}, {""in_evidence_window"": true, ""origin"": ""selector"", ""source_id"": ""ra-2_smt.c""}]"
rev5,77,"How should organizations conduct and document risk assessments, and how often should the results be reviewed?",4,4,0,0,0,4,True,True,True,True,,856fee58ddfc8eb1554bdadfc9d57a1cde81a9948526ab5730ffef65fa237724,ra-3_smt|ra-3_smt.c|ra-3_smt.d|ra-3_smt.f,ra-3_smt|ra-3_smt.c|ra-3_smt.d|ra-3_smt.f,,,,"[{""in_evidence_window"": true, ""origin"": ""selector"", ""source_id"": ""ra-3_smt""}, {""in_evidence_window"": true, ""origin"": ""selector"", ""source_id"": ""ra-3_smt.c""}, {""in_evidence_window"": true, ""origin"": ""selector"", ""source_id"": ""ra-3_smt.d""}, {""in_evidence_window"": true, ""origin"": ""selector"", ""source_id"": ""ra-3_smt.f""}]"
rev5,78,"What are the requirements for scanning systems for vulnerabilities, remediating identified risks, and sharing vulnerability information?",4,4,0,0,0,4,True,True,True,True,,57bf4c424f70389a29421cfecc11aa2dc2019202b2a24725903b2098797d25b4,ra-5_smt.a|ra-5_smt.d|ra-5_smt.e|ra-5_smt.f,ra-5_smt.a|ra-5_smt.d|ra-5_smt.e|ra-5_smt.f,,,,"[{""in_evidence_window"": true, ""origin"": ""selector"", ""source_id"": ""ra-5_smt.a""}, {""in_evidence_window"": true, ""origin"": ""selector"", ""source_id"": ""ra-5_smt.d""}, {""in_evidence_window"": true, ""origin"": ""selector"", ""source_id"": ""ra-5_smt.e""}, {""in_evidence_window"": true, ""origin"": ""selector"", ""source_id"": ""ra-5_smt.f""}]"
rev5,79,"What options may organizations consider when responding to identified risks, and how does risk tolerance affect these decisions?",2,2,0,0,0,2,True,True,True,True,,802a94ed82fb10c5bad84fd5f919d805fbfceec4dd5ae92801bc1159815d2220,ra-7_gdn|ra-7_smt,ra-7_gdn|ra-7_smt,,,,"[{""in_evidence_window"": true, ""origin"": ""selector"", ""source_id"": ""ra-7_gdn""}, {""in_evidence_window"": true, ""origin"": ""selector"", ""source_id"": ""ra-7_smt""}]"
rev5,80,"What is the purpose of performing a criticality analysis, and when should it be conducted?",2,1,0,1,0,2,True,True,True,True,,a1a3dbd11740c2076a099ed6498cde26f1cc6b1ecc9cce7b58b4b9424972a864,ra-9_smt|ra-9_gdn,ra-9_gdn,,ra-9_smt,,"[{""in_evidence_window"": true, ""origin"": ""rescue"", ""source_id"": ""ra-9_smt""}, {""in_evidence_window"": true, ""origin"": ""selector"", ""source_id"": ""ra-9_gdn""}]"
rev5,81,"In SA-5, what documentation should be obtained or developed?",9,9,0,0,0,9,True,True,True,True,,f5c950383044a811745221fcbcdc513a4930c33a6588071e096f05e299ce02da,sa-5_smt|sa-5_smt.a|sa-5_smt.a.1|sa-5_smt.a.2|sa-5_smt.a.3|sa-5_smt.b|sa-5_smt.b.1|sa-5_smt.b.2|sa-5_smt.b.3,sa-5_smt|sa-5_smt.a|sa-5_smt.a.1|sa-5_smt.a.2|sa-5_smt.a.3|sa-5_smt.b|sa-5_smt.b.1|sa-5_smt.b.2|sa-5_smt.b.3,,,,"[{""in_evidence_window"": true, ""origin"": ""selector"", ""source_id"": ""sa-5_smt""}, {""in_evidence_window"": true, ""origin"": ""selector"", ""source_id"": ""sa-5_smt.a""}, {""in_evidence_window"": true, ""origin"": ""selector"", ""source_id"": ""sa-5_smt.a.1""}, {""in_evidence_window"": true, ""origin"": ""selector"", ""source_id"": ""sa-5_smt.a.2""}, {""in_evidence_window"": true, ""origin"": ""selector"", ""source_id"": ""sa-5_smt.a.3""}, {""in_evidence_window"": true, ""origin"": ""selector"", ""source_id"": ""sa-5_smt.b""}, {""in_evidence_window"": true, ""origin"": ""selector"", ""source_id"": ""sa-5_smt.b.1""}, {""in_evidence_window"": true, ""origin"": ""selector"", ""source_id"": ""sa-5_smt.b.2""}, {""in_evidence_window"": true, ""origin"": ""selector"", ""source_id"": ""sa-5_smt.b.3""}]"
rev5,82,"In SA-8, which security and privacy engineering principles should be applied?",1,1,0,0,0,1,True,True,True,True,,8915c65eb71d6afbd4d95e3b93f811c78f45033a965d08ba8110a2293235ca68,sa-8_smt,sa-8_smt,,,,"[{""in_evidence_window"": true, ""origin"": ""selector"", ""source_id"": ""sa-8_smt""}]"
rev5,83,What are the requirements for ensuring external service providers comply with organizational security and privacy expectations?,7,7,0,0,0,7,True,True,True,True,,4e0aa387cd10317a5b6ecfbca32b5c337adacea0570ca92b58b05978e23a9c00,sa-9_smt|sa-9_smt.a|sa-9_smt.c|ps-7_smt.b|ps-7_smt|ps-7_smt.d|ps-7_smt.e,sa-9_smt|sa-9_smt.a|sa-9_smt.c|ps-7_smt.b|ps-7_smt|ps-7_smt.d|ps-7_smt.e,,,,"[{""in_evidence_window"": true, ""origin"": ""selector"", ""source_id"": ""sa-9_smt""}, {""in_evidence_window"": true, ""origin"": ""selector"", ""source_id"": ""sa-9_smt.a""}, {""in_evidence_window"": true, ""origin"": ""selector"", ""source_id"": ""sa-9_smt.c""}, {""in_evidence_window"": true, ""origin"": ""selector"", ""source_id"": ""ps-7_smt.b""}, {""in_evidence_window"": true, ""origin"": ""selector"", ""source_id"": ""ps-7_smt""}, {""in_evidence_window"": true, ""origin"": ""selector"", ""source_id"": ""ps-7_smt.d""}, {""in_evidence_window"": true, ""origin"": ""selector"", ""source_id"": ""ps-7_smt.e""}]"
rev5,84,"What should be required from system developers regarding configuration management, approved changes, and flaw tracking?",6,6,0,0,0,6,True,True,True,True,,66880579e05b27447125e8067919cc76069d1255dfb17c17a72a45943cbd5a9b,sa-10_smt.a|sa-10_smt.c|sa-10_smt.b|sa-10_smt.d|sa-10_smt.e|sa-10_gdn,sa-10_smt.a|sa-10_smt.c|sa-10_smt.b|sa-10_smt.d|sa-10_smt.e|sa-10_gdn,,,,"[{""in_evidence_window"": true, ""origin"": ""selector"", ""source_id"": ""sa-10_smt.a""}, {""in_evidence_window"": true, ""origin"": ""selector"", ""source_id"": ""sa-10_smt.c""}, {""in_evidence_window"": true, ""origin"": ""selector"", ""source_id"": ""sa-10_smt.b""}, {""in_evidence_window"": true, ""origin"": ""selector"", ""source_id"": ""sa-10_smt.d""}, {""in_evidence_window"": true, ""origin"": ""selector"", ""source_id"": ""sa-10_smt.e""}, {""in_evidence_window"": true, ""origin"": ""selector"", ""source_id"": ""sa-10_gdn""}]"
rev5,85,What are developers required to produce and correct under a system's security and privacy assessment plan?,3,3,0,0,0,3,True,True,True,True,,f15a8bdbc47d9f4969894637ebfd27c9b8b34fba5fe368b8e36ab21fb9e9e185,sa-11_smt|sa-11_smt.c|sa-11_smt.e,sa-11_smt|sa-11_smt.c|sa-11_smt.e,,,,"[{""in_evidence_window"": true, ""origin"": ""selector"", ""source_id"": ""sa-11_smt""}, {""in_evidence_window"": true, ""origin"": ""selector"", ""source_id"": ""sa-11_smt.c""}, {""in_evidence_window"": true, ""origin"": ""selector"", ""source_id"": ""sa-11_smt.e""}]"
rev5,86,"How should communications be monitored and controlled at system interfaces, and how must external connections be managed to protect organizational networks?",4,4,0,0,0,4,True,True,True,True,,94ea96b4878aa604feae58080b974b5e0cd0e0d0e7a4979cfdc049eedb391aa6,sc-7_smt.a|sc-7_smt.b|sc-7_smt.c|sc-7_gdn,sc-7_smt.a|sc-7_smt.b|sc-7_smt.c|sc-7_gdn,,,,"[{""in_evidence_window"": true, ""origin"": ""selector"", ""source_id"": ""sc-7_smt.a""}, {""in_evidence_window"": true, ""origin"": ""selector"", ""source_id"": ""sc-7_smt.b""}, {""in_evidence_window"": true, ""origin"": ""selector"", ""source_id"": ""sc-7_smt.c""}, {""in_evidence_window"": true, ""origin"": ""selector"", ""source_id"": ""sc-7_gdn""}]"
rev5,87,What measures should be implemented to protect the confidentiality and integrity of transmitted information across internal and external networks?,3,2,0,1,0,3,True,True,True,True,,8f355ad39300fee2cf0093669a2b46dfc29b5bf8cd34e2a1ec838191deb99f7b,sc-8_smt|sc-8_gdn|sc-7_gdn,sc-8_gdn|sc-7_gdn,,sc-8_smt,,"[{""in_evidence_window"": true, ""origin"": ""rescue"", ""source_id"": ""sc-8_smt""}, {""in_evidence_window"": true, ""origin"": ""selector"", ""source_id"": ""sc-8_gdn""}, {""in_evidence_window"": true, ""origin"": ""selector"", ""source_id"": ""sc-7_gdn""}]"
rev5,88,What requirements apply to establishing and managing cryptographic keys used within the system?,2,2,0,0,0,2,True,True,True,True,,4fc0f4cd67cf0f96db265482a3695b309c11fd9f58766794c831be1d689ebb20,sc-12_smt|sc-12_gdn,sc-12_smt|sc-12_gdn,,,,"[{""in_evidence_window"": true, ""origin"": ""selector"", ""source_id"": ""sc-12_smt""}, {""in_evidence_window"": true, ""origin"": ""selector"", ""source_id"": ""sc-12_gdn""}]"
rev5,89,"How should cryptographic mechanisms be selected and implemented to comply with applicable laws, policies, and standards?",2,2,0,0,0,2,True,True,True,True,,6223f7567336d46248cee073046d59b202176567efff6f611425db4a9656e1e5,ia-7_smt|ia-7_gdn,ia-7_smt|ia-7_gdn,,,,"[{""in_evidence_window"": true, ""origin"": ""selector"", ""source_id"": ""ia-7_smt""}, {""in_evidence_window"": true, ""origin"": ""selector"", ""source_id"": ""ia-7_gdn""}]"
rev5,90,What protections must be applied to ensure the confidentiality and integrity of information at rest within system components?,3,2,0,1,0,3,True,True,True,True,,9b0e45ceea684ec6f00a1659f14f00e63d8c76e75fa4dabbce25be53afc408c7,sc-28_smt|sc-28_gdn|cp-9_gdn,sc-28_gdn|cp-9_gdn,,sc-28_smt,,"[{""in_evidence_window"": true, ""origin"": ""rescue"", ""source_id"": ""sc-28_smt""}, {""in_evidence_window"": true, ""origin"": ""selector"", ""source_id"": ""sc-28_gdn""}, {""in_evidence_window"": true, ""origin"": ""selector"", ""source_id"": ""cp-9_gdn""}]"
rev5,91,"What actions must organizations take to identify, report, test, and install security-relevant software and firmware updates?",5,5,0,0,0,5,True,True,True,True,,e759512108a5d33b594d7734ab8fc1be29bab5bf76b5ffc0f278fa3159657bf9,si-2_smt|si-2_smt.a|si-2_smt.b|si-2_smt.c|si-2_gdn,si-2_smt|si-2_smt.a|si-2_smt.b|si-2_smt.c|si-2_gdn,,,,"[{""in_evidence_window"": true, ""origin"": ""selector"", ""source_id"": ""si-2_smt""}, {""in_evidence_window"": true, ""origin"": ""selector"", ""source_id"": ""si-2_smt.a""}, {""in_evidence_window"": true, ""origin"": ""selector"", ""source_id"": ""si-2_smt.b""}, {""in_evidence_window"": true, ""origin"": ""selector"", ""source_id"": ""si-2_smt.c""}, {""in_evidence_window"": true, ""origin"": ""selector"", ""source_id"": ""si-2_gdn""}]"
rev5,92,What are the requirements for implementing and managing malicious-code protection mechanisms across the system?,7,7,0,0,0,7,True,True,True,True,,b592f689387debca3b8a63814ca693cd7680ec2976f2786dc8b0e76f27037dd2,si-3_smt|si-3_smt.a|si-3_smt.b|si-3_smt.c|si-3_smt.c.1|si-3_smt.c.2|si-3_gdn,si-3_smt|si-3_smt.a|si-3_smt.b|si-3_smt.c|si-3_smt.c.1|si-3_smt.c.2|si-3_gdn,,,,"[{""in_evidence_window"": true, ""origin"": ""selector"", ""source_id"": ""si-3_smt""}, {""in_evidence_window"": true, ""origin"": ""selector"", ""source_id"": ""si-3_smt.a""}, {""in_evidence_window"": true, ""origin"": ""selector"", ""source_id"": ""si-3_smt.b""}, {""in_evidence_window"": true, ""origin"": ""selector"", ""source_id"": ""si-3_smt.c""}, {""in_evidence_window"": true, ""origin"": ""selector"", ""source_id"": ""si-3_smt.c.1""}, {""in_evidence_window"": true, ""origin"": ""selector"", ""source_id"": ""si-3_smt.c.2""}, {""in_evidence_window"": true, ""origin"": ""selector"", ""source_id"": ""si-3_gdn""}]"
rev5,93,"How should systems be monitored to detect attacks, unauthorized connections, and anomalous activities, and how should such events be analyzed and reported?",7,7,0,0,0,7,True,True,True,True,,2e323e0b41b181ba5c6ae2363f4b5b7245a7026ae714ad6df2091b940cfc835f,si-4_smt.d|si-4_smt.a|si-4_smt.a.1|si-4_smt.a.2|si-4_smt.e|si-4_smt.g|si-4_gdn,si-4_smt.d|si-4_smt.a|si-4_smt.a.1|si-4_smt.a.2|si-4_smt.e|si-4_smt.g|si-4_gdn,,,,"[{""in_evidence_window"": true, ""origin"": ""selector"", ""source_id"": ""si-4_smt.d""}, {""in_evidence_window"": true, ""origin"": ""selector"", ""source_id"": ""si-4_smt.a""}, {""in_evidence_window"": true, ""origin"": ""selector"", ""source_id"": ""si-4_smt.a.1""}, {""in_evidence_window"": true, ""origin"": ""selector"", ""source_id"": ""si-4_smt.a.2""}, {""in_evidence_window"": true, ""origin"": ""selector"", ""source_id"": ""si-4_smt.e""}, {""in_evidence_window"": true, ""origin"": ""selector"", ""source_id"": ""si-4_smt.g""}, {""in_evidence_window"": true, ""origin"": ""selector"", ""source_id"": ""si-4_gdn""}]"
rev5,94,"What integrity-verification mechanisms should be employed to detect unauthorized changes to software, firmware, or data?",4,4,0,0,0,4,True,True,True,True,,8259f7eb68333bbc13368b8a945a7cf371f8f2c4f06f827c3709a99d64033db7,si-7_smt|si-7_smt.a|si-7_smt.b|si-7_gdn,si-7_smt|si-7_smt.a|si-7_smt.b|si-7_gdn,,,,"[{""in_evidence_window"": true, ""origin"": ""selector"", ""source_id"": ""si-7_smt""}, {""in_evidence_window"": true, ""origin"": ""selector"", ""source_id"": ""si-7_smt.a""}, {""in_evidence_window"": true, ""origin"": ""selector"", ""source_id"": ""si-7_smt.b""}, {""in_evidence_window"": true, ""origin"": ""selector"", ""source_id"": ""si-7_gdn""}]"
rev5,95,How should organizations validate system inputs to prevent injection or cross-site scripting attacks?,2,1,0,1,0,2,True,True,True,True,,5058ef4756037e99ac2e75e8da3c7fcbdb9a37c63a204b07d1166c1372c2c06a,si-10_smt|si-10_gdn,si-10_gdn,,si-10_smt,,"[{""in_evidence_window"": true, ""origin"": ""rescue"", ""source_id"": ""si-10_smt""}, {""in_evidence_window"": true, ""origin"": ""selector"", ""source_id"": ""si-10_gdn""}]"
rev5,96,"What elements must be included in a supply-chain risk management plan, and how often should it be reviewed and protected from unauthorized disclosure?",4,4,0,0,0,4,True,True,True,True,,ee2dfcc5009f8934e2e6b2c745d3084f715d182efbd0384a9f850d6b29b20fe7,sr-2_smt.a|sr-2_smt.b|sr-2_smt.c|sr-2_gdn,sr-2_smt.a|sr-2_smt.b|sr-2_smt.c|sr-2_gdn,,,,"[{""in_evidence_window"": true, ""origin"": ""selector"", ""source_id"": ""sr-2_smt.a""}, {""in_evidence_window"": true, ""origin"": ""selector"", ""source_id"": ""sr-2_smt.b""}, {""in_evidence_window"": true, ""origin"": ""selector"", ""source_id"": ""sr-2_smt.c""}, {""in_evidence_window"": true, ""origin"": ""selector"", ""source_id"": ""sr-2_gdn""}]"
rev5,97,How should organizations identify and address weaknesses in supply-chain elements and document protective controls and processes?,3,3,0,0,0,3,True,True,True,True,,f268fcf1a76e15247ec48a8fb7f09f96206fa2ebd51bc2630c8fb1c2cc8a1346,sr-3_smt.a|sr-3_smt.b|sr-3_smt.c,sr-3_smt.a|sr-3_smt.b|sr-3_smt.c,,,,"[{""in_evidence_window"": true, ""origin"": ""selector"", ""source_id"": ""sr-3_smt.a""}, {""in_evidence_window"": true, ""origin"": ""selector"", ""source_id"": ""sr-3_smt.b""}, {""in_evidence_window"": true, ""origin"": ""selector"", ""source_id"": ""sr-3_smt.c""}]"
rev5,98,"What acquisition and contracting practices should be employed to protect the supply chain from counterfeit, tampered, or malicious components?",2,2,0,0,0,2,True,True,True,True,,2f2249b471e846dab1da5ae18ff81952f9c5d156f2c77e23c3eb6afab77eb0d5,sr-5_smt|sr-5_gdn,sr-5_smt|sr-5_gdn,,,,"[{""in_evidence_window"": true, ""origin"": ""selector"", ""source_id"": ""sr-5_smt""}, {""in_evidence_window"": true, ""origin"": ""selector"", ""source_id"": ""sr-5_gdn""}]"
rev5,99,How frequently should supply-chain-related risks be assessed and reviewed for suppliers and contractors?,1,0,1,0,0,1,True,True,True,True,,9edbf32a3ea89a5d235d306dc139837e9a730e1606f4f92ae335353d34dfad9f,sr-6_smt,,sr-6_smt,,,"[{""in_evidence_window"": true, ""origin"": ""fallback"", ""source_id"": ""sr-6_smt""}]"
rev5,100,"What policies and procedures should be developed to detect, prevent, and report counterfeit components within the system?",4,4,0,0,0,4,True,True,True,True,,fcc2b9ed47be6d1e0d2a19abd6d59e86e3be7e1dda89603c5cbfb36ff4d5ca40,sr-11_smt|sr-11_smt.a|sr-11_smt.b|sr-11_gdn,sr-11_smt|sr-11_smt.a|sr-11_smt.b|sr-11_gdn,,,,"[{""in_evidence_window"": true, ""origin"": ""selector"", ""source_id"": ""sr-11_smt""}, {""in_evidence_window"": true, ""origin"": ""selector"", ""source_id"": ""sr-11_smt.a""}, {""in_evidence_window"": true, ""origin"": ""selector"", ""source_id"": ""sr-11_smt.b""}, {""in_evidence_window"": true, ""origin"": ""selector"", ""source_id"": ""sr-11_gdn""}]"
rev4,1,What does AC-2 require the organization to do when managing information system accounts?,7,7,0,0,0,7,True,True,True,True,,17a3945744fdf007d9c39a9293bf7607843ac5ba0e8fb0b047f53e26d3ea13bb,ac-2_smt.a|ac-2_smt.b|ac-2_smt.d|ac-2_smt.e|ac-2_smt.f|ac-2_smt.g|ac-2_smt.j,ac-2_smt.a|ac-2_smt.b|ac-2_smt.d|ac-2_smt.e|ac-2_smt.f|ac-2_smt.g|ac-2_smt.j,,,,"[{""in_evidence_window"": true, ""origin"": ""selector"", ""source_id"": ""ac-2_smt.a""}, {""in_evidence_window"": true, ""origin"": ""selector"", ""source_id"": ""ac-2_smt.b""}, {""in_evidence_window"": true, ""origin"": ""selector"", ""source_id"": ""ac-2_smt.d""}, {""in_evidence_window"": true, ""origin"": ""selector"", ""source_id"": ""ac-2_smt.e""}, {""in_evidence_window"": true, ""origin"": ""selector"", ""source_id"": ""ac-2_smt.f""}, {""in_evidence_window"": true, ""origin"": ""selector"", ""source_id"": ""ac-2_smt.g""}, {""in_evidence_window"": true, ""origin"": ""selector"", ""source_id"": ""ac-2_smt.j""}]"
rev4,2,What principle does AC-6 require the organization to employ for user/system access?,2,2,0,0,0,2,True,True,True,True,,2c1c47fa466ba21cbdc4c5bd873100eabd496be6e7e5f2cb6d7e13e5e2cbe69f,ac-6_smt|ac-6_gdn,ac-6_smt|ac-6_gdn,,,,"[{""in_evidence_window"": true, ""origin"": ""selector"", ""source_id"": ""ac-6_smt""}, {""in_evidence_window"": true, ""origin"": ""selector"", ""source_id"": ""ac-6_gdn""}]"
rev4,3,What security awareness training must the organization provide and when?,5,5,0,0,0,5,True,True,True,True,,b9a17949b65cd1c3cf34e3f5fd590807dea1fabd94a5940ee071e10f2266d6c5,at-2_smt|at-2_smt.a|at-2_smt.b|at-2_smt.c|at-2_gdn,at-2_smt|at-2_smt.a|at-2_smt.b|at-2_smt.c|at-2_gdn,,,,"[{""in_evidence_window"": true, ""origin"": ""selector"", ""source_id"": ""at-2_smt""}, {""in_evidence_window"": true, ""origin"": ""selector"", ""source_id"": ""at-2_smt.a""}, {""in_evidence_window"": true, ""origin"": ""selector"", ""source_id"": ""at-2_smt.b""}, {""in_evidence_window"": true, ""origin"": ""selector"", ""source_id"": ""at-2_smt.c""}, {""in_evidence_window"": true, ""origin"": ""selector"", ""source_id"": ""at-2_gdn""}]"
rev4,4,What are the requirements for role-based security training and timing of delivery?,4,4,0,0,0,4,True,True,True,True,,672ac8f981752916f3e07d1d364ffd60b646519d0b524ebdfa5fba06853ad016,at-3_smt.a|at-3_smt.b|at-3_smt.c|at-3_gdn,at-3_smt.a|at-3_smt.b|at-3_smt.c|at-3_gdn,,,,"[{""in_evidence_window"": true, ""origin"": ""selector"", ""source_id"": ""at-3_smt.a""}, {""in_evidence_window"": true, ""origin"": ""selector"", ""source_id"": ""at-3_smt.b""}, {""in_evidence_window"": true, ""origin"": ""selector"", ""source_id"": ""at-3_smt.c""}, {""in_evidence_window"": true, ""origin"": ""selector"", ""source_id"": ""at-3_gdn""}]"
rev4,5,What must the organization determine about events within the information system?,4,4,0,0,0,4,True,True,True,True,,24472b0eaf8e5a1cadbde1dbbc5ee80f99b101176f867407d4f7985cb2314431,au-2_smt.d|au-2_smt|au-2_smt.a|au-2_smt.c,au-2_smt.d|au-2_smt|au-2_smt.a|au-2_smt.c,,,,"[{""in_evidence_window"": true, ""origin"": ""selector"", ""source_id"": ""au-2_smt.d""}, {""in_evidence_window"": true, ""origin"": ""selector"", ""source_id"": ""au-2_smt""}, {""in_evidence_window"": true, ""origin"": ""selector"", ""source_id"": ""au-2_smt.a""}, {""in_evidence_window"": true, ""origin"": ""selector"", ""source_id"": ""au-2_smt.c""}]"
rev4,6,What audit record contents are the system required to generate?,5,2,0,3,0,5,True,True,True,True,,e0733ed1a1463d2a7c06c8aa2e18f9cc83134598b48980e3c81f62e08697cf0d,au-12_smt.a|au-12_smt.b|au-12_smt|au-3_smt|au-3_gdn,au-3_smt|au-3_gdn,,au-12_smt.a|au-12_smt.b|au-12_smt,,"[{""in_evidence_window"": true, ""origin"": ""rescue"", ""source_id"": ""au-12_smt.a""}, {""in_evidence_window"": true, ""origin"": ""rescue"", ""source_id"": ""au-12_smt.b""}, {""in_evidence_window"": true, ""origin"": ""rescue"", ""source_id"": ""au-12_smt""}, {""in_evidence_window"": true, ""origin"": ""selector"", ""source_id"": ""au-3_smt""}, {""in_evidence_window"": true, ""origin"": ""selector"", ""source_id"": ""au-3_gdn""}]"
rev4,7,What are the requirements regarding assessment of security controls and frequency?,5,5,0,0,0,5,True,True,True,True,,2d82bc13fa8b3a52355f6755c01c89898f8475c28fb7575977dabfe622ee2a24,ca-2_smt.b|ca-2_smt.a.2|ca-2_smt.a.1|ca-2_smt.a.3|ca-2_gdn,ca-2_smt.b|ca-2_smt.a.2|ca-2_smt.a.1|ca-2_smt.a.3|ca-2_gdn,,,,"[{""in_evidence_window"": true, ""origin"": ""selector"", ""source_id"": ""ca-2_smt.b""}, {""in_evidence_window"": true, ""origin"": ""selector"", ""source_id"": ""ca-2_smt.a.2""}, {""in_evidence_window"": true, ""origin"": ""selector"", ""source_id"": ""ca-2_smt.a.1""}, {""in_evidence_window"": true, ""origin"": ""selector"", ""source_id"": ""ca-2_smt.a.3""}, {""in_evidence_window"": true, ""origin"": ""selector"", ""source_id"": ""ca-2_gdn""}]"
rev4,8,What elements must be included in the continuous monitoring strategy and program?,8,8,0,0,0,8,True,True,True,True,,cca1057e69b560d98b50d135e3339f8124eff8dc73483eae99a8c23158f147c7,ca-7_smt|ca-7_smt.a|ca-7_smt.b|ca-7_smt.c|ca-7_smt.d|ca-7_smt.e|ca-7_smt.f|ca-7_smt.g,ca-7_smt|ca-7_smt.a|ca-7_smt.b|ca-7_smt.c|ca-7_smt.d|ca-7_smt.e|ca-7_smt.f|ca-7_smt.g,,,,"[{""in_evidence_window"": true, ""origin"": ""selector"", ""source_id"": ""ca-7_smt""}, {""in_evidence_window"": true, ""origin"": ""selector"", ""source_id"": ""ca-7_smt.a""}, {""in_evidence_window"": true, ""origin"": ""selector"", ""source_id"": ""ca-7_smt.b""}, {""in_evidence_window"": true, ""origin"": ""selector"", ""source_id"": ""ca-7_smt.c""}, {""in_evidence_window"": true, ""origin"": ""selector"", ""source_id"": ""ca-7_smt.d""}, {""in_evidence_window"": true, ""origin"": ""selector"", ""source_id"": ""ca-7_smt.e""}, {""in_evidence_window"": true, ""origin"": ""selector"", ""source_id"": ""ca-7_smt.f""}, {""in_evidence_window"": true, ""origin"": ""selector"", ""source_id"": ""ca-7_smt.g""}]"
rev4,9,What does CM-2 require regarding the baseline configuration of the information system?,2,2,0,0,0,2,True,True,True,True,,34cb6a0d7b4c19d4c4b570041dcbfa95164bbfd9a4388d70dad58d11e7c645a5,cm-2_smt|cm-2_gdn,cm-2_smt|cm-2_gdn,,,,"[{""in_evidence_window"": true, ""origin"": ""selector"", ""source_id"": ""cm-2_smt""}, {""in_evidence_window"": true, ""origin"": ""selector"", ""source_id"": ""cm-2_gdn""}]"
rev4,10,What are the requirements for establishing and documenting configuration settings?,2,2,0,0,0,2,True,True,True,True,,0225c318958ee42623b7be520a46587ac569a92c30b9b84b2504c11ef8f11b2f,cm-6_smt.a|cm-6_smt.c,cm-6_smt.a|cm-6_smt.c,,,,"[{""in_evidence_window"": true, ""origin"": ""selector"", ""source_id"": ""cm-6_smt.a""}, {""in_evidence_window"": true, ""origin"": ""selector"", ""source_id"": ""cm-6_smt.c""}]"
rev4,11,What does CP-2 require in developing a contingency plan for the information system?,6,6,0,0,0,6,True,True,True,True,,da64a94305ba765dc5b62b307e57abe3a5568f36889ab6251da84cc4ad93bac8,cp-2_smt.a|cp-2_smt.a.1|cp-2_smt.a.3|cp-2_smt.a.4|cp-2_smt.a.5|cp-2_smt.a.6,cp-2_smt.a|cp-2_smt.a.1|cp-2_smt.a.3|cp-2_smt.a.4|cp-2_smt.a.5|cp-2_smt.a.6,,,,"[{""in_evidence_window"": true, ""origin"": ""selector"", ""source_id"": ""cp-2_smt.a""}, {""in_evidence_window"": true, ""origin"": ""selector"", ""source_id"": ""cp-2_smt.a.1""}, {""in_evidence_window"": true, ""origin"": ""selector"", ""source_id"": ""cp-2_smt.a.3""}, {""in_evidence_window"": true, ""origin"": ""selector"", ""source_id"": ""cp-2_smt.a.4""}, {""in_evidence_window"": true, ""origin"": ""selector"", ""source_id"": ""cp-2_smt.a.5""}, {""in_evidence_window"": true, ""origin"": ""selector"", ""source_id"": ""cp-2_smt.a.6""}]"
rev4,12,What does CP-9 require for conducting and protecting backups at the storage location?,4,4,0,0,0,4,True,True,True,True,,a99f78c00a57bc5762d1eb19de14ca40d3d38bf96743eceaca4e5d04f7b5a279,cp-9_smt.d|cp-9_smt.a|cp-9_smt.b|cp-9_smt.c,cp-9_smt.d|cp-9_smt.a|cp-9_smt.b|cp-9_smt.c,,,,"[{""in_evidence_window"": true, ""origin"": ""selector"", ""source_id"": ""cp-9_smt.d""}, {""in_evidence_window"": true, ""origin"": ""selector"", ""source_id"": ""cp-9_smt.a""}, {""in_evidence_window"": true, ""origin"": ""selector"", ""source_id"": ""cp-9_smt.b""}, {""in_evidence_window"": true, ""origin"": ""selector"", ""source_id"": ""cp-9_smt.c""}]"
rev4,13,What identification and authentication requirement does IA-2 specify for organizational users?,2,2,0,0,0,2,True,True,True,True,,a4561cca77aae571214b3ad3020b0349809c3d883c457e4de0b9e8346f902ba3,ia-2_smt|ia-2_gdn,ia-2_smt|ia-2_gdn,,,,"[{""in_evidence_window"": true, ""origin"": ""selector"", ""source_id"": ""ia-2_smt""}, {""in_evidence_window"": true, ""origin"": ""selector"", ""source_id"": ""ia-2_gdn""}]"
rev4,14,"What processes are in place to securely create, distribute, protect, and revoke authenticators such as passwords, tokens, or certificates?",6,6,0,0,0,6,True,True,True,True,,ee32a485007505ab74752300becc440e4406804d9bf1aebe9fafcc9353f874df,ia-5_smt.d|ia-5_smt.g|ia-5_smt.a|ia-5_smt.h|ia-5_smt.i|ia-5_gdn,ia-5_smt.d|ia-5_smt.g|ia-5_smt.a|ia-5_smt.h|ia-5_smt.i|ia-5_gdn,,,,"[{""in_evidence_window"": true, ""origin"": ""selector"", ""source_id"": ""ia-5_smt.d""}, {""in_evidence_window"": true, ""origin"": ""selector"", ""source_id"": ""ia-5_smt.g""}, {""in_evidence_window"": true, ""origin"": ""selector"", ""source_id"": ""ia-5_smt.a""}, {""in_evidence_window"": true, ""origin"": ""selector"", ""source_id"": ""ia-5_smt.h""}, {""in_evidence_window"": true, ""origin"": ""selector"", ""source_id"": ""ia-5_smt.i""}, {""in_evidence_window"": true, ""origin"": ""selector"", ""source_id"": ""ia-5_gdn""}]"
rev4,15,What incident handling capability does IR-4 require the organization to implement?,4,4,0,0,0,4,True,True,True,True,,6a6b042da24c0dc85ed7f9d4b3ee2b9a806a3593706252d3233116cceb0181e8,ir-4_smt|ir-4_smt.a|ir-4_smt.b|ir-4_smt.c,ir-4_smt|ir-4_smt.a|ir-4_smt.b|ir-4_smt.c,,,,"[{""in_evidence_window"": true, ""origin"": ""selector"", ""source_id"": ""ir-4_smt""}, {""in_evidence_window"": true, ""origin"": ""selector"", ""source_id"": ""ir-4_smt.a""}, {""in_evidence_window"": true, ""origin"": ""selector"", ""source_id"": ""ir-4_smt.b""}, {""in_evidence_window"": true, ""origin"": ""selector"", ""source_id"": ""ir-4_smt.c""}]"
rev4,16,What does IR-6 require about reporting suspected security incidents and by when?,2,2,0,0,0,2,True,True,True,True,,1efa07829b54c4a0c5cddc615461a8a2a09ae442d5b72829b8e1fddbff9d5d2a,ir-6_smt|ir-6_smt.a,ir-6_smt|ir-6_smt.a,,,,"[{""in_evidence_window"": true, ""origin"": ""selector"", ""source_id"": ""ir-6_smt""}, {""in_evidence_window"": true, ""origin"": ""selector"", ""source_id"": ""ir-6_smt.a""}]"
rev4,17,What actions does MA-3 require the organization to do with information system maintenance tools?,2,2,0,0,0,2,True,True,True,True,,296a2ff4bba5cf05de25555d534b663666c8eb36c0ed1074c668add7932155de,ma-3_smt|ma-3_gdn,ma-3_smt|ma-3_gdn,,,,"[{""in_evidence_window"": true, ""origin"": ""selector"", ""source_id"": ""ma-3_smt""}, {""in_evidence_window"": true, ""origin"": ""selector"", ""source_id"": ""ma-3_gdn""}]"
rev4,18,Who must approve removing the system or components off-site for maintenance?,6,6,0,0,0,6,True,True,True,True,,a92f0495ad7544d1d55fe4458a5cd2245c2db778139fd2787288338b2a76f185,ma-2_smt.c|ma-2_smt|ma-2_smt.b|ma-2_smt.d|ma-2_smt.e|ma-2_smt.f,ma-2_smt.c|ma-2_smt|ma-2_smt.b|ma-2_smt.d|ma-2_smt.e|ma-2_smt.f,,,,"[{""in_evidence_window"": true, ""origin"": ""selector"", ""source_id"": ""ma-2_smt.c""}, {""in_evidence_window"": true, ""origin"": ""selector"", ""source_id"": ""ma-2_smt""}, {""in_evidence_window"": true, ""origin"": ""selector"", ""source_id"": ""ma-2_smt.b""}, {""in_evidence_window"": true, ""origin"": ""selector"", ""source_id"": ""ma-2_smt.d""}, {""in_evidence_window"": true, ""origin"": ""selector"", ""source_id"": ""ma-2_smt.e""}, {""in_evidence_window"": true, ""origin"": ""selector"", ""source_id"": ""ma-2_smt.f""}]"
rev4,19,What does MP-4 require for protecting information system media?,4,4,0,0,0,4,True,True,True,True,,0360232e7f7de7d638ad0a009156fee629de0ff61ffbf3b3635b3d121b26af70,mp-4_smt|mp-4_smt.a|mp-4_smt.b|mp-4_gdn,mp-4_smt|mp-4_smt.a|mp-4_smt.b|mp-4_gdn,,,,"[{""in_evidence_window"": true, ""origin"": ""selector"", ""source_id"": ""mp-4_smt""}, {""in_evidence_window"": true, ""origin"": ""selector"", ""source_id"": ""mp-4_smt.a""}, {""in_evidence_window"": true, ""origin"": ""selector"", ""source_id"": ""mp-4_smt.b""}, {""in_evidence_window"": true, ""origin"": ""selector"", ""source_id"": ""mp-4_gdn""}]"
rev4,20,What does MP-6 require for sanitizing media prior to disposal or release?,3,3,0,0,0,3,True,True,True,True,,ea6a1da0fb243ca72fa586de399f3de7d4f3c87ac37deeb710b7681775764f65,mp-6_smt|mp-6_smt.a|mp-6_smt.b,mp-6_smt|mp-6_smt.a|mp-6_smt.b,,,,"[{""in_evidence_window"": true, ""origin"": ""selector"", ""source_id"": ""mp-6_smt""}, {""in_evidence_window"": true, ""origin"": ""selector"", ""source_id"": ""mp-6_smt.a""}, {""in_evidence_window"": true, ""origin"": ""selector"", ""source_id"": ""mp-6_smt.b""}]"
rev4,21,What are the requirements for enforcing physical access authorizations at facility entry/exit points?,2,2,0,0,0,2,True,True,True,True,,d353154859d6276ee74774e4dcc6dff9fd3fc890cc98a46477a315d6015482c5,pe-3_smt.a.2|pe-3_smt.a.1,pe-3_smt.a.2|pe-3_smt.a.1,,,,"[{""in_evidence_window"": true, ""origin"": ""selector"", ""source_id"": ""pe-3_smt.a.2""}, {""in_evidence_window"": true, ""origin"": ""selector"", ""source_id"": ""pe-3_smt.a.1""}]"
rev4,22,What does PE-6 require regarding monitoring physical access to the facility?,5,5,0,0,0,5,True,True,True,True,,85bd3c632be844b84fe5ab7f2ae92b0c6032df744401f486b4fc977220183d17,pe-6_smt|pe-6_smt.a|pe-6_smt.b|pe-6_smt.c|pe-6_gdn,pe-6_smt|pe-6_smt.a|pe-6_smt.b|pe-6_smt.c|pe-6_gdn,,,,"[{""in_evidence_window"": true, ""origin"": ""selector"", ""source_id"": ""pe-6_smt""}, {""in_evidence_window"": true, ""origin"": ""selector"", ""source_id"": ""pe-6_smt.a""}, {""in_evidence_window"": true, ""origin"": ""selector"", ""source_id"": ""pe-6_smt.b""}, {""in_evidence_window"": true, ""origin"": ""selector"", ""source_id"": ""pe-6_smt.c""}, {""in_evidence_window"": true, ""origin"": ""selector"", ""source_id"": ""pe-6_gdn""}]"
rev4,23,What does PL-2 require for the security plan describing controls in place or planned?,5,2,0,3,0,5,True,True,True,True,,dbd59f70411fb8917b9e38b5d121344c679a31dfed15b1ff7cb77b1d22254a24,pl-2_smt.b|pl-2_smt.c|pl-2_smt|pl-2_smt.a.8|pl-2_gdn,pl-2_smt.a.8|pl-2_gdn,,pl-2_smt.b|pl-2_smt.c|pl-2_smt,,"[{""in_evidence_window"": true, ""origin"": ""rescue"", ""source_id"": ""pl-2_smt.b""}, {""in_evidence_window"": true, ""origin"": ""rescue"", ""source_id"": ""pl-2_smt.c""}, {""in_evidence_window"": true, ""origin"": ""rescue"", ""source_id"": ""pl-2_smt""}, {""in_evidence_window"": true, ""origin"": ""selector"", ""source_id"": ""pl-2_smt.a.8""}, {""in_evidence_window"": true, ""origin"": ""selector"", ""source_id"": ""pl-2_gdn""}]"
rev4,24,What does PL-4 require about establishing and disseminating rules of behavior to system users?,4,4,0,0,0,4,True,True,True,True,,6dc0878d3538508f338182b10a7d8594702f57c0b96fd22d876761815bba7432,pl-4_smt|pl-4_smt.a|pl-4_smt.c|pl-4_smt.d,pl-4_smt|pl-4_smt.a|pl-4_smt.c|pl-4_smt.d,,,,"[{""in_evidence_window"": true, ""origin"": ""selector"", ""source_id"": ""pl-4_smt""}, {""in_evidence_window"": true, ""origin"": ""selector"", ""source_id"": ""pl-4_smt.a""}, {""in_evidence_window"": true, ""origin"": ""selector"", ""source_id"": ""pl-4_smt.c""}, {""in_evidence_window"": true, ""origin"": ""selector"", ""source_id"": ""pl-4_smt.d""}]"
rev4,25,What does PM-1 require regarding an organization-wide information security program plan?,8,8,0,0,0,8,True,True,True,True,,3306ed039efbcccf26a18b5a5edeeea1e9a26d44b4fb9bdbcd580fcdb94a4b59,pm-1_smt|pm-1_smt.a|pm-1_smt.a.1|pm-1_smt.a.2|pm-1_smt.a.3|pm-1_smt.a.4|pm-1_smt.d|pm-1_smt.c,pm-1_smt|pm-1_smt.a|pm-1_smt.a.1|pm-1_smt.a.2|pm-1_smt.a.3|pm-1_smt.a.4|pm-1_smt.d|pm-1_smt.c,,,,"[{""in_evidence_window"": true, ""origin"": ""selector"", ""source_id"": ""pm-1_smt""}, {""in_evidence_window"": true, ""origin"": ""selector"", ""source_id"": ""pm-1_smt.a""}, {""in_evidence_window"": true, ""origin"": ""selector"", ""source_id"": ""pm-1_smt.a.1""}, {""in_evidence_window"": true, ""origin"": ""selector"", ""source_id"": ""pm-1_smt.a.2""}, {""in_evidence_window"": true, ""origin"": ""selector"", ""source_id"": ""pm-1_smt.a.3""}, {""in_evidence_window"": true, ""origin"": ""selector"", ""source_id"": ""pm-1_smt.a.4""}, {""in_evidence_window"": true, ""origin"": ""selector"", ""source_id"": ""pm-1_smt.d""}, {""in_evidence_window"": true, ""origin"": ""selector"", ""source_id"": ""pm-1_smt.c""}]"
rev4,26,"What specific documentation artifacts must the organization employ to record information security resource requirements during capital planning, and how must exceptions to resource inclusion be handled?",3,3,0,0,0,3,True,True,True,True,,f40bc8bd512359de9db694acf656d8f3e9ff09213e88bb77f6da87b0a14234ca,pm-3_smt.a|pm-3_smt.b|pm-3_gdn,pm-3_smt.a|pm-3_smt.b|pm-3_gdn,,,,"[{""in_evidence_window"": true, ""origin"": ""selector"", ""source_id"": ""pm-3_smt.a""}, {""in_evidence_window"": true, ""origin"": ""selector"", ""source_id"": ""pm-3_smt.b""}, {""in_evidence_window"": true, ""origin"": ""selector"", ""source_id"": ""pm-3_gdn""}]"
rev4,27,What does PS-2 require regarding position risk designations and screening criteria?,4,4,0,0,0,4,True,True,True,True,,d6c1a06048f629a40c49028b9c000c6d0cba524009d9b78c30fc1f9ed4faf034,ps-2_smt.a|ps-2_smt.b|ps-2_smt.c|ps-2_gdn,ps-2_smt.a|ps-2_smt.b|ps-2_smt.c|ps-2_gdn,,,,"[{""in_evidence_window"": true, ""origin"": ""selector"", ""source_id"": ""ps-2_smt.a""}, {""in_evidence_window"": true, ""origin"": ""selector"", ""source_id"": ""ps-2_smt.b""}, {""in_evidence_window"": true, ""origin"": ""selector"", ""source_id"": ""ps-2_smt.c""}, {""in_evidence_window"": true, ""origin"": ""selector"", ""source_id"": ""ps-2_gdn""}]"
rev4,28,What does PS-3 require before authorizing access to the information system?,2,2,0,0,0,2,True,True,True,True,,71e8d009bb29ee446c795de59a541d185d0bcecf4eae76e707a8b7c1c2ad78a4,ps-3_smt.a|ps-3_smt.b,ps-3_smt.a|ps-3_smt.b,,,,"[{""in_evidence_window"": true, ""origin"": ""selector"", ""source_id"": ""ps-3_smt.a""}, {""in_evidence_window"": true, ""origin"": ""selector"", ""source_id"": ""ps-3_smt.b""}]"
rev4,29,What does RA-2 require regarding categorizing the information system and its resident information?,4,4,0,0,0,4,True,True,True,True,,2d6431a75e70a43201f4bb61fb6402909f2ca0dc2ba03dc23c19a4db5b66706a,ra-2_smt.a|ra-2_smt.b|ra-2_smt.c|ra-2_gdn,ra-2_smt.a|ra-2_smt.b|ra-2_smt.c|ra-2_gdn,,,,"[{""in_evidence_window"": true, ""origin"": ""selector"", ""source_id"": ""ra-2_smt.a""}, {""in_evidence_window"": true, ""origin"": ""selector"", ""source_id"": ""ra-2_smt.b""}, {""in_evidence_window"": true, ""origin"": ""selector"", ""source_id"": ""ra-2_smt.c""}, {""in_evidence_window"": true, ""origin"": ""selector"", ""source_id"": ""ra-2_gdn""}]"
rev4,30,"What does RA-5 require for scanning vulnerabilities, including frequency and trigger conditions?",2,2,0,0,0,2,True,True,True,True,,d36861c6a3a8b197147f1bc688d85aca7a6c78907763a73ad3761388f83fd6b3,ra-5_smt|ra-5_gdn,ra-5_smt|ra-5_gdn,,,,"[{""in_evidence_window"": true, ""origin"": ""selector"", ""source_id"": ""ra-5_smt""}, {""in_evidence_window"": true, ""origin"": ""selector"", ""source_id"": ""ra-5_gdn""}]"
rev4,31,What does SA-3 require about managing the system?,4,4,0,0,0,4,True,True,True,True,,e4c8ba449444514e35c8f797fa1caa96a7813664692854041c5c13044790961d,sa-3_smt.a|sa-3_smt.b|sa-3_smt.c|sa-3_smt.d,sa-3_smt.a|sa-3_smt.b|sa-3_smt.c|sa-3_smt.d,,,,"[{""in_evidence_window"": true, ""origin"": ""selector"", ""source_id"": ""sa-3_smt.a""}, {""in_evidence_window"": true, ""origin"": ""selector"", ""source_id"": ""sa-3_smt.b""}, {""in_evidence_window"": true, ""origin"": ""selector"", ""source_id"": ""sa-3_smt.c""}, {""in_evidence_window"": true, ""origin"": ""selector"", ""source_id"": ""sa-3_smt.d""}]"
rev4,32,What does SA-4 require including in acquisition contracts for information systems?,6,6,0,0,0,6,True,True,True,True,,699f47f632744ac6df7b5e0287d48b18f1d018de11005acf23c297a3383bcbd1,sa-4_smt|sa-4_smt.c|sa-4_smt.d|sa-4_smt.e|sa-4_smt.f|sa-4_smt.g,sa-4_smt|sa-4_smt.c|sa-4_smt.d|sa-4_smt.e|sa-4_smt.f|sa-4_smt.g,,,,"[{""in_evidence_window"": true, ""origin"": ""selector"", ""source_id"": ""sa-4_smt""}, {""in_evidence_window"": true, ""origin"": ""selector"", ""source_id"": ""sa-4_smt.c""}, {""in_evidence_window"": true, ""origin"": ""selector"", ""source_id"": ""sa-4_smt.d""}, {""in_evidence_window"": true, ""origin"": ""selector"", ""source_id"": ""sa-4_smt.e""}, {""in_evidence_window"": true, ""origin"": ""selector"", ""source_id"": ""sa-4_smt.f""}, {""in_evidence_window"": true, ""origin"": ""selector"", ""source_id"": ""sa-4_smt.g""}]"
rev4,33,What does SC-7 require the system to do at external and key internal boundaries?,3,3,0,0,0,3,True,True,True,True,,fb9179bdf1637f36027a56381f2e4a088fb57a761170eabdf27aca77def0dff6,sc-7_smt|sc-7_smt.a|sc-7_smt.c,sc-7_smt|sc-7_smt.a|sc-7_smt.c,,,,"[{""in_evidence_window"": true, ""origin"": ""selector"", ""source_id"": ""sc-7_smt""}, {""in_evidence_window"": true, ""origin"": ""selector"", ""source_id"": ""sc-7_smt.a""}, {""in_evidence_window"": true, ""origin"": ""selector"", ""source_id"": ""sc-7_smt.c""}]"
rev4,34,What protections for transmitted information does SC-8 require?,2,2,0,0,0,2,True,True,True,True,,53f39e345e274bb83a088b62b9e714bddb8dccdc06d4d6967b7f8dc9d5738993,sc-8_smt|sc-8_gdn,sc-8_smt|sc-8_gdn,,,,"[{""in_evidence_window"": true, ""origin"": ""selector"", ""source_id"": ""sc-8_smt""}, {""in_evidence_window"": true, ""origin"": ""selector"", ""source_id"": ""sc-8_gdn""}]"
rev4,35,"What does SI-2 require for identifying, reporting, and correcting system flaws?",5,5,0,0,0,5,True,True,True,True,,3333b74bd8b33b8df47c7bd2e86bb32f9e2c33fa71009e57f8d24b99ea4c8905,si-2_smt|si-2_smt.a|si-2_smt.b|si-2_smt.c|si-2_smt.d,si-2_smt|si-2_smt.a|si-2_smt.b|si-2_smt.c|si-2_smt.d,,,,"[{""in_evidence_window"": true, ""origin"": ""selector"", ""source_id"": ""si-2_smt""}, {""in_evidence_window"": true, ""origin"": ""selector"", ""source_id"": ""si-2_smt.a""}, {""in_evidence_window"": true, ""origin"": ""selector"", ""source_id"": ""si-2_smt.b""}, {""in_evidence_window"": true, ""origin"": ""selector"", ""source_id"": ""si-2_smt.c""}, {""in_evidence_window"": true, ""origin"": ""selector"", ""source_id"": ""si-2_smt.d""}]"
rev4,36,"What monitoring does SI-4 require to detect attacks, indicators, and unauthorized connections?",3,3,0,0,0,3,True,True,True,True,,e1d81ba688750981fcd5580d8bfea4055e25146eede8203d74c0f442072509ad,si-4_smt.a|si-4_smt.a.1|si-4_smt.a.2,si-4_smt.a|si-4_smt.a.1|si-4_smt.a.2,,,,"[{""in_evidence_window"": true, ""origin"": ""selector"", ""source_id"": ""si-4_smt.a""}, {""in_evidence_window"": true, ""origin"": ""selector"", ""source_id"": ""si-4_smt.a.1""}, {""in_evidence_window"": true, ""origin"": ""selector"", ""source_id"": ""si-4_smt.a.2""}]"
