question,control_id,rank,top_1_hit,is_hit_at_1,is_hit_at_5,is_hit_at_10,retrieved_ids,odp_required
What must an organization enforce regarding logical access to its information and systems?,AC-3,1,AC-3,True,True,True,"['AC-3', 'AC-4(3)', 'AC-4', 'SA-17(01)', 'CM-5', 'PL-4(1)', 'AC-20', 'IA-12(01)', 'AC-17(06)', 'AC-20(03)']",
How must a system be configured to handle consecutive invalid logon attempts?,AC-7,1,AC-7,True,True,True,"['AC-7', 'AC-7(3)', 'AC-9(2)', 'AC-9(1)', 'AC-7(4)', 'AC-7(2)', 'SC-23(01)', 'AU-5(4)', 'AC-9', 'AU-5']",
What information must each audit record contain to support after-the-fact investigation of security incidents?,AU-3,1,AU-3,True,True,True,"['AU-3', 'AU-11', 'AU-6(9)', 'AU-6(5)', 'AU-6(3)', 'AU-3(1)', 'AU-6(4)', 'SI-7(8)', 'AU-6(6)', 'IR-8(1)']",
What are the primary responsibilities of an authorizing official regarding system authorization and risk determination?,CA-6,1,CA-6,True,True,True,"['CA-6', 'PM-10', 'CA-6(2)', 'CA-6(1)', 'CA-1', 'PM-29', 'CM-5(4)', 'SA-4(9)', 'SA-1', 'AC-3(2)']",
What are the lifecycle requirements for system baseline configurations?,CM-2,1,CM-2,True,True,True,"['CM-2', 'CM-2(6)', 'SA-4(5)', 'PL-10', 'CM-2(3)', 'CM-2(2)', 'CM-3(3)', 'SA-8(30)', 'SA-4(9)', 'SA-4(3)']",
What must an organization do to manage configuration-controlled changes?,CM-3,2,CM-3(8),False,True,True,"['CM-3(8)', 'CM-3', 'SA-10', 'PL-9', 'CM-3(6)', 'CM-3(2)', 'CM-9', 'CM-1', 'CM-3(5)', 'CM-9(1)']",
What should be analyzed before implementing a system change?,CM-4,2,SR-5(2),False,True,True,"['SR-5(2)', 'CM-4', 'CM-3(7)', 'CM-3(2)', 'SA-11(01)', 'SA-15(08)', 'SA-15(06)', 'CM-8(1)', 'RA-5(2)', 'SA-11(08)']",
"What are the requirements for developing, maintaining, and updating a system component inventory?",CM-8,4,CM-8(1),False,True,True,"['CM-8(1)', 'PM-5', 'SA-15(11)', 'CM-8', 'SA-4(9)', 'CM-8(7)', 'CM-8(2)', 'SA-15(08)', 'SA-17(04)', 'SA-15(06)']",
What information should organizations maintain and analyze when documenting and reviewing security incidents?,IR-5,1,IR-5,True,True,True,"['IR-5', 'IR-6(2)', 'AU-6(9)', 'IR-5(1)', 'SI-4(2)', 'SI-7(7)', 'IR-6', 'RA-5(4)', 'SI-5(1)', 'MA-3(2)']",
What are the key considerations for a controlled system maintenance program?,MA-2,2,MA-3,False,True,True,"['MA-3', 'MA-2', 'SA-4(8)', 'SA-3(1)', 'SR-11(02)', 'CM-3(8)', 'CM-3(2)', 'MA-1', 'SA-3(2)', 'CP-2(8)']",
What process should be established for authorizing maintenance personnel and ensuring appropriate escorting and access control during maintenance?,MA-5,1,MA-5,True,True,True,"['MA-5', 'MA-5(5)', 'MA-5(1)', 'PM-10', 'CA-6', 'PE-2(1)', 'MA-1', 'MA-3(4)', 'PE-8(1)', 'MA-4(6)']",
What is the guidance of control PL-2?,PL-2,8,PL-2(2),False,False,True,"['PL-2(2)', 'PL-2(1)', 'PL-2(3)', 'PL-4(1)', 'PL-1', 'PT-2(2)', 'MP-2(1)', 'PL-2', 'PE-2(2)', 'PL-10']",
What should security and privacy architectures describe to ensure protection of information and integration with the enterprise architecture?,PL-8,2,PM-7,False,True,True,"['PM-7', 'PL-8', 'SA-17', 'PL-8(1)', 'AC-16(08)', 'SA-8', 'PL-2', 'AC-16', 'SA-4(1)', 'AC-4(11)']",
"How does the concept of tailoring allow organizations to customize control baselines to their mission, environment, and risk profile?",PL-10,2,PL-11,False,True,True,"['PL-11', 'PL-10', 'CM-2(6)', 'CP-10(03)', 'RA-2(1)', 'PM-11', 'CM-3(3)', 'CA-2(3)', 'SR-3(2)', 'CM-2']",
"What considerations must be incorporated into the enterprise architecture to address security, privacy, and risk?",PM-7,1,PM-7,True,True,True,"['PM-7', 'PL-8', 'PL-8(1)', 'SA-17', 'SA-3', 'PM-11', 'PL-2', 'SA-8(8)', 'SA-17(08)', 'SA-8']",
"What are the key components of an organization's risk management strategy, and how should it be implemented and updated?",PM-9,1,PM-9,True,True,True,"['PM-9', 'PM-30', 'PM-4', 'PM-29', 'RA-1', 'PM-28', 'PM-14', 'PM-10', 'CA-1', 'CA-7(4)']",
What steps must be taken when an individual's employment or role is terminated?,PS-4,2,PS-4(1),False,True,True,"['PS-4(1)', 'PS-4', 'PS-4(2)', 'PS-6(3)', 'PS-8', 'MP-6(1)', 'SI-18(04)', 'SI-19', 'PM-10', 'SI-19(03)']",
"What must organizations identify and document about the purposes and conditions for collecting, using, and sharing PII, and how should they handle changes to those purposes?",PT-3,1,PT-3,True,True,True,"['PT-3', 'PT-2', 'SI-12', 'AC-17(06)', 'PT-7', 'PT-1', 'AC-20(03)', 'CA-3', 'PM-11', 'PE-2(2)']",
"What steps are required to categorize a system and its information, and who must approve the decision?",RA-2,1,RA-2,True,True,True,"['RA-2', 'SA-4(9)', 'SA-4(2)', 'SA-15(02)', 'SA-15(11)', 'PM-10', 'SA-15(08)', 'RA-2(1)', 'CA-3', 'SA-17(01)']",
"How should organizations conduct and document risk assessments, and how often should the results be reviewed?",RA-3,1,RA-3,True,True,True,"['RA-3', 'RA-1', 'RA-7', 'PM-14', 'PM-28', 'CA-2(1)', 'PM-10', 'CA-1', 'CA-2(3)', 'SA-9(1)']",
What are developers required to produce and correct under a system's security and privacy assessment plan?,SA-11,1,SA-11,True,True,True,"['SA-11', 'SA-17', 'SA-15(06)', 'SA-15(02)', 'SA-11(03)', 'SA-11(06)', 'SA-15', 'SA-17(06)', 'SA-11(02)', 'SA-10(04)']",
What measures should be implemented to protect the confidentiality and integrity of transmitted information across internal and external networks?,SC-8,2,AC-17(02),False,True,True,"['AC-17(02)', 'SC-8', 'SC-8(3)', 'SC-8(1)', 'SC-7(3)', 'SI-4(10)', 'SC-7', 'SC-7(4)', 'SC-7(10)', 'SC-7(9)']",
"How should cryptographic mechanisms be selected and implemented to comply with applicable laws, policies, and standards?",SC-13,7,IA-7,False,False,True,"['IA-7', 'SC-16(03)', 'CP-9(8)', 'SC-28(01)', 'SI-7(6)', 'CM-3(6)', 'SC-13', 'SC-40(02)', 'SC-40(01)', 'SC-8(1)']",
