dataset,query_id,query_ord,original_query,rewrite_rank,rewritten_query,model_id,gen_params_json,timestamp_et
rev4,1,1,What does AC-2 require the organization to do when managing information system accounts?,0,What are the specific actions required by AC-2 for managing information system accounts?,Qwen/Qwen2.5-7B-Instruct,"{""model_id"": ""Qwen/Qwen2.5-7B-Instruct"", ""temperature"": 0.5, ""top_p"": 0.9, ""max_new_tokens"": 80, ""n_rewrites"": 3, ""seed"": 42}",2025-11-07 22:58:12-0500
rev4,1,1,What does AC-2 require the organization to do when managing information system accounts?,1,What technical measures must an organization implement according to AC-2 for account management in information systems?,Qwen/Qwen2.5-7B-Instruct,"{""model_id"": ""Qwen/Qwen2.5-7B-Instruct"", ""temperature"": 0.5, ""top_p"": 0.9, ""max_new_tokens"": 80, ""n_rewrites"": 3, ""seed"": 42}",2025-11-07 22:58:12-0500
rev4,1,1,What does AC-2 require the organization to do when managing information system accounts?,2,"When managing information system accounts, what are the mandatory steps that AC-2 demands organizations to follow?",Qwen/Qwen2.5-7B-Instruct,"{""model_id"": ""Qwen/Qwen2.5-7B-Instruct"", ""temperature"": 0.5, ""top_p"": 0.9, ""max_new_tokens"": 80, ""n_rewrites"": 3, ""seed"": 42}",2025-11-07 22:58:12-0500
rev4,2,2,What principle does AC-6 require the organization to employ for user/system access?,0,What principle must organizations implement according to AC-6 for user/system access?,Qwen/Qwen2.5-7B-Instruct,"{""model_id"": ""Qwen/Qwen2.5-7B-Instruct"", ""temperature"": 0.5, ""top_p"": 0.9, ""max_new_tokens"": 80, ""n_rewrites"": 3, ""seed"": 42}",2025-11-07 22:58:12-0500
rev4,2,2,What principle does AC-6 require the organization to employ for user/system access?,1,Which principle does AC-6 mandate for managing user/system access?,Qwen/Qwen2.5-7B-Instruct,"{""model_id"": ""Qwen/Qwen2.5-7B-Instruct"", ""temperature"": 0.5, ""top_p"": 0.9, ""max_new_tokens"": 80, ""n_rewrites"": 3, ""seed"": 42}",2025-11-07 22:58:12-0500
rev4,2,2,What principle does AC-6 require the organization to employ for user/system access?,2,What key principle is required by AC-6 concerning user/system access management?,Qwen/Qwen2.5-7B-Instruct,"{""model_id"": ""Qwen/Qwen2.5-7B-Instruct"", ""temperature"": 0.5, ""top_p"": 0.9, ""max_new_tokens"": 80, ""n_rewrites"": 3, ""seed"": 42}",2025-11-07 22:58:12-0500
rev4,3,3,What security awareness training must the organization provide and when?,0,What specific security awareness training is required and at what intervals must it be provided?,Qwen/Qwen2.5-7B-Instruct,"{""model_id"": ""Qwen/Qwen2.5-7B-Instruct"", ""temperature"": 0.5, ""top_p"": 0.9, ""max_new_tokens"": 80, ""n_rewrites"": 3, ""seed"": 42}",2025-11-07 22:58:12-0500
rev4,3,3,What security awareness training must the organization provide and when?,1,Which security awareness programs are mandatory and how often should they be conducted?,Qwen/Qwen2.5-7B-Instruct,"{""model_id"": ""Qwen/Qwen2.5-7B-Instruct"", ""temperature"": 0.5, ""top_p"": 0.9, ""max_new_tokens"": 80, ""n_rewrites"": 3, ""seed"": 42}",2025-11-07 22:58:12-0500
rev4,3,3,What security awareness training must the organization provide and when?,2,What kinds of security awareness training are necessary and when should they be given to employees?,Qwen/Qwen2.5-7B-Instruct,"{""model_id"": ""Qwen/Qwen2.5-7B-Instruct"", ""temperature"": 0.5, ""top_p"": 0.9, ""max_new_tokens"": 80, ""n_rewrites"": 3, ""seed"": 42}",2025-11-07 22:58:12-0500
rev4,4,4,What are the requirements for role-based security training and timing of delivery?,0,What are the necessary elements and timing for role-based security training?,Qwen/Qwen2.5-7B-Instruct,"{""model_id"": ""Qwen/Qwen2.5-7B-Instruct"", ""temperature"": 0.5, ""top_p"": 0.9, ""max_new_tokens"": 80, ""n_rewrites"": 3, ""seed"": 42}",2025-11-07 22:58:12-0500
rev4,4,4,What are the requirements for role-based security training and timing of delivery?,1,What are the essential components and scheduling for role-based security training programs?,Qwen/Qwen2.5-7B-Instruct,"{""model_id"": ""Qwen/Qwen2.5-7B-Instruct"", ""temperature"": 0.5, ""top_p"": 0.9, ""max_new_tokens"": 80, ""n_rewrites"": 3, ""seed"": 42}",2025-11-07 22:58:12-0500
rev4,4,4,What are the requirements for role-based security training and timing of delivery?,2,What do we need to consider and when should role-based security training be delivered?,Qwen/Qwen2.5-7B-Instruct,"{""model_id"": ""Qwen/Qwen2.5-7B-Instruct"", ""temperature"": 0.5, ""top_p"": 0.9, ""max_new_tokens"": 80, ""n_rewrites"": 3, ""seed"": 42}",2025-11-07 22:58:12-0500
rev4,5,5,What must the organization determine about events within the information system?,0,What technical determinations must an organization make regarding events in its information system?,Qwen/Qwen2.5-7B-Instruct,"{""model_id"": ""Qwen/Qwen2.5-7B-Instruct"", ""temperature"": 0.5, ""top_p"": 0.9, ""max_new_tokens"": 80, ""n_rewrites"": 3, ""seed"": 42}",2025-11-07 22:58:12-0500
rev4,5,5,What must the organization determine about events within the information system?,1,Must an organization identify key determinations for events occurring within its information system?,Qwen/Qwen2.5-7B-Instruct,"{""model_id"": ""Qwen/Qwen2.5-7B-Instruct"", ""temperature"": 0.5, ""top_p"": 0.9, ""max_new_tokens"": 80, ""n_rewrites"": 3, ""seed"": 42}",2025-11-07 22:58:12-0500
rev4,5,5,What must the organization determine about events within the information system?,2,What critical assessments should an organization perform on events within its information system?,Qwen/Qwen2.5-7B-Instruct,"{""model_id"": ""Qwen/Qwen2.5-7B-Instruct"", ""temperature"": 0.5, ""top_p"": 0.9, ""max_new_tokens"": 80, ""n_rewrites"": 3, ""seed"": 42}",2025-11-07 22:58:12-0500
rev4,6,6,What audit record contents are the system required to generate?,0,What specific contents must the system generate in audit records?,Qwen/Qwen2.5-7B-Instruct,"{""model_id"": ""Qwen/Qwen2.5-7B-Instruct"", ""temperature"": 0.5, ""top_p"": 0.9, ""max_new_tokens"": 80, ""n_rewrites"": 3, ""seed"": 42}",2025-11-07 22:58:12-0500
rev4,6,6,What audit record contents are the system required to generate?,1,What technical details are necessary for the system to include in audit records?,Qwen/Qwen2.5-7B-Instruct,"{""model_id"": ""Qwen/Qwen2.5-7B-Instruct"", ""temperature"": 0.5, ""top_p"": 0.9, ""max_new_tokens"": 80, ""n_rewrites"": 3, ""seed"": 42}",2025-11-07 22:58:12-0500
rev4,6,6,What audit record contents are the system required to generate?,2,Which elements are mandated to be recorded by the system in audit logs?,Qwen/Qwen2.5-7B-Instruct,"{""model_id"": ""Qwen/Qwen2.5-7B-Instruct"", ""temperature"": 0.5, ""top_p"": 0.9, ""max_new_tokens"": 80, ""n_rewrites"": 3, ""seed"": 42}",2025-11-07 22:58:12-0500
rev4,7,7,What are the requirements regarding assessment of security controls and frequency?,0,What are the specific requirements for evaluating security controls and their assessment frequency?,Qwen/Qwen2.5-7B-Instruct,"{""model_id"": ""Qwen/Qwen2.5-7B-Instruct"", ""temperature"": 0.5, ""top_p"": 0.9, ""max_new_tokens"": 80, ""n_rewrites"": 3, ""seed"": 42}",2025-11-07 22:58:12-0500
rev4,7,7,What are the requirements regarding assessment of security controls and frequency?,1,Are there defined standards for assessing security controls and how often this should be done?,Qwen/Qwen2.5-7B-Instruct,"{""model_id"": ""Qwen/Qwen2.5-7B-Instruct"", ""temperature"": 0.5, ""top_p"": 0.9, ""max_new_tokens"": 80, ""n_rewrites"": 3, ""seed"": 42}",2025-11-07 22:58:12-0500
rev4,7,7,What are the requirements regarding assessment of security controls and frequency?,2,What guidelines exist for the evaluation of security controls and their required assessment frequency?,Qwen/Qwen2.5-7B-Instruct,"{""model_id"": ""Qwen/Qwen2.5-7B-Instruct"", ""temperature"": 0.5, ""top_p"": 0.9, ""max_new_tokens"": 80, ""n_rewrites"": 3, ""seed"": 42}",2025-11-07 22:58:12-0500
rev4,8,8,What elements must be included in the continuous monitoring strategy and program?,0,What technical elements should be part of a continuous monitoring strategy and program?,Qwen/Qwen2.5-7B-Instruct,"{""model_id"": ""Qwen/Qwen2.5-7B-Instruct"", ""temperature"": 0.5, ""top_p"": 0.9, ""max_new_tokens"": 80, ""n_rewrites"": 3, ""seed"": 42}",2025-11-07 22:58:12-0500
rev4,8,8,What elements must be included in the continuous monitoring strategy and program?,1,Which key components need to be incorporated into a continuous monitoring strategy and program?,Qwen/Qwen2.5-7B-Instruct,"{""model_id"": ""Qwen/Qwen2.5-7B-Instruct"", ""temperature"": 0.5, ""top_p"": 0.9, ""max_new_tokens"": 80, ""n_rewrites"": 3, ""seed"": 42}",2025-11-07 22:58:12-0500
rev4,8,8,What elements must be included in the continuous monitoring strategy and program?,2,Can you outline the essential elements that should be included in a continuous monitoring strategy and program?,Qwen/Qwen2.5-7B-Instruct,"{""model_id"": ""Qwen/Qwen2.5-7B-Instruct"", ""temperature"": 0.5, ""top_p"": 0.9, ""max_new_tokens"": 80, ""n_rewrites"": 3, ""seed"": 42}",2025-11-07 22:58:12-0500
rev4,9,9,What does CM-2 require regarding the baseline configuration of the information system?,0,What specific requirements does CM-2 have for the baseline configuration of the information system?,Qwen/Qwen2.5-7B-Instruct,"{""model_id"": ""Qwen/Qwen2.5-7B-Instruct"", ""temperature"": 0.5, ""top_p"": 0.9, ""max_new_tokens"": 80, ""n_rewrites"": 3, ""seed"": 42}",2025-11-07 22:58:12-0500
rev4,9,9,What does CM-2 require regarding the baseline configuration of the information system?,1,What technical specifications does CM-2 mandate for the foundational setup of the information system?,Qwen/Qwen2.5-7B-Instruct,"{""model_id"": ""Qwen/Qwen2.5-7B-Instruct"", ""temperature"": 0.5, ""top_p"": 0.9, ""max_new_tokens"": 80, ""n_rewrites"": 3, ""seed"": 42}",2025-11-07 22:58:12-0500
rev4,9,9,What does CM-2 require regarding the baseline configuration of the information system?,2,What are the detailed stipulations that CM-2 imposes on the initial configuration of the information system?,Qwen/Qwen2.5-7B-Instruct,"{""model_id"": ""Qwen/Qwen2.5-7B-Instruct"", ""temperature"": 0.5, ""top_p"": 0.9, ""max_new_tokens"": 80, ""n_rewrites"": 3, ""seed"": 42}",2025-11-07 22:58:12-0500
rev4,10,10,What are the requirements for establishing and documenting configuration settings?,0,What technical requirements must be followed when setting up and recording configuration settings?,Qwen/Qwen2.5-7B-Instruct,"{""model_id"": ""Qwen/Qwen2.5-7B-Instruct"", ""temperature"": 0.5, ""top_p"": 0.9, ""max_new_tokens"": 80, ""n_rewrites"": 3, ""seed"": 42}",2025-11-07 22:58:12-0500
rev4,10,10,What are the requirements for establishing and documenting configuration settings?,1,Are there specific criteria needed for defining and maintaining configuration settings documentation?,Qwen/Qwen2.5-7B-Instruct,"{""model_id"": ""Qwen/Qwen2.5-7B-Instruct"", ""temperature"": 0.5, ""top_p"": 0.9, ""max_new_tokens"": 80, ""n_rewrites"": 3, ""seed"": 42}",2025-11-07 22:58:12-0500
rev4,10,10,What are the requirements for establishing and documenting configuration settings?,2,What standards should be applied to create and document configuration settings?,Qwen/Qwen2.5-7B-Instruct,"{""model_id"": ""Qwen/Qwen2.5-7B-Instruct"", ""temperature"": 0.5, ""top_p"": 0.9, ""max_new_tokens"": 80, ""n_rewrites"": 3, ""seed"": 42}",2025-11-07 22:58:12-0500
rev4,11,11,What does CP-2 require in developing a contingency plan for the information system?,0,What are the key requirements for developing a contingency plan under CP-2?,Qwen/Qwen2.5-7B-Instruct,"{""model_id"": ""Qwen/Qwen2.5-7B-Instruct"", ""temperature"": 0.5, ""top_p"": 0.9, ""max_new_tokens"": 80, ""n_rewrites"": 3, ""seed"": 42}",2025-11-07 22:58:12-0500
rev4,11,11,What does CP-2 require in developing a contingency plan for the information system?,1,What technical elements must be included in a contingency plan as per CP-2?,Qwen/Qwen2.5-7B-Instruct,"{""model_id"": ""Qwen/Qwen2.5-7B-Instruct"", ""temperature"": 0.5, ""top_p"": 0.9, ""max_new_tokens"": 80, ""n_rewrites"": 3, ""seed"": 42}",2025-11-07 22:58:12-0500
rev4,11,11,What does CP-2 require in developing a contingency plan for the information system?,2,Can you outline the necessary components of a contingency plan according to CP-2?,Qwen/Qwen2.5-7B-Instruct,"{""model_id"": ""Qwen/Qwen2.5-7B-Instruct"", ""temperature"": 0.5, ""top_p"": 0.9, ""max_new_tokens"": 80, ""n_rewrites"": 3, ""seed"": 42}",2025-11-07 22:58:12-0500
rev4,12,12,What does CP-9 require for conducting and protecting backups at the storage location?,0,What are the requirements under CP-9 for performing and securing backups at the storage site?,Qwen/Qwen2.5-7B-Instruct,"{""model_id"": ""Qwen/Qwen2.5-7B-Instruct"", ""temperature"": 0.5, ""top_p"": 0.9, ""max_new_tokens"": 80, ""n_rewrites"": 3, ""seed"": 42}",2025-11-07 22:58:12-0500
rev4,12,12,What does CP-9 require for conducting and protecting backups at the storage location?,1,What technical measures does CP-9 mandate for conducting and safeguarding backups at the storage facility?,Qwen/Qwen2.5-7B-Instruct,"{""model_id"": ""Qwen/Qwen2.5-7B-Instruct"", ""temperature"": 0.5, ""top_p"": 0.9, ""max_new_tokens"": 80, ""n_rewrites"": 3, ""seed"": 42}",2025-11-07 22:58:12-0500
rev4,12,12,What does CP-9 require for conducting and protecting backups at the storage location?,2,Can you outline the security protocols specified by CP-9 for executing and protecting backups at the storage location?,Qwen/Qwen2.5-7B-Instruct,"{""model_id"": ""Qwen/Qwen2.5-7B-Instruct"", ""temperature"": 0.5, ""top_p"": 0.9, ""max_new_tokens"": 80, ""n_rewrites"": 3, ""seed"": 42}",2025-11-07 22:58:12-0500
rev4,13,13,What identification and authentication requirement does IA-2 specify for organizational users?,0,IA-2 specifies what identification and authentication requirements for organizational users?,Qwen/Qwen2.5-7B-Instruct,"{""model_id"": ""Qwen/Qwen2.5-7B-Instruct"", ""temperature"": 0.5, ""top_p"": 0.9, ""max_new_tokens"": 80, ""n_rewrites"": 3, ""seed"": 42}",2025-11-07 22:58:12-0500
rev4,13,13,What identification and authentication requirement does IA-2 specify for organizational users?,1,What are the identification and authentication standards outlined in IA-2 for organizational users?,Qwen/Qwen2.5-7B-Instruct,"{""model_id"": ""Qwen/Qwen2.5-7B-Instruct"", ""temperature"": 0.5, ""top_p"": 0.9, ""max_new_tokens"": 80, ""n_rewrites"": 3, ""seed"": 42}",2025-11-07 22:58:12-0500
rev4,13,13,What identification and authentication requirement does IA-2 specify for organizational users?,2,Can you detail the identification and authentication requirements specified by IA-2 for organizational users?,Qwen/Qwen2.5-7B-Instruct,"{""model_id"": ""Qwen/Qwen2.5-7B-Instruct"", ""temperature"": 0.5, ""top_p"": 0.9, ""max_new_tokens"": 80, ""n_rewrites"": 3, ""seed"": 42}",2025-11-07 22:58:12-0500
rev4,14,14,"What processes are in place to securely create, distribute, protect, and revoke authenticators such as passwords, tokens, or certificates?",0,"Are there established procedures for secure creation, distribution, protection, and revocation of authentication mechanisms like passwords, tokens, or certificates?",Qwen/Qwen2.5-7B-Instruct,"{""model_id"": ""Qwen/Qwen2.5-7B-Instruct"", ""temperature"": 0.5, ""top_p"": 0.9, ""max_new_tokens"": 80, ""n_rewrites"": 3, ""seed"": 42}",2025-11-07 22:58:12-0500
rev4,14,14,"What processes are in place to securely create, distribute, protect, and revoke authenticators such as passwords, tokens, or certificates?",1,"What are the secure methods for generating, disseminating, safeguarding, and invalidating authenticators including passwords, tokens, or certificates?",Qwen/Qwen2.5-7B-Instruct,"{""model_id"": ""Qwen/Qwen2.5-7B-Instruct"", ""temperature"": 0.5, ""top_p"": 0.9, ""max_new_tokens"": 80, ""n_rewrites"": 3, ""seed"": 42}",2025-11-07 22:58:12-0500
rev4,14,14,"What processes are in place to securely create, distribute, protect, and revoke authenticators such as passwords, tokens, or certificates?",2,"Can you outline the secure processes for creating, spreading, preserving, and canceling authenticators such as passwords, tokens, or certificates?",Qwen/Qwen2.5-7B-Instruct,"{""model_id"": ""Qwen/Qwen2.5-7B-Instruct"", ""temperature"": 0.5, ""top_p"": 0.9, ""max_new_tokens"": 80, ""n_rewrites"": 3, ""seed"": 42}",2025-11-07 22:58:12-0500
rev4,15,15,What incident handling capability does IR-4 require the organization to implement?,0,What specific incident handling capabilities must the organization implement according to IR-4?,Qwen/Qwen2.5-7B-Instruct,"{""model_id"": ""Qwen/Qwen2.5-7B-Instruct"", ""temperature"": 0.5, ""top_p"": 0.9, ""max_new_tokens"": 80, ""n_rewrites"": 3, ""seed"": 42}",2025-11-07 22:58:12-0500
rev4,15,15,What incident handling capability does IR-4 require the organization to implement?,1,Which incident response measures are required by IR-4 for the organization to handle incidents?,Qwen/Qwen2.5-7B-Instruct,"{""model_id"": ""Qwen/Qwen2.5-7B-Instruct"", ""temperature"": 0.5, ""top_p"": 0.9, ""max_new_tokens"": 80, ""n_rewrites"": 3, ""seed"": 42}",2025-11-07 22:58:12-0500
rev4,15,15,What incident handling capability does IR-4 require the organization to implement?,2,What are the mandatory incident handling practices that IR-4 necessitates for the organization?,Qwen/Qwen2.5-7B-Instruct,"{""model_id"": ""Qwen/Qwen2.5-7B-Instruct"", ""temperature"": 0.5, ""top_p"": 0.9, ""max_new_tokens"": 80, ""n_rewrites"": 3, ""seed"": 42}",2025-11-07 22:58:12-0500
rev4,16,16,What does IR-6 require about reporting suspected security incidents and by when?,0,What are the reporting requirements for suspected security incidents under IR-6 and what is the deadline?,Qwen/Qwen2.5-7B-Instruct,"{""model_id"": ""Qwen/Qwen2.5-7B-Instruct"", ""temperature"": 0.5, ""top_p"": 0.9, ""max_new_tokens"": 80, ""n_rewrites"": 3, ""seed"": 42}",2025-11-07 22:58:12-0500
rev4,16,16,What does IR-6 require about reporting suspected security incidents and by when?,1,What technical standards does IR-6 impose on the reporting of suspected security incidents and when must they be reported?,Qwen/Qwen2.5-7B-Instruct,"{""model_id"": ""Qwen/Qwen2.5-7B-Instruct"", ""temperature"": 0.5, ""top_p"": 0.9, ""max_new_tokens"": 80, ""n_rewrites"": 3, ""seed"": 42}",2025-11-07 22:58:12-0500
rev4,16,16,What does IR-6 require about reporting suspected security incidents and by when?,2,What must organizations do regarding the reporting of suspected security incidents according to IR-6 and within what timeframe?,Qwen/Qwen2.5-7B-Instruct,"{""model_id"": ""Qwen/Qwen2.5-7B-Instruct"", ""temperature"": 0.5, ""top_p"": 0.9, ""max_new_tokens"": 80, ""n_rewrites"": 3, ""seed"": 42}",2025-11-07 22:58:12-0500
rev4,18,17,Who must approve removing the system or components off-site for maintenance?,0,What controls must be in place for approving the removal of systems or components off-site for maintenance?,Qwen/Qwen2.5-7B-Instruct,"{""model_id"": ""Qwen/Qwen2.5-7B-Instruct"", ""temperature"": 0.5, ""top_p"": 0.9, ""max_new_tokens"": 80, ""n_rewrites"": 3, ""seed"": 42}",2025-11-07 22:58:12-0500
rev4,18,17,Who must approve removing the system or components off-site for maintenance?,1,Must there be specific roles responsible for approving the removal of systems or components off-site for maintenance?,Qwen/Qwen2.5-7B-Instruct,"{""model_id"": ""Qwen/Qwen2.5-7B-Instruct"", ""temperature"": 0.5, ""top_p"": 0.9, ""max_new_tokens"": 80, ""n_rewrites"": 3, ""seed"": 42}",2025-11-07 22:58:12-0500
rev4,18,17,Who must approve removing the system or components off-site for maintenance?,2,Who needs to give the final OK for taking systems or components off-site for maintenance purposes?,Qwen/Qwen2.5-7B-Instruct,"{""model_id"": ""Qwen/Qwen2.5-7B-Instruct"", ""temperature"": 0.5, ""top_p"": 0.9, ""max_new_tokens"": 80, ""n_rewrites"": 3, ""seed"": 42}",2025-11-07 22:58:12-0500
rev4,17,18,What actions does MA-3 require the organization to do with information system maintenance tools?,0,What specific actions must an organization take regarding information system maintenance tools according to MA-3?,Qwen/Qwen2.5-7B-Instruct,"{""model_id"": ""Qwen/Qwen2.5-7B-Instruct"", ""temperature"": 0.5, ""top_p"": 0.9, ""max_new_tokens"": 80, ""n_rewrites"": 3, ""seed"": 42}",2025-11-07 22:58:12-0500
rev4,17,18,What actions does MA-3 require the organization to do with information system maintenance tools?,1,What technical measures are mandated by MA-3 for the management and upkeep of information system maintenance tools?,Qwen/Qwen2.5-7B-Instruct,"{""model_id"": ""Qwen/Qwen2.5-7B-Instruct"", ""temperature"": 0.5, ""top_p"": 0.9, ""max_new_tokens"": 80, ""n_rewrites"": 3, ""seed"": 42}",2025-11-07 22:58:12-0500
rev4,17,18,What actions does MA-3 require the organization to do with information system maintenance tools?,2,Which information system maintenance tool management practices are compulsory under MA-3 for organizations to implement?,Qwen/Qwen2.5-7B-Instruct,"{""model_id"": ""Qwen/Qwen2.5-7B-Instruct"", ""temperature"": 0.5, ""top_p"": 0.9, ""max_new_tokens"": 80, ""n_rewrites"": 3, ""seed"": 42}",2025-11-07 22:58:12-0500
rev4,19,19,What does MP-4 require for protecting information system media?,0,What are the requirements for protecting information system media under MP-4?,Qwen/Qwen2.5-7B-Instruct,"{""model_id"": ""Qwen/Qwen2.5-7B-Instruct"", ""temperature"": 0.5, ""top_p"": 0.9, ""max_new_tokens"": 80, ""n_rewrites"": 3, ""seed"": 42}",2025-11-07 22:58:12-0500
rev4,19,19,What does MP-4 require for protecting information system media?,1,MP-4 what measures are necessary for safeguarding information system media?,Qwen/Qwen2.5-7B-Instruct,"{""model_id"": ""Qwen/Qwen2.5-7B-Instruct"", ""temperature"": 0.5, ""top_p"": 0.9, ""max_new_tokens"": 80, ""n_rewrites"": 3, ""seed"": 42}",2025-11-07 22:58:12-0500
rev4,19,19,What does MP-4 require for protecting information system media?,2,What stipulations must be followed to secure information system media according to MP-4?,Qwen/Qwen2.5-7B-Instruct,"{""model_id"": ""Qwen/Qwen2.5-7B-Instruct"", ""temperature"": 0.5, ""top_p"": 0.9, ""max_new_tokens"": 80, ""n_rewrites"": 3, ""seed"": 42}",2025-11-07 22:58:12-0500
rev4,20,20,What does MP-6 require for sanitizing media prior to disposal or release?,0,What are the requirements specified in MP-6 for sanitizing media before disposal or release?,Qwen/Qwen2.5-7B-Instruct,"{""model_id"": ""Qwen/Qwen2.5-7B-Instruct"", ""temperature"": 0.5, ""top_p"": 0.9, ""max_new_tokens"": 80, ""n_rewrites"": 3, ""seed"": 42}",2025-11-07 22:58:12-0500
rev4,20,20,What does MP-6 require for sanitizing media prior to disposal or release?,1,What technical standards does MP-6 outline for sanitizing media intended for disposal or release?,Qwen/Qwen2.5-7B-Instruct,"{""model_id"": ""Qwen/Qwen2.5-7B-Instruct"", ""temperature"": 0.5, ""top_p"": 0.9, ""max_new_tokens"": 80, ""n_rewrites"": 3, ""seed"": 42}",2025-11-07 22:58:12-0500
rev4,20,20,What does MP-6 require for sanitizing media prior to disposal or release?,2,What measures must be taken according to MP-6 to sanitize media for disposal or release?,Qwen/Qwen2.5-7B-Instruct,"{""model_id"": ""Qwen/Qwen2.5-7B-Instruct"", ""temperature"": 0.5, ""top_p"": 0.9, ""max_new_tokens"": 80, ""n_rewrites"": 3, ""seed"": 42}",2025-11-07 22:58:12-0500
rev4,21,21,What are the requirements for enforcing physical access authorizations at facility entry/exit points?,0,What technical standards must be followed for controlling physical access at building entrances and exits?,Qwen/Qwen2.5-7B-Instruct,"{""model_id"": ""Qwen/Qwen2.5-7B-Instruct"", ""temperature"": 0.5, ""top_p"": 0.9, ""max_new_tokens"": 80, ""n_rewrites"": 3, ""seed"": 42}",2025-11-07 22:58:12-0500
rev4,21,21,What are the requirements for enforcing physical access authorizations at facility entry/exit points?,1,What are the necessary protocols for managing physical access authorizations at facility entry and exit points?,Qwen/Qwen2.5-7B-Instruct,"{""model_id"": ""Qwen/Qwen2.5-7B-Instruct"", ""temperature"": 0.5, ""top_p"": 0.9, ""max_new_tokens"": 80, ""n_rewrites"": 3, ""seed"": 42}",2025-11-07 22:58:12-0500
rev4,21,21,What are the requirements for enforcing physical access authorizations at facility entry/exit points?,2,How can we ensure proper enforcement of physical access controls at facility entry and exit points?,Qwen/Qwen2.5-7B-Instruct,"{""model_id"": ""Qwen/Qwen2.5-7B-Instruct"", ""temperature"": 0.5, ""top_p"": 0.9, ""max_new_tokens"": 80, ""n_rewrites"": 3, ""seed"": 42}",2025-11-07 22:58:12-0500
rev4,22,22,What does PE-6 require regarding monitoring physical access to the facility?,0,PE-6 what specific requirements are there for monitoring physical access to the facility?,Qwen/Qwen2.5-7B-Instruct,"{""model_id"": ""Qwen/Qwen2.5-7B-Instruct"", ""temperature"": 0.5, ""top_p"": 0.9, ""max_new_tokens"": 80, ""n_rewrites"": 3, ""seed"": 42}",2025-11-07 22:58:12-0500
rev4,22,22,What does PE-6 require regarding monitoring physical access to the facility?,1,PE-6 which technical standards must be followed for securing physical access to the facility?,Qwen/Qwen2.5-7B-Instruct,"{""model_id"": ""Qwen/Qwen2.5-7B-Instruct"", ""temperature"": 0.5, ""top_p"": 0.9, ""max_new_tokens"": 80, ""n_rewrites"": 3, ""seed"": 42}",2025-11-07 22:58:12-0500
rev4,22,22,What does PE-6 require regarding monitoring physical access to the facility?,2,PE-6 what measures are necessary for monitoring and controlling physical access to the facility?,Qwen/Qwen2.5-7B-Instruct,"{""model_id"": ""Qwen/Qwen2.5-7B-Instruct"", ""temperature"": 0.5, ""top_p"": 0.9, ""max_new_tokens"": 80, ""n_rewrites"": 3, ""seed"": 42}",2025-11-07 22:58:12-0500
rev4,23,23,What does PL-2 require for the security plan describing controls in place or planned?,0,What are the specific requirements for the security plan under PL-2 regarding implemented or intended controls?,Qwen/Qwen2.5-7B-Instruct,"{""model_id"": ""Qwen/Qwen2.5-7B-Instruct"", ""temperature"": 0.5, ""top_p"": 0.9, ""max_new_tokens"": 80, ""n_rewrites"": 3, ""seed"": 42}",2025-11-07 22:58:12-0500
rev4,23,23,What does PL-2 require for the security plan describing controls in place or planned?,1,What technical controls must be detailed in the security plan according to PL-2?,Qwen/Qwen2.5-7B-Instruct,"{""model_id"": ""Qwen/Qwen2.5-7B-Instruct"", ""temperature"": 0.5, ""top_p"": 0.9, ""max_new_tokens"": 80, ""n_rewrites"": 3, ""seed"": 42}",2025-11-07 22:58:12-0500
rev4,23,23,What does PL-2 require for the security plan describing controls in place or planned?,2,Can you outline the necessary components of the security plan for PL-2 that pertain to existing or proposed controls?,Qwen/Qwen2.5-7B-Instruct,"{""model_id"": ""Qwen/Qwen2.5-7B-Instruct"", ""temperature"": 0.5, ""top_p"": 0.9, ""max_new_tokens"": 80, ""n_rewrites"": 3, ""seed"": 42}",2025-11-07 22:58:12-0500
rev4,24,24,What does PL-4 require about establishing and disseminating rules of behavior to system users?,0,PL-4 what specific requirements are there for establishing and disseminating rules of behavior to system users,Qwen/Qwen2.5-7B-Instruct,"{""model_id"": ""Qwen/Qwen2.5-7B-Instruct"", ""temperature"": 0.5, ""top_p"": 0.9, ""max_new_tokens"": 80, ""n_rewrites"": 3, ""seed"": 42}",2025-11-07 22:58:12-0500
rev4,24,24,What does PL-4 require about establishing and disseminating rules of behavior to system users?,1,PL-4 technical specifications for setting up and sharing guidelines with system users,Qwen/Qwen2.5-7B-Instruct,"{""model_id"": ""Qwen/Qwen2.5-7B-Instruct"", ""temperature"": 0.5, ""top_p"": 0.9, ""max_new_tokens"": 80, ""n_rewrites"": 3, ""seed"": 42}",2025-11-07 22:58:12-0500
rev4,24,24,What does PL-4 require about establishing and disseminating rules of behavior to system users?,2,How does PL-4 mandate the creation and distribution of behavioral rules to system users?,Qwen/Qwen2.5-7B-Instruct,"{""model_id"": ""Qwen/Qwen2.5-7B-Instruct"", ""temperature"": 0.5, ""top_p"": 0.9, ""max_new_tokens"": 80, ""n_rewrites"": 3, ""seed"": 42}",2025-11-07 22:58:12-0500
rev4,25,25,What does PM-1 require regarding an organization-wide information security program plan?,0,What are the requirements for an organization-wide information security program plan under PM-1?,Qwen/Qwen2.5-7B-Instruct,"{""model_id"": ""Qwen/Qwen2.5-7B-Instruct"", ""temperature"": 0.5, ""top_p"": 0.9, ""max_new_tokens"": 80, ""n_rewrites"": 3, ""seed"": 42}",2025-11-07 22:58:12-0500
rev4,25,25,What does PM-1 require regarding an organization-wide information security program plan?,1,PM-1 what aspects of an organization-wide information security program plan must be addressed?,Qwen/Qwen2.5-7B-Instruct,"{""model_id"": ""Qwen/Qwen2.5-7B-Instruct"", ""temperature"": 0.5, ""top_p"": 0.9, ""max_new_tokens"": 80, ""n_rewrites"": 3, ""seed"": 42}",2025-11-07 22:58:12-0500
rev4,25,25,What does PM-1 require regarding an organization-wide information security program plan?,2,Does PM-1 specify the elements needed for an organization-wide information security program plan?,Qwen/Qwen2.5-7B-Instruct,"{""model_id"": ""Qwen/Qwen2.5-7B-Instruct"", ""temperature"": 0.5, ""top_p"": 0.9, ""max_new_tokens"": 80, ""n_rewrites"": 3, ""seed"": 42}",2025-11-07 22:58:12-0500
rev4,26,26,What does the organization ensure when preparing capital planning and investment requests?,0,What are the key assurances provided by the organization during the preparation of capital planning and investment requests?,Qwen/Qwen2.5-7B-Instruct,"{""model_id"": ""Qwen/Qwen2.5-7B-Instruct"", ""temperature"": 0.5, ""top_p"": 0.9, ""max_new_tokens"": 80, ""n_rewrites"": 3, ""seed"": 42}",2025-11-07 22:58:12-0500
rev4,26,26,What does the organization ensure when preparing capital planning and investment requests?,1,Does the organization guarantee specific aspects while formulating capital planning and investment requests?,Qwen/Qwen2.5-7B-Instruct,"{""model_id"": ""Qwen/Qwen2.5-7B-Instruct"", ""temperature"": 0.5, ""top_p"": 0.9, ""max_new_tokens"": 80, ""n_rewrites"": 3, ""seed"": 42}",2025-11-07 22:58:12-0500
rev4,26,26,What does the organization ensure when preparing capital planning and investment requests?,2,What verifications and commitments does the organization make when creating capital planning and investment requests?,Qwen/Qwen2.5-7B-Instruct,"{""model_id"": ""Qwen/Qwen2.5-7B-Instruct"", ""temperature"": 0.5, ""top_p"": 0.9, ""max_new_tokens"": 80, ""n_rewrites"": 3, ""seed"": 42}",2025-11-07 22:58:12-0500
rev4,27,27,What does PS-2 require regarding position risk designations and screening criteria?,0,What are the specific requirements for position risk designations and screening criteria under PS-2?,Qwen/Qwen2.5-7B-Instruct,"{""model_id"": ""Qwen/Qwen2.5-7B-Instruct"", ""temperature"": 0.5, ""top_p"": 0.9, ""max_new_tokens"": 80, ""n_rewrites"": 3, ""seed"": 42}",2025-11-07 22:58:12-0500
rev4,27,27,What does PS-2 require regarding position risk designations and screening criteria?,1,What technical standards and procedures does PS-2 mandate for position risk designations and screening criteria?,Qwen/Qwen2.5-7B-Instruct,"{""model_id"": ""Qwen/Qwen2.5-7B-Instruct"", ""temperature"": 0.5, ""top_p"": 0.9, ""max_new_tokens"": 80, ""n_rewrites"": 3, ""seed"": 42}",2025-11-07 22:58:12-0500
rev4,27,27,What does PS-2 require regarding position risk designations and screening criteria?,2,Can you provide the detailed guidelines from PS-2 concerning position risk designations and screening criteria?,Qwen/Qwen2.5-7B-Instruct,"{""model_id"": ""Qwen/Qwen2.5-7B-Instruct"", ""temperature"": 0.5, ""top_p"": 0.9, ""max_new_tokens"": 80, ""n_rewrites"": 3, ""seed"": 42}",2025-11-07 22:58:12-0500
rev4,28,28,What does PS-3 require before authorizing access to the information system?,0,What are the prerequisites for authorizing access to the information system according to PS-3?,Qwen/Qwen2.5-7B-Instruct,"{""model_id"": ""Qwen/Qwen2.5-7B-Instruct"", ""temperature"": 0.5, ""top_p"": 0.9, ""max_new_tokens"": 80, ""n_rewrites"": 3, ""seed"": 42}",2025-11-07 22:58:12-0500
rev4,28,28,What does PS-3 require before authorizing access to the information system?,1,Does PS-3 outline the necessary steps for granting access to the information system?,Qwen/Qwen2.5-7B-Instruct,"{""model_id"": ""Qwen/Qwen2.5-7B-Instruct"", ""temperature"": 0.5, ""top_p"": 0.9, ""max_new_tokens"": 80, ""n_rewrites"": 3, ""seed"": 42}",2025-11-07 22:58:12-0500
rev4,28,28,What does PS-3 require before authorizing access to the information system?,2,What must be fulfilled prior to authorizing access to the information system as per PS-3?,Qwen/Qwen2.5-7B-Instruct,"{""model_id"": ""Qwen/Qwen2.5-7B-Instruct"", ""temperature"": 0.5, ""top_p"": 0.9, ""max_new_tokens"": 80, ""n_rewrites"": 3, ""seed"": 42}",2025-11-07 22:58:12-0500
rev4,29,29,What does RA-2 require regarding categorizing the information system and its resident information?,0,What are the requirements for categorizing an information system and its resident data under RA-2?,Qwen/Qwen2.5-7B-Instruct,"{""model_id"": ""Qwen/Qwen2.5-7B-Instruct"", ""temperature"": 0.5, ""top_p"": 0.9, ""max_new_tokens"": 80, ""n_rewrites"": 3, ""seed"": 42}",2025-11-07 22:58:12-0500
rev4,29,29,What does RA-2 require regarding categorizing the information system and its resident information?,1,What technical standards must be followed for classifying an information system and its stored information according to RA-2?,Qwen/Qwen2.5-7B-Instruct,"{""model_id"": ""Qwen/Qwen2.5-7B-Instruct"", ""temperature"": 0.5, ""top_p"": 0.9, ""max_new_tokens"": 80, ""n_rewrites"": 3, ""seed"": 42}",2025-11-07 22:58:12-0500
rev4,29,29,What does RA-2 require regarding categorizing the information system and its resident information?,2,How should an information system and its contained data be categorized in accordance with RA-2 guidelines?,Qwen/Qwen2.5-7B-Instruct,"{""model_id"": ""Qwen/Qwen2.5-7B-Instruct"", ""temperature"": 0.5, ""top_p"": 0.9, ""max_new_tokens"": 80, ""n_rewrites"": 3, ""seed"": 42}",2025-11-07 22:58:12-0500
rev4,30,30,"What does RA-5 require for scanning vulnerabilities, including frequency and trigger conditions?",0,What are the specific requirements for vulnerability scanning under RA-5 regarding frequency and trigger conditions?,Qwen/Qwen2.5-7B-Instruct,"{""model_id"": ""Qwen/Qwen2.5-7B-Instruct"", ""temperature"": 0.5, ""top_p"": 0.9, ""max_new_tokens"": 80, ""n_rewrites"": 3, ""seed"": 42}",2025-11-07 22:58:12-0500
rev4,30,30,"What does RA-5 require for scanning vulnerabilities, including frequency and trigger conditions?",1,"What technical standards and protocols must be followed for conducting vulnerability scans according to RA-5, particularly in terms of frequency and trigger conditions?",Qwen/Qwen2.5-7B-Instruct,"{""model_id"": ""Qwen/Qwen2.5-7B-Instruct"", ""temperature"": 0.5, ""top_p"": 0.9, ""max_new_tokens"": 80, ""n_rewrites"": 3, ""seed"": 42}",2025-11-07 22:58:12-0500
rev4,30,30,"What does RA-5 require for scanning vulnerabilities, including frequency and trigger conditions?",2,"What criteria must be met for performing vulnerability scans as outlined in RA-5, specifically concerning the frequency and conditions that trigger these scans?",Qwen/Qwen2.5-7B-Instruct,"{""model_id"": ""Qwen/Qwen2.5-7B-Instruct"", ""temperature"": 0.5, ""top_p"": 0.9, ""max_new_tokens"": 80, ""n_rewrites"": 3, ""seed"": 42}",2025-11-07 22:58:12-0500
rev4,31,31,What does SA-3 require about managing the system?,0,What are the requirements for managing the system under SA-3?,Qwen/Qwen2.5-7B-Instruct,"{""model_id"": ""Qwen/Qwen2.5-7B-Instruct"", ""temperature"": 0.5, ""top_p"": 0.9, ""max_new_tokens"": 80, ""n_rewrites"": 3, ""seed"": 42}",2025-11-07 22:58:12-0500
rev4,31,31,What does SA-3 require about managing the system?,1,What technical controls must be implemented for system management according to SA-3?,Qwen/Qwen2.5-7B-Instruct,"{""model_id"": ""Qwen/Qwen2.5-7B-Instruct"", ""temperature"": 0.5, ""top_p"": 0.9, ""max_new_tokens"": 80, ""n_rewrites"": 3, ""seed"": 42}",2025-11-07 22:58:12-0500
rev4,31,31,What does SA-3 require about managing the system?,2,SA-3 mandates what specific measures for system management?,Qwen/Qwen2.5-7B-Instruct,"{""model_id"": ""Qwen/Qwen2.5-7B-Instruct"", ""temperature"": 0.5, ""top_p"": 0.9, ""max_new_tokens"": 80, ""n_rewrites"": 3, ""seed"": 42}",2025-11-07 22:58:12-0500
rev4,32,32,What does SA-4 require including in acquisition contracts for information systems?,0,What technical requirements must be included in acquisition contracts for information systems according to SA-4?,Qwen/Qwen2.5-7B-Instruct,"{""model_id"": ""Qwen/Qwen2.5-7B-Instruct"", ""temperature"": 0.5, ""top_p"": 0.9, ""max_new_tokens"": 80, ""n_rewrites"": 3, ""seed"": 42}",2025-11-07 22:58:12-0500
rev4,32,32,What does SA-4 require including in acquisition contracts for information systems?,1,Does SA-4 specify what needs to be included in acquisition contracts for information systems?,Qwen/Qwen2.5-7B-Instruct,"{""model_id"": ""Qwen/Qwen2.5-7B-Instruct"", ""temperature"": 0.5, ""top_p"": 0.9, ""max_new_tokens"": 80, ""n_rewrites"": 3, ""seed"": 42}",2025-11-07 22:58:12-0500
rev4,32,32,What does SA-4 require including in acquisition contracts for information systems?,2,What elements are required by SA-4 to be included in acquisition contracts for information systems?,Qwen/Qwen2.5-7B-Instruct,"{""model_id"": ""Qwen/Qwen2.5-7B-Instruct"", ""temperature"": 0.5, ""top_p"": 0.9, ""max_new_tokens"": 80, ""n_rewrites"": 3, ""seed"": 42}",2025-11-07 22:58:12-0500
rev4,33,33,What does SC-7 require the system to do at external and key internal boundaries?,0,What specific security controls must systems implement according to SC-7 at external and key internal boundaries?,Qwen/Qwen2.5-7B-Instruct,"{""model_id"": ""Qwen/Qwen2.5-7B-Instruct"", ""temperature"": 0.5, ""top_p"": 0.9, ""max_new_tokens"": 80, ""n_rewrites"": 3, ""seed"": 42}",2025-11-07 22:58:12-0500
rev4,33,33,What does SC-7 require the system to do at external and key internal boundaries?,1,What technical measures are mandated by SC-7 for external and key internal boundaries in a system?,Qwen/Qwen2.5-7B-Instruct,"{""model_id"": ""Qwen/Qwen2.5-7B-Instruct"", ""temperature"": 0.5, ""top_p"": 0.9, ""max_new_tokens"": 80, ""n_rewrites"": 3, ""seed"": 42}",2025-11-07 22:58:12-0500
rev4,33,33,What does SC-7 require the system to do at external and key internal boundaries?,2,SC-7 necessitates what particular security protocols at external and key internal boundaries within a system?,Qwen/Qwen2.5-7B-Instruct,"{""model_id"": ""Qwen/Qwen2.5-7B-Instruct"", ""temperature"": 0.5, ""top_p"": 0.9, ""max_new_tokens"": 80, ""n_rewrites"": 3, ""seed"": 42}",2025-11-07 22:58:12-0500
rev4,34,34,What protections for transmitted information does SC-8 require?,0,What technical protections for transmitted data are mandated by SC-8?,Qwen/Qwen2.5-7B-Instruct,"{""model_id"": ""Qwen/Qwen2.5-7B-Instruct"", ""temperature"": 0.5, ""top_p"": 0.9, ""max_new_tokens"": 80, ""n_rewrites"": 3, ""seed"": 42}",2025-11-07 22:58:12-0500
rev4,34,34,What protections for transmitted information does SC-8 require?,1,What expanded technical safeguards for transmitted information does SC-8 necessitate?,Qwen/Qwen2.5-7B-Instruct,"{""model_id"": ""Qwen/Qwen2.5-7B-Instruct"", ""temperature"": 0.5, ""top_p"": 0.9, ""max_new_tokens"": 80, ""n_rewrites"": 3, ""seed"": 42}",2025-11-07 22:58:12-0500
rev4,34,34,What protections for transmitted information does SC-8 require?,2,Can SC-8 requirements for protecting transmitted information be detailed?,Qwen/Qwen2.5-7B-Instruct,"{""model_id"": ""Qwen/Qwen2.5-7B-Instruct"", ""temperature"": 0.5, ""top_p"": 0.9, ""max_new_tokens"": 80, ""n_rewrites"": 3, ""seed"": 42}",2025-11-07 22:58:12-0500
rev4,35,35,"What does SI-2 require for identifying, reporting, and correcting system flaws?",0,SI-2 requirements for identifying reporting and correcting system flaws,Qwen/Qwen2.5-7B-Instruct,"{""model_id"": ""Qwen/Qwen2.5-7B-Instruct"", ""temperature"": 0.5, ""top_p"": 0.9, ""max_new_tokens"": 80, ""n_rewrites"": 3, ""seed"": 42}",2025-11-07 22:58:12-0500
rev4,35,35,"What does SI-2 require for identifying, reporting, and correcting system flaws?",1,"What are the SI-2 guidelines for detecting, notifying, and fixing software vulnerabilities?",Qwen/Qwen2.5-7B-Instruct,"{""model_id"": ""Qwen/Qwen2.5-7B-Instruct"", ""temperature"": 0.5, ""top_p"": 0.9, ""max_new_tokens"": 80, ""n_rewrites"": 3, ""seed"": 42}",2025-11-07 22:58:12-0500
rev4,35,35,"What does SI-2 require for identifying, reporting, and correcting system flaws?",2,"Can you outline the SI-2 procedures for spotting, conveying, and amending system weaknesses?",Qwen/Qwen2.5-7B-Instruct,"{""model_id"": ""Qwen/Qwen2.5-7B-Instruct"", ""temperature"": 0.5, ""top_p"": 0.9, ""max_new_tokens"": 80, ""n_rewrites"": 3, ""seed"": 42}",2025-11-07 22:58:12-0500
rev4,36,36,"What monitoring does SI-4 require to detect attacks, indicators, and unauthorized connections?",0,What monitoring mechanisms are specified by SI-4 for identifying attacks and unauthorized access?,Qwen/Qwen2.5-7B-Instruct,"{""model_id"": ""Qwen/Qwen2.5-7B-Instruct"", ""temperature"": 0.5, ""top_p"": 0.9, ""max_new_tokens"": 80, ""n_rewrites"": 3, ""seed"": 42}",2025-11-07 22:58:12-0500
rev4,36,36,"What monitoring does SI-4 require to detect attacks, indicators, and unauthorized connections?",1,Which types of monitoring are mandated by SI-4 to spot attacks and illicit connections?,Qwen/Qwen2.5-7B-Instruct,"{""model_id"": ""Qwen/Qwen2.5-7B-Instruct"", ""temperature"": 0.5, ""top_p"": 0.9, ""max_new_tokens"": 80, ""n_rewrites"": 3, ""seed"": 42}",2025-11-07 22:58:12-0500
rev4,36,36,"What monitoring does SI-4 require to detect attacks, indicators, and unauthorized connections?",2,"What kinds of surveillance are required by SI-4 to identify attacks, indicators, and unauthorized logins?",Qwen/Qwen2.5-7B-Instruct,"{""model_id"": ""Qwen/Qwen2.5-7B-Instruct"", ""temperature"": 0.5, ""top_p"": 0.9, ""max_new_tokens"": 80, ""n_rewrites"": 3, ""seed"": 42}",2025-11-07 22:58:12-0500
