framework_version,query_id,question,gold_clause_count,gold_odp_count,rescue_used,rescue_added_count,rescue_added_ids,rescue_added_gold_count,rescue_added_window_count,off_offline_strict_pass,off_full_gold_clause_coverage,off_right_control,off_selected_clause_count,off_additional_evidence_count,off_gold_clause_precision,off_answer_word_count,off_status,off_generated_odp_count,off_exact_odp_list,on_offline_strict_pass,on_full_gold_clause_coverage,on_right_control,on_selected_clause_count,on_additional_evidence_count,on_gold_clause_precision,on_answer_word_count,on_status,on_generated_odp_count,on_exact_odp_list
rev5,1,When must account managers and the designated personnel be notified about user account changes?,4,4,False,0,,0,0,True,True,True,5,1,0.8,57,PARAMS_REQUIRED,4,True,True,True,True,5,1,0.8,57,PARAMS_REQUIRED,4,True
rev5,2,What must an organization enforce regarding logical access to its information and systems?,1,0,False,0,,0,0,True,True,True,1,0,1.0,18,OK,0,True,True,True,True,1,0,1.0,18,OK,0,True
rev5,3,What principle should be employed to limit user and process access to the minimum necessary for assigned tasks?,1,0,False,0,,0,0,True,True,True,2,1,0.5,100,OK,0,True,True,True,True,2,1,0.5,100,OK,0,True
rev5,4,How must a system be configured to handle consecutive invalid logon attempts?,2,3,False,0,,0,0,True,True,True,4,2,0.5,343,PARAMS_REQUIRED,3,True,True,True,True,4,2,0.5,343,PARAMS_REQUIRED,3,True
rev5,5,What actions must a system take to lock a session and what is required for a user to re-establish access?,2,1,True,2,ac-11_smt.a|ac-11_smt,1,2,False,False,True,2,1,0.5,137,OK,0,False,True,True,True,4,2,0.5,182,PARAMS_REQUIRED,1,True
rev5,6,"What are the requirements for security and privacy literacy training, including its frequency, triggers for updates, and content sources?",6,5,False,0,,0,0,False,False,True,6,2,0.6666666666666666,413,PARAMS_REQUIRED,5,True,False,False,True,6,2,0.6666666666666666,413,PARAMS_REQUIRED,5,True
rev5,7,Organizations should determine the content of training based on what?,1,0,True,4,at-2_smt.a.1|at-2_smt.a.2|at-2_smt.b|at-2_smt.c,0,4,True,True,True,2,1,0.5,537,OK,0,True,True,True,True,6,5,0.16666666666666666,604,PARAMS_REQUIRED,5,False
rev5,8,"How must an organization document, monitor, and retain records of its security and privacy training activities?",2,1,False,0,,0,0,True,True,True,3,1,0.6666666666666666,68,PARAMS_REQUIRED,1,True,True,True,True,3,1,0.6666666666666666,68,PARAMS_REQUIRED,1,True
rev5,9,What type of activity should be included in literacy training to simulate real-world incidents?,1,0,True,4,at-2_smt.a.1|at-2_smt.a.2|at-2_smt.b|at-2_smt.c,0,4,True,True,True,1,0,1.0,11,OK,0,True,True,True,True,5,4,0.2,78,PARAMS_REQUIRED,5,False
rev5,10,What method does AT-3(3) specify for reinforcing objectives in role-based security training?,1,0,True,4,at-3_smt.a|at-3_smt.a.1|at-3_smt.b|at-3_smt,0,4,True,True,True,2,1,0.5,67,OK,0,True,True,True,True,6,5,0.16666666666666666,203,PARAMS_REQUIRED,4,False
rev5,11,"What are the organizational responsibilities for defining, justifying, and maintaining the types of events to be logged by a system?",5,3,False,0,,0,0,True,True,True,7,2,0.7142857142857143,611,PARAMS_REQUIRED,3,True,True,True,True,7,2,0.7142857142857143,611,PARAMS_REQUIRED,3,True
rev5,12,What information must each audit record contain to support after-the-fact investigation of security incidents?,7,0,False,0,,0,0,True,True,True,8,1,0.875,211,OK,0,True,True,True,True,8,1,0.875,211,OK,0,True
rev5,13,What factors must an organization consider when allocating audit log storage capacity to prevent the loss of audit data?,1,0,True,1,au-4_smt,0,1,True,True,True,2,1,0.5,196,OK,0,True,True,True,True,3,2,0.3333333333333333,208,PARAMS_REQUIRED,1,False
rev5,14,"What is the required process for reviewing system audit records, and what actions should be taken based on the findings?",3,1,False,0,,0,0,True,True,True,4,1,0.75,215,PARAMS_REQUIRED,3,False,True,True,True,4,1,0.75,215,PARAMS_REQUIRED,3,False
rev5,15,What are the requirements for generating and recording time stamps in audit records to ensure accuracy?,1,1,False,0,,0,0,True,True,True,3,2,0.3333333333333333,155,PARAMS_REQUIRED,1,True,True,True,True,3,2,0.3333333333333333,155,PARAMS_REQUIRED,1,True
rev5,16,"Describe the key steps of the formal control assessment process, from planning to reporting.",9,1,False,0,,0,0,False,False,True,9,1,0.8888888888888888,282,PARAMS_REQUIRED,2,False,False,False,True,9,1,0.8888888888888888,282,PARAMS_REQUIRED,2,False
rev5,17,"What are the requirements for managing and securing information exchanges between systems, including the associated agreements?",3,2,False,0,,0,0,False,False,True,2,2,0.0,400,PARAMS_REQUIRED,2,True,False,False,True,2,2,0.0,400,PARAMS_REQUIRED,2,True
rev5,18,What is the purpose of a plan of action and milestones in addressing identified control weaknesses?,2,1,True,2,ca-5_smt.b|ca-5_smt,1,2,False,False,True,2,1,0.5,78,OK,0,False,True,True,True,4,2,0.5,176,PARAMS_REQUIRED,1,True
rev5,19,What are the primary responsibilities of an authorizing official regarding system authorization?,7,1,True,2,ca-6_smt.e|ca-6_smt,1,2,False,False,True,4,1,0.75,272,OK,0,False,False,False,True,6,2,0.6666666666666666,369,PARAMS_REQUIRED,1,True
rev5,20,What are the requirements for implementing a system-level continuous monitoring strategy?,8,5,False,0,,0,0,True,True,True,8,0,1.0,231,PARAMS_REQUIRED,5,True,True,True,True,8,0,1.0,231,PARAMS_REQUIRED,5,True
rev5,21,What are the lifecycle requirements for system baseline configurations?,5,2,False,0,,0,0,False,False,True,5,1,0.8,90,PARAMS_REQUIRED,2,True,False,False,True,5,1,0.8,90,PARAMS_REQUIRED,2,True
rev5,22,What must an organization do to manage configuration-controlled changes?,7,3,False,0,,0,0,False,False,True,7,1,0.8571428571428571,181,PARAMS_REQUIRED,3,True,False,False,True,7,1,0.8571428571428571,181,PARAMS_REQUIRED,3,True
rev5,23,What should be analyzed before implementing a system change?,1,0,True,3,cm-3_smt.e|cm-3_smt.g|cm-3_smt,0,3,False,False,False,1,1,0.0,22,OK,0,True,False,False,False,4,4,0.0,163,PARAMS_REQUIRED,3,False
rev5,24,"How should configuration settings be established, approved, and monitored?",4,3,False,0,,0,0,False,False,True,4,1,0.75,142,PARAMS_REQUIRED,3,True,False,False,True,4,1,0.75,142,PARAMS_REQUIRED,3,True
rev5,25,"What are the requirements for developing, maintaining, and updating a system component inventory?",6,2,False,0,,0,0,True,True,True,9,3,0.6666666666666666,412,PARAMS_REQUIRED,2,True,True,True,True,9,3,0.6666666666666666,412,PARAMS_REQUIRED,2,True
rev5,26,"What are the key elements that must be included in a contingency plan, and how should it be reviewed, distributed, and updated?",15,3,False,0,,0,0,False,False,True,11,1,0.9090909090909091,306,PARAMS_REQUIRED,4,False,False,False,True,11,1,0.9090909090909091,306,PARAMS_REQUIRED,4,False
rev5,27,When and how should contingency training be provided to system users based on their assigned roles and responsibilities?,5,4,False,0,,0,0,True,True,True,7,2,0.7142857142857143,314,PARAMS_REQUIRED,4,True,True,True,True,7,2,0.7142857142857143,314,PARAMS_REQUIRED,4,True
rev5,28,"How frequently must contingency plans be tested, and what should be done after reviewing the test results?",3,2,True,2,cp-4_smt.a|cp-4_smt,1,2,False,False,True,2,1,0.5,78,OK,0,False,False,False,True,4,2,0.5,163,PARAMS_REQUIRED,2,True
rev5,29,What are the requirements for establishing and maintaining an alternate processing site to resume essential operations?,3,2,False,0,,0,0,True,True,True,4,1,0.75,222,PARAMS_REQUIRED,2,True,True,True,True,4,1,0.75,222,PARAMS_REQUIRED,2,True
rev5,30,What actions must be taken to ensure that system and user-level information is backed up and that backup data remains protected?,4,4,False,0,,0,0,True,True,True,4,0,1.0,57,PARAMS_REQUIRED,4,True,True,True,True,4,0,1.0,57,PARAMS_REQUIRED,4,True
rev5,31,How must organizations identify and authenticate users and associate them with processes acting on their behalf?,1,0,False,0,,0,0,True,True,True,2,1,0.5,33,OK,0,True,True,True,True,2,1,0.5,33,OK,0,True
rev5,32,"What are the requirements for assigning, authorizing, and preventing reuse of system identifiers for individuals, groups, or devices?",5,2,False,0,,0,0,True,True,True,6,1,0.8333333333333334,212,PARAMS_REQUIRED,2,True,True,True,True,6,1,0.8333333333333334,212,PARAMS_REQUIRED,2,True
rev5,33,"How should organizations manage authenticators, including their distribution, protection, and periodic updates?",10,2,False,0,,0,0,False,False,True,8,1,0.875,318,PARAMS_REQUIRED,2,True,False,False,True,8,1,0.875,318,PARAMS_REQUIRED,2,True
rev5,34,What does NIST require to protect authentication information from disclosure during the authentication process?,1,0,True,2,ia-5_smt.f|ia-5_smt,0,2,False,False,False,2,2,0.0,22,OK,0,True,False,False,False,4,4,0.0,175,PARAMS_REQUIRED,2,False
rev5,35,How should organizations handle identification and authentication of non-organizational users accessing federal systems?,1,0,False,0,,0,0,True,True,True,2,1,0.5,106,OK,0,True,True,True,True,2,1,0.5,106,OK,0,True
rev5,36,"When should incident response training be provided, and how often should its content be reviewed and updated?",5,4,False,0,,0,0,True,True,True,7,2,0.7142857142857143,285,PARAMS_REQUIRED,4,True,True,True,True,7,2,0.7142857142857143,285,PARAMS_REQUIRED,4,True
rev5,37,"How often should organizations test the effectiveness of their incident response capabilities, and what kinds of tests may be used?",1,2,True,1,ir-3_smt,1,1,False,False,True,1,1,0.0,70,OK,0,False,True,True,True,2,1,0.5,95,PARAMS_REQUIRED,2,True
rev5,38,"What are the key elements of implementing an effective incident handling capability, including coordination and lessons learned?",4,0,False,0,,0,0,False,False,True,5,2,0.6,347,OK,0,True,False,False,True,5,2,0.6,347,OK,0,True
rev5,39,What information should organizations maintain and analyze when documenting and reviewing security incidents?,1,0,False,0,,0,0,True,True,True,2,1,0.5,79,OK,0,True,True,True,True,2,1,0.5,79,OK,0,True
rev5,40,"What are the reporting requirements for suspected or confirmed incidents, including notification timeframes and recipients?",2,2,False,0,,0,0,True,True,True,4,2,0.5,107,PARAMS_REQUIRED,2,True,True,True,True,4,2,0.5,107,PARAMS_REQUIRED,2,True
rev5,41,What are the key considerations for a controlled system maintenance program?,1,0,False,0,,0,0,True,True,True,8,7,0.125,374,PARAMS_REQUIRED,3,False,True,True,True,8,7,0.125,374,PARAMS_REQUIRED,3,False
rev5,42,"How should organizations approve, control, and periodically review the use of system maintenance tools?",2,1,False,0,,0,0,True,True,True,3,1,0.6666666666666666,194,PARAMS_REQUIRED,1,True,True,True,True,3,1,0.6666666666666666,194,PARAMS_REQUIRED,1,True
rev5,43,"What must organizations do to authorize, secure, and record nonlocal maintenance and diagnostic activities?",5,0,False,0,,0,0,False,False,True,5,1,0.8,167,OK,0,True,False,False,True,5,1,0.8,167,OK,0,True
rev5,44,What process should be established for authorizing maintenance personnel and ensuring appropriate escorting and access control during maintenance?,3,0,False,0,,0,0,True,True,True,5,2,0.6,242,OK,0,True,True,True,True,5,2,0.6,242,OK,0,True
rev5,45,How should organizations identify critical system components and obtain maintenance support to mitigate risk when those components fail?,1,0,True,1,ma-6_smt,0,1,True,True,True,1,0,1.0,43,OK,0,True,True,True,True,2,1,0.5,63,PARAMS_REQUIRED,2,False
rev5,46,How should access to both digital and non-digital system media be restricted to authorized individuals?,1,0,False,0,,0,0,True,True,True,4,3,0.25,322,PARAMS_REQUIRED,2,False,True,True,True,4,3,0.25,322,PARAMS_REQUIRED,2,False
rev5,47,"What requirements apply to marking system media with handling or distribution limitations, and when may media be exempt from marking?",2,2,False,0,,0,0,True,True,True,2,0,1.0,37,PARAMS_REQUIRED,2,True,True,True,True,2,0,1.0,37,PARAMS_REQUIRED,2,True
rev5,48,How must organizations physically control and securely store system media to prevent unauthorized access or tampering?,2,2,False,0,,0,0,False,False,True,2,2,0.0,205,PARAMS_REQUIRED,2,True,False,False,True,2,2,0.0,205,PARAMS_REQUIRED,2,True
rev5,49,"What safeguards should be in place for transporting system media outside controlled areas, including accountability and documentation requirements?",4,2,False,0,,0,0,True,True,True,5,1,0.8,251,PARAMS_REQUIRED,2,True,True,True,True,5,1,0.8,251,PARAMS_REQUIRED,2,True
rev5,50,"What are the requirements for sanitizing system media prior to disposal, reuse, or release from organizational control?",2,2,False,0,,0,0,True,True,True,3,1,0.6666666666666666,269,PARAMS_REQUIRED,2,True,True,True,True,3,1,0.6666666666666666,269,PARAMS_REQUIRED,2,True
rev5,51,"What are the requirements for managing facility access authorizations, credentials, and access lists for individuals entering secured areas?",4,1,False,0,,0,0,True,True,True,5,1,0.8,122,PARAMS_REQUIRED,1,True,True,True,True,5,1,0.8,122,PARAMS_REQUIRED,1,True
rev5,52,"What considerations, components, and types of controls are involved in implementing physical access control?",1,0,True,4,pe-3_smt.a|pe-3_smt.a.2|pe-3_smt.b|pe-3_smt.c,0,4,True,True,True,1,0,1.0,150,OK,0,True,True,True,True,5,4,0.2,206,PARAMS_REQUIRED,4,False
rev5,53,What controls should organizations use to protect system distribution and transmission lines from physical damage or interception?,1,0,True,1,sc-8_smt,0,1,True,True,True,2,1,0.5,265,OK,0,True,True,True,True,3,2,0.3333333333333333,275,PARAMS_REQUIRED,1,False
rev5,54,"How should physical access to output devices such as monitors, printers, or copiers be restricted and monitored?",1,0,False,0,,0,0,True,True,True,2,1,0.5,83,PARAMS_REQUIRED,1,False,True,True,True,2,1,0.5,83,PARAMS_REQUIRED,1,False
rev5,55,What measures should be implemented to monitor and review physical access logs and respond to security incidents in facilities housing systems?,3,2,False,0,,0,0,False,False,True,3,2,0.3333333333333333,189,PARAMS_REQUIRED,2,True,False,False,True,3,2,0.3333333333333333,189,PARAMS_REQUIRED,2,True
rev5,56,What is the guidance of control PL-2?,1,0,False,0,,0,0,False,False,True,12,12,0.0,430,PARAMS_REQUIRED,3,False,False,False,True,12,12,0.0,430,PARAMS_REQUIRED,3,False
rev5,57,What considerations are involved in establishing rules of behavior regarding their application to different user types and the methods for documenting acknowledgment?,1,0,False,0,,0,0,True,True,True,5,4,0.2,272,PARAMS_REQUIRED,2,False,True,True,True,5,4,0.2,272,PARAMS_REQUIRED,2,False
rev5,58,"What is the purpose of a Concept of Operations, and how often should it be reviewed and updated?",2,1,True,2,pl-7_smt.b|pl-7_smt,1,2,False,False,True,2,1,0.5,130,OK,0,False,True,True,True,4,2,0.5,179,PARAMS_REQUIRED,1,True
rev5,59,What should security and privacy architectures describe to ensure protection of information and integration with the enterprise architecture?,7,1,False,0,,0,0,False,False,True,6,2,0.6666666666666666,642,PARAMS_REQUIRED,1,True,False,False,True,6,2,0.6666666666666666,642,PARAMS_REQUIRED,1,True
rev5,60,"How does the concept of tailoring allow organizations to customize control baselines to their mission, environment, and risk profile?",1,0,False,0,,0,0,True,True,True,1,0,1.0,201,OK,0,True,True,True,True,1,0,1.0,201,OK,0,True
rev5,61,"Who serves as the senior agency information security officer, and what is their role within federal agencies?",1,0,False,0,,0,0,True,True,True,2,1,0.5,75,OK,0,True,True,True,True,2,1,0.5,75,OK,0,True
rev5,62,What is the purpose of a plan of action and milestones process within the organization's risk management strategy?,5,0,False,0,,0,0,False,False,True,3,2,0.3333333333333333,192,OK,0,True,False,False,True,3,2,0.3333333333333333,192,OK,0,True
rev5,63,How are measures of performance used to evaluate the effectiveness of security and privacy programs?,1,0,False,0,,0,0,True,True,True,2,1,0.5,72,OK,0,True,True,True,True,2,1,0.5,72,OK,0,True
rev5,64,"What considerations must be incorporated into the enterprise architecture to address security, privacy, and risk?",1,0,True,2,sa-3_smt.a|sa-3_smt,0,2,True,True,True,2,1,0.5,172,OK,0,True,True,True,True,4,3,0.25,257,PARAMS_REQUIRED,1,False
rev5,65,"What are the key components of an organization's risk management strategy, and how should it be implemented and updated?",5,1,False,0,,0,0,False,False,True,2,2,0.0,228,PARAMS_REQUIRED,1,True,False,False,True,2,2,0.0,228,PARAMS_REQUIRED,1,True
rev5,66,"What process should the organization use to assign, review, and update position risk designations and establish screening criteria for personnel?",3,1,False,0,,0,0,True,True,True,5,2,0.6,259,PARAMS_REQUIRED,1,True,True,True,True,5,2,0.6,259,PARAMS_REQUIRED,1,True
rev5,67,When and how must individuals be screened before authorizing or maintaining access to organizational systems?,2,1,True,2,ps-3_smt.b|ps-3_smt,1,2,False,False,True,2,1,0.5,70,OK,0,False,True,True,True,4,2,0.5,102,PARAMS_REQUIRED,1,True
rev5,68,What steps must be taken when an individual's employment or role is terminated?,6,2,False,0,,0,0,False,False,True,5,0,1.0,52,PARAMS_REQUIRED,2,True,False,False,True,5,0,1.0,52,PARAMS_REQUIRED,2,True
rev5,69,"What actions should the organization take to review, modify, and communicate access authorizations for reassigned or transferred personnel?",4,4,False,0,,0,0,True,True,True,5,1,0.8,170,PARAMS_REQUIRED,4,True,True,True,True,5,1,0.8,170,PARAMS_REQUIRED,4,True
rev5,70,"What requirements apply to developing, reviewing, and signing access agreements for individuals requiring system access?",5,2,False,0,,0,0,False,False,True,5,1,0.8,108,PARAMS_REQUIRED,2,True,False,False,True,5,1,0.8,108,PARAMS_REQUIRED,2,True
rev5,71,"How should organizations determine, document, and restrict the purposes and lawful basis for processing personally identifiable information?",2,3,False,0,,0,0,False,False,True,7,6,0.14285714285714285,477,PARAMS_REQUIRED,7,False,False,False,True,7,6,0.14285714285714285,477,PARAMS_REQUIRED,7,False
rev5,72,"What must organizations identify and document about the purposes and conditions for collecting, using, and sharing PII, and how should they handle changes to those purposes?",4,4,False,0,,0,0,False,False,True,4,1,0.75,332,PARAMS_REQUIRED,4,True,False,False,True,4,1,0.75,332,PARAMS_REQUIRED,4,True
rev5,73,"How should organizations obtain and manage individual consent for processing PII, and what factors should be considered when determining the appropriate consent mechanism?",1,0,True,1,pt-4_smt,0,1,True,True,True,1,0,1.0,206,OK,0,True,True,True,True,2,1,0.5,233,PARAMS_REQUIRED,1,False
rev5,74,"What information should be included in privacy notices to individuals, and when must such notices be provided or updated?",6,1,False,0,,0,0,True,True,True,7,1,0.8571428571428571,347,PARAMS_REQUIRED,2,False,True,True,True,7,1,0.8571428571428571,347,PARAMS_REQUIRED,2,False
rev5,75,What must organizations do to publish and maintain accurate system of records Notices for systems that contain PII?,4,0,False,0,,0,0,False,False,True,4,1,0.75,250,OK,0,True,False,False,True,4,1,0.75,250,OK,0,True
rev5,76,"What steps are required to categorize a system and its information, and who must approve the decision?",3,0,False,0,,0,0,True,True,True,3,0,1.0,43,OK,0,True,True,True,True,3,0,1.0,43,OK,0,True
rev5,77,"How should organizations conduct and document risk assessments, and how often should the results be reviewed?",9,5,False,0,,0,0,False,False,True,4,1,0.75,214,PARAMS_REQUIRED,4,False,False,False,True,4,1,0.75,214,PARAMS_REQUIRED,4,False
rev5,78,"What are the requirements for scanning systems for vulnerabilities, remediating identified risks, and sharing vulnerability information?",10,3,False,0,,0,0,False,False,True,4,0,1.0,86,PARAMS_REQUIRED,3,True,False,False,True,4,0,1.0,86,PARAMS_REQUIRED,3,True
rev5,79,"What options may organizations consider when responding to identified risks, and how does risk tolerance affect these decisions?",1,0,False,0,,0,0,True,True,True,2,1,0.5,143,OK,0,True,True,True,True,2,1,0.5,143,OK,0,True
rev5,80,"What is the purpose of performing a criticality analysis, and when should it be conducted?",1,2,True,1,ra-9_smt,1,1,False,False,True,1,1,0.0,312,OK,0,False,True,True,True,2,1,0.5,335,PARAMS_REQUIRED,2,True
rev5,81,"In SA-5, what documentation should be obtained or developed?",9,2,False,0,,0,0,False,False,True,9,2,0.7777777777777778,287,PARAMS_REQUIRED,2,True,False,False,True,9,2,0.7777777777777778,287,PARAMS_REQUIRED,2,True
rev5,82,"In SA-8, which security and privacy engineering principles should be applied?",1,1,False,0,,0,0,True,True,True,1,0,1.0,28,PARAMS_REQUIRED,1,True,True,True,True,1,0,1.0,28,PARAMS_REQUIRED,1,True
rev5,83,What are the requirements for ensuring external service providers comply with organizational security and privacy expectations?,3,2,False,0,,0,0,False,False,True,7,5,0.2857142857142857,257,PARAMS_REQUIRED,4,False,False,False,True,7,5,0.2857142857142857,257,PARAMS_REQUIRED,4,False
rev5,84,"What should be required from system developers regarding configuration management, approved changes, and flaw tracking?",6,3,False,0,,0,0,False,False,True,6,1,0.8333333333333334,249,PARAMS_REQUIRED,3,True,False,False,True,6,1,0.8333333333333334,249,PARAMS_REQUIRED,3,True
rev5,85,What are developers required to produce and correct under a system's security and privacy assessment plan?,6,3,False,0,,0,0,False,False,True,3,0,1.0,112,PARAMS_REQUIRED,3,True,False,False,True,3,0,1.0,112,PARAMS_REQUIRED,3,True
rev5,86,"How should communications be monitored and controlled at system interfaces, and how must external connections be managed to protect organizational networks?",3,1,False,0,,0,0,True,True,True,4,1,0.75,239,PARAMS_REQUIRED,1,True,True,True,True,4,1,0.75,239,PARAMS_REQUIRED,1,True
rev5,87,What measures should be implemented to protect the confidentiality and integrity of transmitted information across internal and external networks?,1,0,True,1,sc-8_smt,0,1,True,True,True,2,1,0.5,375,OK,0,True,True,True,True,3,2,0.3333333333333333,385,PARAMS_REQUIRED,1,False
rev5,88,What requirements apply to establishing and managing cryptographic keys used within the system?,1,1,False,0,,0,0,True,True,True,2,1,0.5,127,PARAMS_REQUIRED,1,True,True,True,True,2,1,0.5,127,PARAMS_REQUIRED,1,True
rev5,89,"How should cryptographic mechanisms be selected and implemented to comply with applicable laws, policies, and standards?",1,0,False,0,,0,0,False,False,False,2,2,0.0,61,OK,0,True,False,False,False,2,2,0.0,61,OK,0,True
rev5,90,What protections must be applied to ensure the confidentiality and integrity of information at rest within system components?,1,0,True,1,sc-28_smt,0,1,True,True,True,2,1,0.5,282,OK,0,True,True,True,True,3,2,0.3333333333333333,300,PARAMS_REQUIRED,2,False
rev5,91,"What actions must organizations take to identify, report, test, and install security-relevant software and firmware updates?",4,1,False,0,,0,0,False,False,True,5,2,0.6,322,PARAMS_REQUIRED,1,True,False,False,True,5,2,0.6,322,PARAMS_REQUIRED,1,True
rev5,92,What are the requirements for implementing and managing malicious-code protection mechanisms across the system?,6,5,False,0,,0,0,False,False,True,7,2,0.7142857142857143,594,PARAMS_REQUIRED,5,True,False,False,True,7,2,0.7142857142857143,594,PARAMS_REQUIRED,5,True
rev5,93,"How should systems be monitored to detect attacks, unauthorized connections, and anomalous activities, and how should such events be analyzed and reported?",11,5,False,0,,0,0,False,False,True,7,1,0.8571428571428571,408,PARAMS_REQUIRED,4,False,False,False,True,7,1,0.8571428571428571,408,PARAMS_REQUIRED,4,False
rev5,94,"What integrity-verification mechanisms should be employed to detect unauthorized changes to software, firmware, or data?",2,2,False,0,,0,0,True,True,True,4,2,0.5,167,PARAMS_REQUIRED,2,True,True,True,True,4,2,0.5,167,PARAMS_REQUIRED,2,True
rev5,95,How should organizations validate system inputs to prevent injection or cross-site scripting attacks?,1,0,True,1,si-10_smt,0,1,True,True,True,1,0,1.0,212,OK,0,True,True,True,True,2,1,0.5,225,PARAMS_REQUIRED,1,False
rev5,96,"What elements must be included in a supply-chain risk management plan, and how often should it be reviewed and protected from unauthorized disclosure?",3,2,False,0,,0,0,True,True,True,4,1,0.75,450,PARAMS_REQUIRED,2,True,True,True,True,4,1,0.75,450,PARAMS_REQUIRED,2,True
rev5,97,How should organizations identify and address weaknesses in supply-chain elements and document protective controls and processes?,3,4,False,0,,0,0,True,True,True,3,0,1.0,85,PARAMS_REQUIRED,4,True,True,True,True,3,0,1.0,85,PARAMS_REQUIRED,4,True
rev5,98,"What acquisition and contracting practices should be employed to protect the supply chain from counterfeit, tampered, or malicious components?",1,0,False,0,,0,0,True,True,True,2,1,0.5,215,PARAMS_REQUIRED,1,False,True,True,True,2,1,0.5,215,PARAMS_REQUIRED,1,False
rev5,99,How frequently should supply-chain-related risks be assessed and reviewed for suppliers and contractors?,1,1,False,0,,0,0,True,True,True,1,0,1.0,27,PARAMS_REQUIRED,1,True,True,True,True,1,0,1.0,27,PARAMS_REQUIRED,1,True
rev5,100,"What policies and procedures should be developed to detect, prevent, and report counterfeit components within the system?",2,1,False,0,,0,0,True,True,True,4,2,0.5,100,PARAMS_REQUIRED,1,True,True,True,True,4,2,0.5,100,PARAMS_REQUIRED,1,True
rev4,1,What does AC-2 require the organization to do when managing information system accounts?,1,1,False,0,,0,0,True,True,True,7,6,0.14285714285714285,104,PARAMS_REQUIRED,4,False,True,True,True,7,6,0.14285714285714285,104,PARAMS_REQUIRED,4,False
rev4,2,What principle does AC-6 require the organization to employ for user/system access?,1,0,False,0,,0,0,True,True,True,2,1,0.5,109,OK,0,True,True,True,True,2,1,0.5,109,OK,0,True
rev4,3,What security awareness training must the organization provide and when?,4,1,False,0,,0,0,True,True,True,5,1,0.8,159,PARAMS_REQUIRED,1,True,True,True,True,5,1,0.8,159,PARAMS_REQUIRED,1,True
rev4,4,What are the requirements for role-based security training and timing of delivery?,4,1,False,0,,0,0,False,False,True,4,1,0.75,187,PARAMS_REQUIRED,1,True,False,False,True,4,1,0.75,187,PARAMS_REQUIRED,1,True
rev4,5,What must the organization determine about events within the information system?,1,1,False,0,,0,0,True,True,True,4,3,0.25,143,PARAMS_REQUIRED,2,False,True,True,True,4,3,0.25,143,PARAMS_REQUIRED,2,False
rev4,6,What audit record contents are the system required to generate?,1,0,True,3,au-12_smt.a|au-12_smt.b|au-12_smt,0,3,True,True,True,2,1,0.5,109,OK,0,True,True,True,True,5,4,0.2,215,PARAMS_REQUIRED,2,False
rev4,7,What are the requirements regarding assessment of security controls and frequency?,1,1,False,0,,0,0,True,True,True,5,4,0.2,469,PARAMS_REQUIRED,1,True,True,True,True,5,4,0.2,469,PARAMS_REQUIRED,1,True
rev4,8,What elements must be included in the continuous monitoring strategy and program?,8,5,False,0,,0,0,True,True,True,8,0,1.0,224,PARAMS_REQUIRED,5,True,True,True,True,8,0,1.0,224,PARAMS_REQUIRED,5,True
rev4,9,What does CM-2 require regarding the baseline configuration of the information system?,1,0,False,0,,0,0,True,True,True,2,1,0.5,144,OK,0,True,True,True,True,2,1,0.5,144,OK,0,True
rev4,10,What are the requirements for establishing and documenting configuration settings?,1,1,False,0,,0,0,True,True,True,2,1,0.5,54,PARAMS_REQUIRED,3,False,True,True,True,2,1,0.5,54,PARAMS_REQUIRED,3,False
rev4,11,What does CP-2 require in developing a contingency plan for the information system?,2,0,False,0,,0,0,True,True,True,6,4,0.3333333333333333,70,PARAMS_REQUIRED,1,False,True,True,True,6,4,0.3333333333333333,70,PARAMS_REQUIRED,1,False
rev4,12,What does CP-9 require for conducting and protecting backups at the storage location?,4,3,False,0,,0,0,True,True,True,4,0,1.0,57,PARAMS_REQUIRED,3,True,True,True,True,4,0,1.0,57,PARAMS_REQUIRED,3,True
rev4,13,What identification and authentication requirement does IA-2 specify for organizational users?,1,0,False,0,,0,0,True,True,True,2,1,0.5,408,OK,0,True,True,True,True,2,1,0.5,408,OK,0,True
rev4,14,"What processes are in place to securely create, distribute, protect, and revoke authenticators such as passwords, tokens, or certificates?",1,0,False,0,,0,0,True,True,True,6,5,0.16666666666666666,296,PARAMS_REQUIRED,1,False,True,True,True,6,5,0.16666666666666666,296,PARAMS_REQUIRED,1,False
rev4,15,What incident handling capability does IR-4 require the organization to implement?,1,0,False,0,,0,0,True,True,True,4,3,0.25,101,OK,0,True,True,True,True,4,3,0.25,101,OK,0,True
rev4,16,What does IR-6 require about reporting suspected security incidents and by when?,2,1,False,0,,0,0,False,False,True,2,1,0.5,54,PARAMS_REQUIRED,2,False,False,False,True,2,1,0.5,54,PARAMS_REQUIRED,2,False
rev4,17,What actions does MA-3 require the organization to do with information system maintenance tools?,1,0,False,0,,0,0,True,True,True,2,1,0.5,116,OK,0,True,True,True,True,2,1,0.5,116,OK,0,True
rev4,18,Who must approve removing the system or components off-site for maintenance?,1,1,False,0,,0,0,True,True,True,6,5,0.16666666666666666,236,PARAMS_REQUIRED,2,False,True,True,True,6,5,0.16666666666666666,236,PARAMS_REQUIRED,2,False
rev4,19,What does MP-4 require for protecting information system media?,2,2,False,0,,0,0,True,True,True,4,2,0.5,254,PARAMS_REQUIRED,2,True,True,True,True,4,2,0.5,254,PARAMS_REQUIRED,2,True
rev4,20,What does MP-6 require for sanitizing media prior to disposal or release?,2,2,False,0,,0,0,True,True,True,3,1,0.6666666666666666,110,PARAMS_REQUIRED,2,True,True,True,True,3,1,0.6666666666666666,110,PARAMS_REQUIRED,2,True
rev4,21,What are the requirements for enforcing physical access authorizations at facility entry/exit points?,9,8,False,0,,0,0,False,False,True,2,0,1.0,22,PARAMS_REQUIRED,1,False,False,False,True,2,0,1.0,22,PARAMS_REQUIRED,1,False
rev4,22,What does PE-6 require regarding monitoring physical access to the facility?,1,0,False,0,,0,0,True,True,True,5,4,0.2,165,PARAMS_REQUIRED,2,False,True,True,True,5,4,0.2,165,PARAMS_REQUIRED,2,False
rev4,23,What does PL-2 require for the security plan describing controls in place or planned?,6,0,True,3,pl-2_smt.b|pl-2_smt.c|pl-2_smt,0,3,False,False,True,2,2,0.0,296,OK,0,True,False,False,True,5,5,0.0,526,PARAMS_REQUIRED,2,False
rev4,24,What does PL-4 require about establishing and disseminating rules of behavior to system users?,1,0,False,0,,0,0,True,True,True,4,3,0.25,171,PARAMS_REQUIRED,1,False,True,True,True,4,3,0.25,171,PARAMS_REQUIRED,1,False
rev4,25,What does PM-1 require regarding an organization-wide information security program plan?,2,0,False,0,,0,0,True,True,True,8,6,0.25,294,PARAMS_REQUIRED,1,False,True,True,True,8,6,0.25,294,PARAMS_REQUIRED,1,False
rev4,26,"What specific documentation artifacts must the organization employ to record information security resource requirements during capital planning, and how must exceptions to resource inclusion be handled?",3,0,False,0,,0,0,False,False,True,3,1,0.6666666666666666,90,OK,0,True,False,False,True,3,1,0.6666666666666666,90,OK,0,True
rev4,27,What does PS-2 require regarding position risk designations and screening criteria?,2,0,False,0,,0,0,True,True,True,4,2,0.5,72,PARAMS_REQUIRED,1,False,True,True,True,4,2,0.5,72,PARAMS_REQUIRED,1,False
rev4,28,What does PS-3 require before authorizing access to the information system?,2,1,False,0,,0,0,True,True,True,2,0,1.0,20,PARAMS_REQUIRED,1,True,True,True,True,2,0,1.0,20,PARAMS_REQUIRED,1,True
rev4,29,What does RA-2 require regarding categorizing the information system and its resident information?,1,0,False,0,,0,0,True,True,True,4,3,0.25,186,OK,0,True,True,True,True,4,3,0.25,186,OK,0,True
rev4,30,"What does RA-5 require for scanning vulnerabilities, including frequency and trigger conditions?",1,1,False,0,,0,0,False,False,True,2,2,0.0,351,PARAMS_REQUIRED,3,False,False,False,True,2,2,0.0,351,PARAMS_REQUIRED,3,False
rev4,31,What does SA-3 require about managing the system?,4,1,False,0,,0,0,True,True,True,4,0,1.0,52,PARAMS_REQUIRED,1,True,True,True,True,4,0,1.0,52,PARAMS_REQUIRED,1,True
rev4,32,What does SA-4 require including in acquisition contracts for information systems?,8,0,False,0,,0,0,False,False,True,6,0,1.0,119,OK,0,True,False,False,True,6,0,1.0,119,OK,0,True
rev4,33,What does SC-7 require the system to do at external and key internal boundaries?,1,0,False,0,,0,0,True,True,True,3,2,0.3333333333333333,112,PARAMS_REQUIRED,1,False,True,True,True,3,2,0.3333333333333333,112,PARAMS_REQUIRED,1,False
rev4,34,What protections for transmitted information does SC-8 require?,1,1,False,0,,0,0,True,True,True,2,1,0.5,191,PARAMS_REQUIRED,1,True,True,True,True,2,1,0.5,191,PARAMS_REQUIRED,1,True
rev4,35,"What does SI-2 require for identifying, reporting, and correcting system flaws?",4,1,False,0,,0,0,True,True,True,5,1,0.8,110,PARAMS_REQUIRED,1,True,True,True,True,5,1,0.8,110,PARAMS_REQUIRED,1,True
rev4,36,"What monitoring does SI-4 require to detect attacks, indicators, and unauthorized connections?",3,1,False,0,,0,0,True,True,True,3,0,1.0,27,PARAMS_REQUIRED,1,True,True,True,True,3,0,1.0,27,PARAMS_REQUIRED,1,True
