framework_version,use_org_profile,model_id,example_name,variant_idx,prompt,status,primary_citation,odp_required_list,evidence_spans_len,answer_text,evidence_spans,rewrites_count,rewrites
rev5,False,Qwen/Qwen2.5-7B-Instruct,odp_password_length,1,What is the required password length in NIST SP 800-53?,PARAMS_REQUIRED,ia-5_smt,"[""ia-05_odp.01"", ""ia-05_odp.02""]",3,"Changing or refreshing authenticators {{ insert: param, ia-05_odp.01 }} or when {{ insert: param, ia-05_odp.02 }} occur;

Manage system authenticators by: a. Verifying, as part of the initial authenticator distribution, the identity of the individual, group, role, service, or device receiving the authenticator; b. Establishing initial authenticator content for any authenticators issued by the organization; c. Ensuring that authenticators have sufficient strength of mechanism for their intended use; d. Establishing and implementing administrative procedures for initial authenticator distribution, for lost or compromised or damaged authenticators, and for revoking authenticators; e. Changing default authenticators prior to first use; f. Changing or refreshing authenticators {{ insert: param, ia-05_odp.01 }} or when {{ insert: param, ia-05_odp.02 }} occur; g. Protecting authenticator content from unauthorized disclosure and modification; h. Requiring individuals to take, and having devices implement, specific controls to protect authenticators; and i. Changing authenticators for group or role accounts when membership to those accounts changes.

Ensuring that authenticators have sufficient strength of mechanism for their intended use;","[{""source_id"": ""ia-5_smt.f"", ""span_text"": ""Changing or refreshing authenticators {{ insert: param, ia-05_odp.01 }} or when {{ insert: param, ia-05_odp.02 }} occur;""}, {""source_id"": ""ia-5_smt"", ""span_text"": ""Manage system authenticators by: a. Verifying, as part of the initial authenticator distribution, the identity of the individual, group, role, service, or device receiving the authenticator; b. Establishing initial authenticator content for any authenticators issued by the organization; c. Ensuring that authenticators have sufficient strength of mechanism for their intended use; d. Establishing and implementing administrative procedures for initial authenticator distribution, for lost or compromised or damaged authenticators, and for revoking authenticators; e. Changing default authenticators prior to first use; f. Changing or refreshing authenticators {{ insert: param, ia-05_odp.01 }} or when {{ insert: param, ia-05_odp.02 }} occur; g. Protecting authenticator content from unauthorized disclosure and modification; h. Requiring individuals to take, and having devices implement, specific controls to protect authenticators; and i. Changing authenticators for group or role accounts when membership to those accounts changes.""}, {""source_id"": ""ia-5_smt.c"", ""span_text"": ""Ensuring that authenticators have sufficient strength of mechanism for their intended use;""}]",0,[]
rev5,False,Qwen/Qwen2.5-7B-Instruct,odp_password_length,2,"Under NIST SP 800-53, how long do passwords need to be?",PARAMS_REQUIRED,ia-5_smt,"[""ia-05_odp.01"", ""ia-05_odp.02""]",3,"Changing or refreshing authenticators {{ insert: param, ia-05_odp.01 }} or when {{ insert: param, ia-05_odp.02 }} occur;

Manage system authenticators by: a. Verifying, as part of the initial authenticator distribution, the identity of the individual, group, role, service, or device receiving the authenticator; b. Establishing initial authenticator content for any authenticators issued by the organization; c. Ensuring that authenticators have sufficient strength of mechanism for their intended use; d. Establishing and implementing administrative procedures for initial authenticator distribution, for lost or compromised or damaged authenticators, and for revoking authenticators; e. Changing default authenticators prior to first use; f. Changing or refreshing authenticators {{ insert: param, ia-05_odp.01 }} or when {{ insert: param, ia-05_odp.02 }} occur; g. Protecting authenticator content from unauthorized disclosure and modification; h. Requiring individuals to take, and having devices implement, specific controls to protect authenticators; and i. Changing authenticators for group or role accounts when membership to those accounts changes.

Require immediate selection of a new password upon account recovery;","[{""source_id"": ""ia-5_smt.f"", ""span_text"": ""Changing or refreshing authenticators {{ insert: param, ia-05_odp.01 }} or when {{ insert: param, ia-05_odp.02 }} occur;""}, {""source_id"": ""ia-5_smt"", ""span_text"": ""Manage system authenticators by: a. Verifying, as part of the initial authenticator distribution, the identity of the individual, group, role, service, or device receiving the authenticator; b. Establishing initial authenticator content for any authenticators issued by the organization; c. Ensuring that authenticators have sufficient strength of mechanism for their intended use; d. Establishing and implementing administrative procedures for initial authenticator distribution, for lost or compromised or damaged authenticators, and for revoking authenticators; e. Changing default authenticators prior to first use; f. Changing or refreshing authenticators {{ insert: param, ia-05_odp.01 }} or when {{ insert: param, ia-05_odp.02 }} occur; g. Protecting authenticator content from unauthorized disclosure and modification; h. Requiring individuals to take, and having devices implement, specific controls to protect authenticators; and i. Changing authenticators for group or role accounts when membership to those accounts changes.""}, {""source_id"": ""ia-5.1_smt.e"", ""span_text"": ""Require immediate selection of a new password upon account recovery;""}]",0,[]
rev5,False,Qwen/Qwen2.5-7B-Instruct,odp_password_length,3,"Based on NIST SP 800-53, what password length is required?",PARAMS_REQUIRED,ia-5.1_smt.e,"[""ia-05_odp.01"", ""ia-05_odp.02""]",3,"Changing or refreshing authenticators {{ insert: param, ia-05_odp.01 }} or when {{ insert: param, ia-05_odp.02 }} occur;

Manage system authenticators by: a. Verifying, as part of the initial authenticator distribution, the identity of the individual, group, role, service, or device receiving the authenticator; b. Establishing initial authenticator content for any authenticators issued by the organization; c. Ensuring that authenticators have sufficient strength of mechanism for their intended use; d. Establishing and implementing administrative procedures for initial authenticator distribution, for lost or compromised or damaged authenticators, and for revoking authenticators; e. Changing default authenticators prior to first use; f. Changing or refreshing authenticators {{ insert: param, ia-05_odp.01 }} or when {{ insert: param, ia-05_odp.02 }} occur; g. Protecting authenticator content from unauthorized disclosure and modification; h. Requiring individuals to take, and having devices implement, specific controls to protect authenticators; and i. Changing authenticators for group or role accounts when membership to those accounts changes.

Require immediate selection of a new password upon account recovery;","[{""source_id"": ""ia-5_smt.f"", ""span_text"": ""Changing or refreshing authenticators {{ insert: param, ia-05_odp.01 }} or when {{ insert: param, ia-05_odp.02 }} occur;""}, {""source_id"": ""ia-5_smt"", ""span_text"": ""Manage system authenticators by: a. Verifying, as part of the initial authenticator distribution, the identity of the individual, group, role, service, or device receiving the authenticator; b. Establishing initial authenticator content for any authenticators issued by the organization; c. Ensuring that authenticators have sufficient strength of mechanism for their intended use; d. Establishing and implementing administrative procedures for initial authenticator distribution, for lost or compromised or damaged authenticators, and for revoking authenticators; e. Changing default authenticators prior to first use; f. Changing or refreshing authenticators {{ insert: param, ia-05_odp.01 }} or when {{ insert: param, ia-05_odp.02 }} occur; g. Protecting authenticator content from unauthorized disclosure and modification; h. Requiring individuals to take, and having devices implement, specific controls to protect authenticators; and i. Changing authenticators for group or role accounts when membership to those accounts changes.""}, {""source_id"": ""ia-5.1_smt.e"", ""span_text"": ""Require immediate selection of a new password upon account recovery;""}]",0,[]
rev5,False,Qwen/Qwen2.5-7B-Instruct,language_mismatch_mfa_admins,1,Do we need MFA for admins under NIST SP 800-53?,OK,ia-2.1_smt,[],1,Implement multi-factor authentication for access to privileged accounts.,"[{""source_id"": ""ia-2.1_smt"", ""span_text"": ""Implement multi-factor authentication for access to privileged accounts.""}]",0,[]
rev5,False,Qwen/Qwen2.5-7B-Instruct,language_mismatch_mfa_admins,2,"Under NIST SP 800-53, do administrators need multi-factor authentication?",OK,ia-2.1_smt,[],1,Implement multi-factor authentication for access to privileged accounts.,"[{""source_id"": ""ia-2.1_smt"", ""span_text"": ""Implement multi-factor authentication for access to privileged accounts.""}]",0,[]
rev5,False,Qwen/Qwen2.5-7B-Instruct,language_mismatch_mfa_admins,3,Do privileged users have to use MFA in NIST SP 800-53?,OK,ia-2.1_smt,[],1,Implement multi-factor authentication for access to privileged accounts.,"[{""source_id"": ""ia-2.1_smt"", ""span_text"": ""Implement multi-factor authentication for access to privileged accounts.""}]",0,[]
rev5,False,Qwen/Qwen2.5-7B-Instruct,posthoc_citation_privileged_mfa,1,Do privileged users need multi-factor authentication? Please include the control citation.,OK,ia-2.1_smt,[],1,Implement multi-factor authentication for access to privileged accounts.,"[{""source_id"": ""ia-2.1_smt"", ""span_text"": ""Implement multi-factor authentication for access to privileged accounts.""}]",0,[]
rev5,False,Qwen/Qwen2.5-7B-Instruct,posthoc_citation_privileged_mfa,2,Which NIST SP 800-53 control says privileged users need MFA? Please answer with the citation.,OK,ia-2.1_smt,[],1,Implement multi-factor authentication for access to privileged accounts.,"[{""source_id"": ""ia-2.1_smt"", ""span_text"": ""Implement multi-factor authentication for access to privileged accounts.""}]",0,[]
rev5,False,Qwen/Qwen2.5-7B-Instruct,posthoc_citation_privileged_mfa,3,Please answer using NIST SP 800-53 and include the control citation: Do admins need MFA?,OK,ia-2.1_smt,[],1,Implement multi-factor authentication for access to privileged accounts.,"[{""source_id"": ""ia-2.1_smt"", ""span_text"": ""Implement multi-factor authentication for access to privileged accounts.""}]",0,[]
