model_id,example_name,variant_idx,prompt,answer_text
Qwen/Qwen2.5-7B-Instruct,odp_password_length,1,What is the required password length in NIST SP 800-53?,"NIST Special Publication (SP) 800-53 provides guidelines for security and privacy controls in information systems. Regarding password length, NIST SP 800-53 does not specify an exact minimum length but emphasizes the importance of complexity and length together.

In particular, NIST recommends that passwords should be long enough to resist brute-force attacks while also being manageable for users. The publication suggests that a minimum length of 8 characters is often insufficient, especially when considering the increasing power of modern computing. Instead, it recommends a minimum length of at least 12 characters, with a preference for longer passwords.

The key focus in NIST's guidance is on the combination of length and complexity rather than just one factor. This means that while a longer password is better, it should also include a mix of character types (uppercase letters, lowercase letters, numbers, and special characters).

For example, NIST SP 800-63B, which provides guidelines for authentication and password management, states that:

- The minimum length for a password should be 8 characters.
- However, it recommends a minimum length of 16 characters for new passwords.
- It also emphasizes the importance of using a mix of character types.

So, while there isn't a single, fixed length requirement, NIST generally recommends longer passwords to enhance security."
Qwen/Qwen2.5-7B-Instruct,odp_password_length,2,"Under NIST SP 800-53, how long do passwords need to be?","According to NIST Special Publication (SP) 800-53, the specific requirements for password length can vary depending on the security control and the classification level of the system. However, as of the latest guidelines, NIST does not prescribe a fixed minimum length for passwords. Instead, it emphasizes the importance of using strong password policies that include complexity, length, and other factors.

NIST SP 800-63B, which provides guidelines for identity proofing, continuous authentication, and ongoing trust assessment, recommends that passwords should be complex and sufficiently long to resist guessing and brute-force attacks. The publication suggests that:

1. **Password Complexity**: Passwords should contain a mix of character types (uppercase letters, lowercase letters, digits, and special characters).

2. **Password Length**: While there is no specific minimum length requirement, longer passwords are generally more secure. NIST recommends that users create passwords that are at least 8 characters long, but longer passwords provide better security.

3. **Password Strength**: The strength of a password is more important than its length alone. A short password with sufficient complexity can be more secure than a long password with poor complexity.

4. **Password Policies**: Organizations should implement strong password policies that include requirements for password complexity, length, and periodic changes, while also considering user experience and security best practices.

In summary, while NIST does not specify an exact minimum length, it strongly encourages the use of complex and sufficiently long passwords to enhance security. The focus is on creating strong, complex passwords rather than just adhering to a strict length requirement."
Qwen/Qwen2.5-7B-Instruct,odp_password_length,3,"Based on NIST SP 800-53, what password length is required?","According to NIST Special Publication (SP) 800-53, the specific requirements for password length can vary depending on the security category and the system's classification. However, as of the latest guidelines, NIST recommends that passwords should be at least 8 characters long, but longer passwords are generally preferred.

NIST SP 800-63B, which provides guidelines for authentication and password management, states that:

- Passwords should be at least 8 characters in length.
- Longer passwords provide better security.
- The use of passphrases is encouraged over shorter passwords with mixed character types.

It's important to note that while these are general recommendations, the specific requirements for your organization may differ based on your security policies and the risk assessment of your environment. Always refer to the most current version of NIST SP 800-53 and other relevant NIST publications for the most accurate and up-to-date guidance."
Qwen/Qwen2.5-7B-Instruct,language_mismatch_mfa_admins,1,Do we need MFA for admins under NIST SP 800-53?,"Under the NIST Special Publication (SP) 800-53, Multi-Factor Authentication (MFA) is recommended for various security controls to enhance the security posture of an organization. While NIST SP 800-53 does not explicitly mandate MFA for all administrative accounts, it provides guidelines and recommendations that can be interpreted to include MFA for administrators.

### Key Recommendations from NIST SP 800-53:

1. **AC-2 Access Control**: This control area includes recommendations for implementing access controls, which can be interpreted to include MFA as a method to strengthen authentication.

2. **IA-3 Identity and Access Management**: This control area covers identity management and access control policies, which can also be interpreted to include the use of MFA to protect administrative accounts.

3. **CM-6 Configuration Management**: This control area includes recommendations for managing system configurations, which can be extended to include MFA as part of secure configuration practices.

4. **SC-22 Security Assessments**: This control area involves conducting security assessments, which can include evaluating the effectiveness of MFA in protecting administrative accounts.

### Best Practices:

- **Implement MFA for Administrative Accounts**: Given the high risk associated with administrative accounts, implementing MFA is a best practice to reduce the risk of unauthorized access.
  
- **Comprehensive Security Posture**: NIST SP 800-53 emphasizes a comprehensive security posture, which includes multiple layers of defense. MFA is one such layer that can significantly enhance security.

- **Risk-Based Approach**: Organizations should adopt a risk-based approach to determine where MFA is most critical. High-risk environments or systems may require MFA for all administrative accounts.

### Conclusion:

While NIST SP 800-53 does not explicitly state that MFA must be used for all administrative accounts, the overall guidance and best"
Qwen/Qwen2.5-7B-Instruct,language_mismatch_mfa_admins,2,"Under NIST SP 800-53, do administrators need multi-factor authentication?","According to the National Institute of Standards and Technology (NIST) Special Publication 800-53, multi-factor authentication (MFA) is not explicitly mandated as a requirement for all administrators across all systems and services. However, NIST does recommend the use of MFA as a best practice to enhance security controls.

NIST SP 800-53 provides a framework for security and privacy controls in information systems, and it includes recommendations for various types of controls, such as administrative, physical, and technical controls. While specific control families like AC (Access Control) may include recommendations that can be implemented with MFA, the publication itself does not uniformly require MFA for all administrator accounts.

The decision to implement MFA should be based on a risk assessment that considers factors such as the sensitivity of the data, the criticality of the system, and the potential impact of a security breach. If an organization determines that MFA would significantly reduce risk, then implementing it is advisable according to NIST guidelines.

In summary, while NIST SP 800-53 does not universally mandate MFA for all administrators, it strongly recommends its use as part of a comprehensive security strategy. Organizations should evaluate their specific needs and risks to determine whether MFA is appropriate for their environment."
Qwen/Qwen2.5-7B-Instruct,language_mismatch_mfa_admins,3,Do privileged users have to use MFA in NIST SP 800-53?,"According to the NIST Special Publication 800-53 (SP 800-53), there is no specific requirement that all privileged users must use Multi-Factor Authentication (MFA). However, SP 800-53 does emphasize the importance of implementing strong authentication mechanisms for privileged accounts and access.

The publication recommends several controls related to authentication and access management, such as:

- **AC-2 (Authentication):** This control area includes guidance on the implementation of strong authentication methods, which can include MFA.
- **IA-1 (Identity Management):** This control area covers the management of identities and access, including the use of strong authentication mechanisms.
- **CM-6 (Configuration Management):** This control area includes guidance on managing system configurations, which can involve ensuring that privileged accounts are properly secured.

While SP 800-53 does not mandate MFA for all privileged users, it strongly encourages organizations to implement robust authentication practices, including MFA, to protect against unauthorized access to sensitive systems and data.

Organizations should assess their risk profiles and implement appropriate controls based on their specific needs and regulatory requirements. If MFA is deemed necessary to mitigate risks associated with privileged user access, then it should be implemented according to best practices and organizational policies."
Qwen/Qwen2.5-7B-Instruct,posthoc_citation_privileged_mfa,1,Do privileged users need multi-factor authentication? Please include the control citation.,"Yes, privileged users should be required to use multi-factor authentication (MFA) to enhance security. Multi-factor authentication adds an extra layer of security beyond just a password, making it more difficult for unauthorized individuals to gain access to sensitive systems and data.

The National Institute of Standards and Technology (NIST) Special Publication 800-63B, which provides guidelines for authentication and identity management, recommends the use of MFA for privileged accounts. Specifically, NIST SP 800-63B states that:

- **Section 5.1.2.4**: ""For all authentication factors, the organization must implement controls to protect against the compromise of the factor and to detect such compromise.""

- **Section 5.1.2.5**: ""The organization must implement controls to protect against the compromise of the authentication protocol or mechanism and to detect such compromise.""

- **Section 5.1.2.6**: ""The organization must implement controls to protect against the compromise of the authentication process and to detect such compromise.""

- **Section 5.1.2.7**: ""The organization must implement controls to protect against the compromise of the authentication system and to detect such compromise.""

In the context of privileged users, these recommendations emphasize the importance of using MFA to protect against unauthorized access. MFA can significantly reduce the risk of successful attacks, especially in scenarios where privileged credentials might be compromised through phishing, brute force attacks, or other means.

Therefore, organizations should implement MFA for privileged users to align with best practices and security standards like those provided by NIST."
Qwen/Qwen2.5-7B-Instruct,posthoc_citation_privileged_mfa,2,Which NIST SP 800-53 control says privileged users need MFA? Please answer with the citation.,"The NIST Special Publication 800-53 revision 4 (SP 800-53 Rev. 4) does not explicitly state that privileged users need Multi-Factor Authentication (MFA) in a single control. However, it provides several controls that can be interpreted to require or recommend MFA for privileged users. One such control is:

- **CM-7 (Rev. 4): Use of Multi-Factor Authentication**: This control recommends the use of multi-factor authentication for system access. While it does not specifically mention privileged users, its application can be extended to include them.

Additionally, there are other controls that, when applied to privileged accounts, can imply the need for MFA:

- **AC-2 (Rev. 4): Access Control Policy and Procedures**: Ensuring that access control policies and procedures are established and implemented, which may include requiring MFA for privileged accounts.
- **AU-1 (Rev. 4): Audit and Accountability**: Implementing mechanisms to detect, document, and analyze security-relevant events, which might necessitate MFA for privileged users to enhance accountability and detection capabilities.

For a more direct requirement, you might consider:

- **SC-26 (Rev. 4): Identity Proofing**: This control involves verifying the identity of individuals before granting them access to information systems. Implementing MFA as part of the identity proofing process can help ensure that only authorized and verified users gain access, especially for privileged accounts.

It's important to review the specific implementation guidance and risk assessments to determine the appropriate application of these controls for your organization's needs."
Qwen/Qwen2.5-7B-Instruct,posthoc_citation_privileged_mfa,3,Please answer using NIST SP 800-53 and include the control citation: Do admins need MFA?,"According to NIST Special Publication 800-53, Multi-Factor Authentication (MFA) is recommended for enhancing security controls, particularly in managing access to systems and data. Specifically, the publication recommends implementing MFA to protect against unauthorized access and to ensure that only authorized individuals can perform administrative functions.

The relevant control that addresses this requirement is **CM-7 (IA-7)**, which pertains to the implementation of mechanisms to authenticate users. This control includes sub-controls that can be configured to require multi-factor authentication for administrative functions.

**Citation:**
- **Control ID:** CM-7 (IA-7)
- **Title:** Implement Mechanisms to Authenticate Users

This control aims to ensure that users are properly authenticated before they gain access to system resources, including administrative functions. By requiring MFA, organizations can significantly reduce the risk of unauthorized access and improve overall security posture."
