question,control_id,odp_required,rank,version
What must an organization enforce regarding logical access to its information and systems?,AC-3,N/A,3,rev5
How must a system be configured to handle consecutive invalid logon attempts?,AC-7,N/A,1,rev5
What information must each audit record contain to support after-the-fact investigation of security incidents?,AU-3,N/A,1,rev5
What are the primary responsibilities of an authorizing official regarding system authorization and risk determination?,CA-6,N/A,2,rev5
What are the lifecycle requirements for system baseline configurations?,CM-2,N/A,2,rev5
What must an organization do to manage configuration-controlled changes?,CM-3,N/A,2,rev5
What should be analyzed before implementing a system change?,CM-4,N/A,15,rev5
"What are the requirements for developing, maintaining, and updating a system component inventory?",CM-8,N/A,6,rev5
What information should organizations maintain and analyze when documenting and reviewing security incidents?,IR-5,N/A,3,rev5
What are the key considerations for a controlled system maintenance program?,MA-2,N/A,2,rev5
What process should be established for authorizing maintenance personnel and ensuring appropriate escorting and access control during maintenance?,MA-5,N/A,2,rev5
What is the guidance of control PL-2?,PL-2,N/A,6,rev5
What should security and privacy architectures describe to ensure protection of information and integration with the enterprise architecture?,PL-8,N/A,2,rev5
"How does the concept of tailoring allow organizations to customize control baselines to their mission, environment, and risk profile?",PL-10,N/A,2,rev5
"What considerations must be incorporated into the enterprise architecture to address security, privacy, and risk?",PM-7,N/A,1,rev5
"What are the key components of an organization's risk management strategy, and how should it be implemented and updated?",PM-9,N/A,6,rev5
What steps must be taken when an individual's employment or role is terminated?,PS-4,N/A,3,rev5
"What must organizations identify and document about the purposes and conditions for collecting, using, and sharing PII, and how should they handle changes to those purposes?",PT-3,N/A,2,rev5
"What steps are required to categorize a system and its information, and who must approve the decision?",RA-2,N/A,16,rev5
"How should organizations conduct and document risk assessments, and how often should the results be reviewed?",RA-3,N/A,2,rev5
What are developers required to produce and correct under a system's security and privacy assessment plan?,SA-11,N/A,2,rev5
What measures should be implemented to protect the confidentiality and integrity of transmitted information across internal and external networks?,SC-8,N/A,2,rev5
"How should cryptographic mechanisms be selected and implemented to comply with applicable laws, policies, and standards?",SC-13,N/A,3,rev5
