question_id,question,gold_control_id,odp_required,rank,is_hit_at_1,is_hit_at_5,is_hit_at_10,top_1_hit,retrieved_control_ids,system_meta
1,What does AC-2 require the organization to do when managing information system accounts?,AC-2,ac-2_prm_3,2,False,True,True,AC-3(2),"[""AC-3(2)"", ""AC-2"", ""AC-6(10)"", ""AC-10"", ""AC-6(2)"", ""PE-6(3)"", ""AC-2(12)"", ""AC-2(7)"", ""AC-2(1)"", ""AC-2(3)""]","{""sys"": ""S1""}"
6,What audit record contents are the system required to generate?,AU-3,N/A,3,False,True,True,AU-7(2),"[""AU-7(2)"", ""AU-7"", ""AU-3"", ""AU-3(2)"", ""AU-6(5)"", ""AU-12"", ""AU-11"", ""AU-5(1)"", ""AU-7(1)"", ""AU-9(3)""]","{""sys"": ""S1""}"
10,What are the requirements for establishing and documenting configuration settings?,CM-6,cm-6_prm_1,2,False,True,True,CP-7(4),"[""CP-7(4)"", ""CM-6"", ""CM-8(6)"", ""SC-7(7)"", ""CM-9"", ""CM-6(2)"", ""CM-2"", ""CM-3"", ""CM-6(1)"", ""IA-5""]","{""sys"": ""S1""}"
11,What does CP-2 require in developing a contingency plan for the information system?,CP-2,N/A,4,False,True,True,CP-2(7),"[""CP-2(7)"", ""CP-4(1)"", ""CP-4"", ""CP-2"", ""CP-3"", ""CP-9(2)"", ""CP-4(2)"", ""CP-2(1)"", ""CP-8(4)"", ""CP-2(3)""]","{""sys"": ""S1""}"
13,What identification and authentication requirement does IA-2 specify for organizational users?,IA-2,N/A,3,False,True,True,IA-8,"[""IA-8"", ""IA-1"", ""IA-2"", ""IA-9(2)"", ""IA-3"", ""IA-10"", ""IA-9"", ""IA-3(4)"", ""AC-14"", ""IA-2(11)""]","{""sys"": ""S1""}"
15,What incident handling capability does IR-4 require the organization to implement?,IR-4,N/A,4,False,True,True,IR-4(7),"[""IR-4(7)"", ""IR-4(6)"", ""IR-4(1)"", ""IR-4"", ""IR-4(8)"", ""IR-8"", ""IR-7"", ""IR-6"", ""IR-10"", ""IR-4(10)""]","{""sys"": ""S1""}"
21,What are the requirements for enforcing physical access authorizations at facility entry/exit points?,PE-3,"pe-3_prm_1
pe-3_prm_2
pe-3_prm_4
pe-3_prm_5
pe-3_prm_6
pe-3_prm_7
pe-3_prm_8
pe-3_prm_9",3,False,True,True,PE-16,"[""PE-16"", ""SI-8"", ""PE-3"", ""PE-18"", ""PE-3(1)"", ""SI-3"", ""PE-3(6)"", ""PE-2"", ""PE-8"", ""SC-7(14)""]","{""sys"": ""S1""}"
22,What does PE-6 require regarding monitoring physical access to the facility?,PE-6,N/A,2,False,True,True,PE-6(4),"[""PE-6(4)"", ""PE-6"", ""PE-3(6)"", ""PE-3"", ""PE-6(3)"", ""PE-3(3)"", ""AU-6(6)"", ""PE-2"", ""PE-2(1)"", ""PE-3(1)""]","{""sys"": ""S1""}"
26,"What specific documentation artifacts must the organization employ to record information security resource requirements during capital planning, and how must exceptions to resource inclusion be handled?",PM-3,N/A,2,False,True,True,SA-2,"[""SA-2"", ""PM-3"", ""CM-3(2)"", ""SC-20"", ""SA-11"", ""SI-4(24)"", ""CM-9"", ""CM-4"", ""IR-7"", ""SA-17(2)""]","{""sys"": ""S1""}"
29,What does RA-2 require regarding categorizing the information system and its resident information?,RA-2,N/A,0,False,False,False,RA-5(4),"[""RA-5(4)"", ""RA-5(2)"", ""RA-5(5)"", ""AC-3(3)"", ""RA-5"", ""RA-1"", ""RA-5(3)"", ""CP-4(1)"", ""RA-5(6)"", ""RA-5(8)""]","{""sys"": ""S1""}"
31,What does SA-3 require about managing the system?,SA-3,sa-3_prm_1,0,False,False,False,PE-6(3),"[""PE-6(3)"", ""RA-5(4)"", ""CP-4(1)"", ""SA-12(14)"", ""SC-5(2)"", ""IA-5(14)"", ""MA-6(3)"", ""SA-19(3)"", ""SA-4(2)"", ""AC-3(2)""]","{""sys"": ""S1""}"
32,What does SA-4 require including in acquisition contracts for information systems?,SA-4,N/A,0,False,False,False,SA-12,"[""SA-12"", ""SA-1"", ""CP-4(1)"", ""SA-4(2)"", ""SA-9(1)"", ""SA-11(4)"", ""SA-12(14)"", ""SA-11"", ""SA-9"", ""SA-12(8)""]","{""sys"": ""S1""}"
35,"What does SI-2 require for identifying, reporting, and correcting system flaws?",SI-2,si-2_prm_1,3,False,True,True,SI-10(2),"[""SI-10(2)"", ""SI-2(3)"", ""SI-2"", ""SI-3(6)"", ""SA-12(14)"", ""SI-8(3)"", ""CP-4(1)"", ""IR-2"", ""SI-7(16)"", ""SI-14""]","{""sys"": ""S1""}"
