family,revision,condition,n,strict_v1,strict_v2,revision_gate_pass,strict_decisions_changed
main,rev5,baseline,100,21,21,100,0
main,rev5,compliancegpt,100,65,65,100,0
main,rev5,gemini,100,56,56,100,0
main,rev4,baseline,36,6,6,36,0
main,rev4,compliancegpt,36,29,29,36,0
main,rev4,gemini,36,22,22,36,0
supplementary,rev5,no_selector,100,7,7,100,0
supplementary,rev5,rescue_off,100,59,59,100,0
supplementary,rev5,rescue_on,100,65,65,100,0
supplementary,rev5,top1,100,62,62,100,0
supplementary,rev5,top2,100,65,65,100,0
supplementary,rev5,top3,100,65,65,100,0
supplementary,rev5,top5,100,64,64,100,0
supplementary,rev4,no_selector,36,3,3,36,0
supplementary,rev4,rescue_off,36,29,29,36,0
supplementary,rev4,rescue_on,36,29,29,36,0
supplementary,rev4,baseline_bf16,36,7,7,36,0
supplementary,rev4,top1,36,26,26,36,0
supplementary,rev4,top2,36,29,29,36,0
supplementary,rev4,top3,36,29,29,36,0
supplementary,rev4,top5,36,28,28,36,0
repaired_no_selector,rev5,no_selector_requests,100,92,92,100,0
repaired_no_selector,rev4,no_selector_requests,36,35,35,36,0
