question_id,question,failure_category,S1_MRR,S2_MRR,S5_MRR,S6_MRR,S7_MRR
2,What must an organization enforce regarding logical access to its information and systems?,Terminology Mismatch,0.5000,1.0000,1.0000,0.5000,1.0000
4,How must a system be configured to handle consecutive invalid logon attempts?,Terminology Mismatch,0.5000,1.0000,0.5000,1.0000,1.0000
9,What type of activity should be included in literacy training to simulate real-world incidents?,Terminology Mismatch,0.0000,0.0000,0.0000,0.0000,0.0000
10,What method does AT-3(3) specify for reinforcing objectives in role-based security training?,Terminology Mismatch,0.5000,0.5000,1.0000,0.5000,1.0000
12,What information must each audit record contain to support after-the-fact investigation of security incidents?,Terminology Mismatch,0.3333,0.5000,0.5000,0.3333,0.5000
14,"What is the required process for reviewing system audit records, and what actions should be taken based on the findings?",Terminology Mismatch,0.5000,1.0000,1.0000,0.5000,1.0000
15,What are the requirements for generating and recording time stamps in audit records to ensure accuracy?,Terminology Mismatch,0.5000,1.0000,1.0000,1.0000,1.0000
16,"Describe the key steps of the formal control assessment process, from planning to reporting.",Terminology Mismatch,0.0000,1.0000,0.5000,1.0000,1.0000
19,What are the primary responsibilities of an authorizing official regarding system authorization and risk determination?,Terminology Mismatch,0.5000,1.0000,1.0000,1.0000,1.0000
23,What should be analyzed before implementing a system change?,Generic Phrasing,0.0000,0.5000,0.0000,0.5000,0.0000
24,"How should configuration settings be established, approved, and monitored?",Semantic Gap,0.5000,0.2000,0.5000,0.5000,1.0000
25,"What are the requirements for developing, maintaining, and updating a system component inventory?",Terminology Mismatch,0.3333,1.0000,0.5000,1.0000,1.0000
26,"What are the key elements that must be included in a contingency plan, and how should it be reviewed, distributed, and updated?",Terminology Mismatch,0.3333,0.2000,0.5000,0.1429,1.0000
39,What information should organizations maintain and analyze when documenting and reviewing security incidents?,Generic Phrasing,0.2500,1.0000,1.0000,0.1250,0.5000
44,What process should be established for authorizing maintenance personnel and ensuring appropriate escorting and access control during maintenance?,Generic Phrasing,0.3333,1.0000,0.5000,1.0000,0.5000
56,What is the guidance of control PL-2?,Generic Phrasing,0.1429,1.0000,1.0000,0.1667,1.0000
59,What should security and privacy architectures describe to ensure protection of information and integration with the enterprise architecture?,Generic Phrasing,0.5000,0.5000,0.5000,0.2500,0.5000
60,"How does the concept of tailoring allow organizations to customize control baselines to their mission, environment, and risk profile?",Semantic Gap,0.5000,0.5000,0.5000,0.5000,0.5000
65,"What are the key components of an organization's risk management strategy, and how should it be implemented and updated?",Terminology Mismatch,0.5000,1.0000,1.0000,0.2000,1.0000
67,When and how must individuals be screened before authorizing or maintaining access to organizational systems?,Terminology Mismatch,0.1250,1.0000,1.0000,0.5000,1.0000
68,What steps must be taken when an individual's employment or role is terminated?,Terminology Mismatch,0.3333,0.5000,0.5000,1.0000,0.5000
72,"What must organizations identify and document about the purposes and conditions for collecting, using, and sharing PII, and how should they handle changes to those purposes?",Terminology Mismatch,0.5000,0.2500,1.0000,1.0000,1.0000
76,"What steps are required to categorize a system and its information, and who must approve the decision?",Terminology Mismatch,0.5000,1.0000,1.0000,1.0000,1.0000
87,What measures should be implemented to protect the confidentiality and integrity of transmitted information across internal and external networks?,Terminology Mismatch,0.5000,1.0000,0.5000,1.0000,0.5000
89,"How should cryptographic mechanisms be selected and implemented to comply with applicable laws, policies, and standards?",Terminology Mismatch,0.5000,0.2500,0.5000,1.0000,0.5000
93,"How should systems be monitored to detect attacks, unauthorized connections, and anomalous activities, and how should such events be analyzed and reported?",Semantic Gap,0.3333,1.0000,1.0000,0.1000,0.3333
94,"What integrity-verification mechanisms should be employed to detect unauthorized changes to software, firmware, or data?",Terminology Mismatch,0.5000,0.5000,0.5000,0.5000,0.5000
1,What does AC-2 require the organization to do when managing information system accounts?,Generic Phrasing,0.5000,1.0000,1.0000,1.0000,1.0000
6,What audit record contents are the system required to generate?,Terminology Mismatch,0.3333,1.0000,1.0000,1.0000,0.2500
10,What are the requirements for establishing and documenting configuration settings?,Terminology Mismatch,0.5000,0.5000,1.0000,0.5000,1.0000
11,What does CP-2 require in developing a contingency plan for the information system?,Generic Phrasing,0.2500,1.0000,1.0000,1.0000,1.0000
13,What identification and authentication requirement does IA-2 specify for organizational users?,Terminology Mismatch,0.3333,0.5000,0.5000,1.0000,0.5000
15,What incident handling capability does IR-4 require the organization to implement?,Generic Phrasing,0.5000,1.0000,1.0000,1.0000,1.0000
21,What are the requirements for enforcing physical access authorizations at facility entry/exit points?,Terminology Mismatch,0.3333,1.0000,0.5000,1.0000,1.0000
22,What does PE-6 require regarding monitoring physical access to the facility?,Generic Phrasing,0.5000,1.0000,0.5000,1.0000,1.0000
29,What does RA-2 require regarding categorizing the information system and its resident information?,Generic Phrasing,0.0000,1.0000,0.2000,1.0000,1.0000
31,What does SA-3 require about managing the system?,Generic Phrasing,0.0000,1.0000,0.1667,1.0000,1.0000
32,What does SA-4 require including in acquisition contracts for information systems?,Generic Phrasing,0.1000,1.0000,0.2500,1.0000,1.0000
35,"What does SI-2 require for identifying, reporting, and correcting system flaws?",Generic Phrasing,0.3333,1.0000,1.0000,1.0000,1.0000
