dataset,system,N,Recall_at_1,Recall_at_5,Recall_at_10,MRR_at_10,nDCG_at_10
error_bank_rev4,S4,13,0.230769,0.769231,0.769231,0.461538,0.540286
error_bank_rev4,S4b,13,0.153846,0.769231,0.769231,0.397436,0.491753
error_bank_rev4,S7,13,0.846154,1.000000,1.000000,0.923077,0.943220
error_bank_rev4,S7a,13,0.692308,1.000000,1.000000,0.820513,0.866297
rev4_gold,S4,36,0.694444,0.916667,0.916667,0.787963,0.820597
rev4_gold,S4b,36,0.694444,0.888889,0.916667,0.768783,0.805057
rev4_gold,S7,36,0.916667,1.000000,1.000000,0.958333,0.969244
rev4_gold,S7a,36,0.916667,1.000000,1.000000,0.958333,0.969244
error_bank_rev5,S4,24,0.166667,0.875000,0.916667,0.450397,0.566490
error_bank_rev5,S4b,24,0.083333,0.875000,0.916667,0.412500,0.538812
error_bank_rev5,S7,24,0.625000,0.958333,1.000000,0.781250,0.836353
error_bank_rev5,S7a,24,0.666667,0.958333,1.000000,0.819444,0.865530
rev5_gold,S4,100,0.780000,0.960000,0.980000,0.850944,0.882704
rev5_gold,S4b,100,0.700000,0.960000,0.980000,0.811024,0.853273
rev5_gold,S7,100,0.880000,1.000000,1.000000,0.940000,0.955712
rev5_gold,S7a,100,0.900000,0.990000,0.990000,0.945000,0.956784
